"STASLIST","LOC","STA","STA2","STATION","NAME","LHOLD","HOLDCERT","NEARTOWN","COUNTY","STATE","REGION","LATITUDE","LONGITUDE","PRECISION","SOURCE","DATUM","DECLAT","DECLNG","NAD83","ELEV","STRATUM","BCR","HABITAT","D89","D90","D91","D92","D93","D94","D95","D96","D97","D98","D99","D00","D01","D02","D03","D04","D05","D06","Y07","D07","Y08","D08","Y09","D09","Y10","D10","Y11","D11","Y12","D12","Y13","D13","Y14","D14","Y15","D15","Y16","D16","Y17","D17","Y18","D18","HISTORY","YRSOP"
"12205 - CSWA - CSWA - Colorado Springs","CSWA",12205,"12205U","CSWA","Colorado Springs","S",,"Fountain","El Paso","CO","2","38 36 30","-104 40 20","10S","-","-",38.60833,-104.67222,"-",1600,87,18,"riparian woodland",,,,,"X","X",,,,,,,,,,,,,,,,,,,,,,,,,,,,,,,,,,,,,"93-94",2
"13301 - ROGE - ROGE - Rogers City","ROGE",13301,"13301U","ROGE","Rogers City","C","?","Rogers City","Presque Isle","MI","3","45 25 10","-083 50 00","10S","-","-",45.41944,-83.83333,"-",197,28,12,"mixed cedar-aspen forest","X","X","X","X","X","X","X","X","X","X","X","X","X","X","X","X","X",,,,,,,,,,,,,,,,,,,,,,,,,,"89-05",17
"13302 - CWBS - CWBS - Crow Wing 1","CWBS",13302,"13302S","CWBS","Crow Wing 1","P","+","Emily","Crow Wing","MN","3","46 43 20","-093 59 40","10S","-","-",46.72222,-93.99444,"-",386,20,12,"mature northern hardwoods","X","X","X","X","X","X","X","X","X","X","X","X",,,,,,,,,,,,,,,,,,,,,,,,,,,,,,,"89-00",12
"13303 - BBO- - BLAB - Beaverhill Lab","BBO-",13303,"13303S","BLAB","Beaverhill Lab","FS","+","Tofield","n/a","AB","3","53 22 50","-112 31 39","01S","-","-",53.38056,-112.5275,"-",670,30,11,"young poplar/aspen/willow/adj to ripar.","X","X","X","X","X","X","X","X","X","X","X","X","X","X","X","X","X","X","X","X","X","X","X","X","X","X","X","X","X","X","X","X","X","X","X","X","X","X","X","X","X","X","89-19,21-",33
"13304 - SAC- - SAC- - Schlitz","SAC-",13304,"13304U","SAC-","Schlitz","P","?","Fox Point","Milwaukee","WI","3","43 10 20","-087 53 20","10S","-","-",43.17222,-87.88889,"-",210,16,23,"mixed wooded ""islands"" in grass.","X","X","X","X","X",,"X","X",,,,,,,,,,,,,,,,,,,,,,,,,,,,,,,,,,,"89-93,95-96",7
"13305 - CARP - CARP - Carpenter","CARP",13305,"13305U","CARP","Carpenter","P",,"Point Douglas","Washington","MN","3","44 45 50","-092 49 00","10S","-","-",44.76389,-92.81667,"-",240,17,22,"deciduous oak savanna",,"X","X","X","X","X","X","X","X","X",,,,,,,,,,,,,,,,,,,,,,,,,,,,,,,,,"90-98",9
"13306 - TDNC - TDNC - Dodge Nature Center","TDNC",13306,"13306U","TDNC","Dodge Nature Center","P",,"St. Paul","Dakota","MN","3","44 53 50","-093 05 50","10S","-","-",44.89722,-93.09722,"-",311,40,23,"meadow/prairie edge/soft woods",,"X","X","X","X","X","X","X","X","X",,,,,,,,,,,,,,,,,,,,,,,,,,,,,,,,,"90-98",9
"13307 - FONT - FONT - Fontenelle Forest","FONT",13307,"13307U","FONT","Fontenelle Forest","IW","+","Bellevue","Sarpy","NE","3","41 10 37","-095 53 27","01S","Web-findlatlong","NAD83",41.17694,-95.89083,"x",296,32,22,"floodplain forest",,"X","X","X","X","X","X","X","X","X",,,,,,,,,,,,,,,,,,,,,,,,,,,,,,,,,"90-98",9
"13308 - PITS - PIFI - Pitsfield","PITS",13308,"13308S","PIFI","Pitsfield","P","+","Vicksburg","Kalamazoo","MI","3","42 10 02","-085 31 03","01S","Google Earth","NAD83",42.16722,-85.5175,"x",210,16,23,"mixed oak-hickory forest",,"X","X","X","X","X","X","X","X","X","X","X","X","X","X","X","X","X","X","X","X","X","X","X","X","X","X","X","X","X","X","X","X","X","X","X","X","X","X","X","X","X","90-",33
"13309 - WATE - M1-- - Waterfall Glen","WATE",13309,"13309U","M1--","Waterfall Glen","C","+","Bolingbrook","DuPage","IL","3","41 41 55","-087 59 02","01S","GPS","NAD83",41.69861,-87.98389,"x",217,16,22,"deciduous woodland",,,"X","X","X","X","X","X","X","X","X","X","X","X","X","X","H","H","X","X","X","X","X","X","X","X","X","X","X","X","X","X","X","X","X","X","X","X","X","X","X","X","91-",32
"13310 - WHIT - WHRI - White River","WHIT",13310,"13310U","WHRI","White River","P","?","Kadoka","Jackson","SD","3","43 48 00","-101 30 00","01M","-","-",43.8,-101.5,"-",9999,39,17,"river bottom",,,"X","X",,,,,,,,,,,,,,,,,,,,,,,,,,,,,,,,,,,,,,,"91-92",2
"13311 - CWBS - SPAM - Crow Wing 2","CWBS",13311,"13302S","SPAM","Crow Wing 2","P","+","Emily","Crow Wing","MN","3","46 43 20","-093 59 40","10S","-","-",46.72222,-93.99444,"-",386,20,12,"mature northern hardwoods",,,,"X",,,,,,,,,,,,,,,,,,,,,,,,,,,,,,,,,,,,,,,"92",1
"13312 - QUAP - QUAP - Qu'Appelle Valley","QUAP",13312,"13312U","QUAP","Qu'Appelle Valley","F","+","Whitewood","n/a","SK","3","50 29 10","-102 14 30","10S","-","-",50.48611,-102.24167,"-",457,30,11,"deciduous forest",,,,"X","X","X","X","X","X",,,,,,,,,,,,,,,,,,,,,,,,,,,,,,,,,,"92-97",6
"13313 - HIAW - PIAT - Piatt Lake","HIAW",13313,"13313U","PIAT","Piatt Lake","P","?","Strongs","Chippewa","MI","3","46 25 00","-084 58 50","10S","-","-",46.41667,-84.98056,"-",259,28,12,"mixed upland hardwood forest",,,,"X","X",,,,,,,,,,,,,,,,,,,,,,,,,,,,,,,,,,,,,,"92-93",2
"13314 - HIAW - SUPE - Supe","HIAW",13314,"13314U","SUPE","Supe","P","?","Strongs","Chippewa","MI","3","46 26 10","-084 57 50","10S","-","-",46.43611,-84.96389,"-",276,28,12,"northern hardwood forest, scrub",,,,"X","X",,,,,,,,,,,,,,,,,,,,,,,,,,,,,,,,,,,,,,"92-93",2
"13315 - HIAW - PDLS - Pendill's","HIAW",13315,"13315U","PDLS","Pendill's","P","?","Raco","Chippewa","MI","3","46 26 00","-084 47 50","10S","-","-",46.43333,-84.79722,"-",200,28,12,"mixed upland hardwood forest",,,,"X","X",,,,,,,,,,,,,,,,,,,,,,,,,,,,,,,,,,,,,,"92-93",2
"13316 - HIAW - BIGD - Big Dave's","HIAW",13316,"13316U","BIGD","Big Dave's","P","?","Strongs","Chippewa","MI","3","46 27 30","-084 57 00","10S","-","-",46.45833,-84.95,"-",239,28,12,"mixed upland hardwood forest",,,,"X","X",,,,,,,,,,,,,,,,,,,,,,,,,,,,,,,,,,,,,,"92-93",2
"13317 - GRFA - ULM- - Ulm","GRFA",13317,"13317U","ULM-","Ulm","S","+","Ulm","Cascade","MT","3","47 25 22","-111 29 19","01S","-","NAD83",47.42278,-111.48861,"x",1015,39,11,"mature riparian woodland",,,,"X","X","X","X","X","X","X","X","X","X","X","X","X","X","X","X","X","X","X","X","X","X","X",,,,,,,,,,,,,,,,,"92-10",19
"13318 - INBS - INBS - Inglewood","INBS",13318,"13318U","INBS","Inglewood","FR","+","Calgary","n/a","AB","3","51 01 27","-114 00 36","01S","GPS","NAD83",51.02417,-114.01,"x",1000,30,11,"riparian woodland",,,,"X","X",,"X","X","X","X","X","X","X","X","X","X","X","X","X","X","X","X","X","X","X","X","X","X","X","X","X","L","X","X","X","X","X","X","X","X","X","X","92-93,95-",30
"13319 - STBR - STBR - Stonebraker","STBR",13319,"13319U","STBR","Stonebraker","C","+","Republic","Seneca","OH","3","41 10 56","-083 03 39","01S","Web - Google E.","NAD83",41.18222,-83.06083,"x",234,31,22,"upland woods/man. upland field",,,,"X","X","X","X","X","X",,,,,,,"X","X","X","X","X","X","X","X","X","X","X","X","X",,,,,,,,,,,,,,,"92-97,04-11",14
"13320 - BSBO - NAVA - Navarre Marsh","BSBO",13320,"13320U","NAVA","Navarre Marsh","P","+","Lacarne","Ottawa","OH","3","41 35 00","-083 15 00","BLK","-","-",41.58333,-83.25,"-",180,16,22,"remnant beach ridge/lake/swamp",,,,"X","X","X","X","X","X","X","X","X","X","X","X","X","X","X","X","X","X","X","X","X","X","X","X","X","X","X","X","X","X","X","X","X",,,,,,,"92-15",24
"13321 - SENE - SENE - J-Pool","SENE",13321,"13321U","SENE","J-Pool","IW","+","Seney","Schoolcraft","MI","3","46 18 00","-085 58 10","10S","-","-",46.3,-85.96944,"-",218,28,12,"alder thicket/marsh/pine islands",,,,"X","X","X","X","X","X","X","X","L",,,,,,,,,,,,,,,,,,,,,,,,,,,,,,,"92-00",9
"13322 - HARS - HARS - Hars","HARS",13322,"13322U","HARS","Hars","P",,"Bruce","Brookings","SD","3","44 27 30","-096 51 40","10S","-","-",44.45833,-96.86111,"-",520,37,11,"woodlot/cropland/prairie mosaic",,,,,"X","X","X","X","X",,,,,,,,,,,,,,,,,,,,,,,,,,,,,,,,,,"93-97",5
"13323 - MNVA - MNVA - Blick Estate","MNVA",13323,"13323U","MNVA","Blick Estate","IW",,"Bloomington","Dakota","MN","3","44 48 00","-093 13 00","01M","-","-",44.8,-93.21667,"-",219,40,23,"shrub/scrub wet meadow",,,,,"X","X",,,,,,,,,,,,,,,,,,,,,,,,,,,,,,,,,,,,,"93-94",2
"13324 - KJOS - KJOS - Kajer's","KJOS",13324,"13324U","KJOS","Kajer's","P",,"Lena","Oconto","WI","3","44 52 40","-088 01 50","10S","-","-",44.87778,-88.03056,"-",216,20,23,"n. hardwood swamp/scrub",,,,,"X","X","X","X","X","X","X","X","X","X","X",,,,,,,,,,,,,,,,,,,,,,,,,,,,"93-03",11
"13325 - WOLF - WOLF - Wolf Ridge","WOLF",13325,"13325U","WOLF","Wolf Ridge","P","+","Finland","Lake","MN","3","47 22 56","-091 11 47","01S","GPS","NAD83",47.38222,-91.19639,"x",381,28,12,"upland deciduous forest",,,,,"X","X","X","X","X","X","X","X","X","X","X","X","X","X","X","X","X","X","X","X","X","X","X","X","X","X","X","X","X","X","X","X","X","X","X","X","X","X","93-",30
"13326 - LEAV - FOSU - Fort Sully","LEAV",13326,"13326U","FOSU","Fort Sully","DA","+","Leavenworth","Leavenworth","KS","3","39 21 18","-094 56 07","01S","-","-",39.355,-94.93528,"-",274,32,22,"upland deciduous forest",,,,,"X","X","X","X","X","X","X","X","X","X",,,,,,,,,,,,,,,,,,,,,,,,,,,,,"93-02",10
"13327 - LEAV - NOWE - North Weston","LEAV",13327,"13327U","NOWE","North Weston","DA","+","Leavenworth","Leavenworth","KS","3","39 23 10","-094 53 30","10S","-","-",39.38611,-94.89167,"-",235,32,22,"bottomland deciduous forest",,,,,"X","X","X","X","X","X","X","X","X","X",,,,,,,,,,,,,,,,,,,,,,,,,,,,,"93-02",10
"13328 - LEAV - CAMI - Camp Miles","LEAV",13328,"13328U","CAMI","Camp Miles","DA","+","Leavenworth","Leavenworth","KS","3","39 22 06","-094 55 44","01S","-","-",39.36833,-94.92889,"-",259,32,22,"upland deciduous forest",,,,,"X","X","X","X","X","X","X","X","X","X",,,,,,,,,,,,,,,,,,,,,,,,,,,,,"93-02",10
"13329 - LEAV - SOWE - South Weston","LEAV",13329,"13329U","SOWE","South Weston","DA","+","Leavenworth","Leavenworth","KS","3","39 22 10","-094 53 30","10S","-","-",39.36944,-94.89167,"-",233,32,22,"bottomland deciduous forest",,,,,"X","X","X","X","X","X","X","X","X","X",,,,,,,,,,,,,,,,,,,,,,,,,,,,,"93-02",10
"13330 - WABY - WABY - Waubay NWR","WABY",13330,"13330U","WABY","Waubay NWR","IW","+","Grenville","Day","SD","3","45 25 00","-097 20 00","01M","-","-",45.41667,-97.33333,"-",544,37,11,"bur oak/riparian",,,,,,"X","X","X",,,,,,,,,,,,,,,,,,,,,,,,,,,,,,,,,,,"94-96",3
"13331 - PILK - PILK - Pickerel Lake East","PILK",13331,"13331U","PILK","Pickerel Lake East","S",,"Grenville","Day","SD","3","45 29 00","-097 16 00","01M","-","-",45.48333,-97.26667,"-",579,37,11,"upland prairie/riparian",,,,,,"X","X",,,,,,,,,,,,,,,,,,,,,,,,,,,,,,,,,,,,"94-95",2
"13332 - PITS - KING - Kings","PITS",13332,"13308S","KING","Kings","P","+","Vicksburg","Kalamazoo","MI","3","42 10 03","-085 30 30","01S","Google Earth","NAD83",42.1675,-85.50833,"x",213,16,23,"mixed hardwoods/coniferous",,,,,,"X","X","X","X","X",,,,,,,,,,,,,,,,,,,,,,,,,,,,,,,,,"94-98",5
"13333 - BBO- - WEIR - Weir","BBO-",13333,"13303S","WEIR","Weir","FS","+","Tofield","n/a","AB","3","53 22 48","-112 30 19","01S","-","-",53.38,-112.50528,"-",671,30,11,"Balsam poplar/aspen/willow/adj to ripar.",,,,,,"X","X","X","X","X","X","X","X","X","X","X","X","X","X","X","X","X","X","X","X","X","X","X","X","X","X","X","X","X","X","X",,,,,,,"94-15",22
"13334 - BSBO - BLHE - Blue Heron","BSBO",13334,"13334U","BLHE","Blue Heron","C","+","Vickery","Sandusky","OH","3","41 25 00","-082 55 00","10M","-","-",41.41667,-82.91667,"-",177,16,22,"old field with dogwood islands",,,,,,"X","X","X","X","X","X","X","X","X","X","X","X","X","X","X",,,,,,,,,,,,,,,,,,,,,,,"94-07",14
"13335 - BELW - MRSH - Belwin","BELW",13335,"13335U","MRSH","Belwin","P","+","Afton","Washington","MN","3","44 55 10","-092 47 00","10S","-","-",44.91944,-92.78333,"-",207,17,22,"upland deciduous forest/marsh",,,,,,,"X","X","X","X","X","X","X","X",,,,,,,,,,,,,,,,,,,,,,,,,,,,,"95-02",8
"13336 - FSNO - BRUS - Fallingsnow 1","FSNO",13336,"13336S","BRUS","Fallingsnow 1","FF","+","Kakabeka Falls","Thunder Bay","ON","3","48 09 50","-089 49 10","10S","-","-",48.16389,-89.81944,"-",400,28,12,"spruce plantation",,,,,,,"X","X","X","X",,,,,,,,,,,,,,,,,,,,,,,,,,,,,,,,,"95-98",4
"13337 - FSNO - RELE - Fallingsnow 2","FSNO",13337,"13336S","RELE","Fallingsnow 2","FF","+","Kakabeka Falls","Thunder Bay","ON","3","48 10 00","-089 49 10","10S","-","-",48.16667,-89.81944,"-",400,28,12,"spruce plantation",,,,,,,"X","X","X","X",,,,,,,,,,,,,,,,,,,,,,,,,,,,,,,,,"95-98",4
"13338 - FSNO - CONT - Fallingsnow 3","FSNO",13338,"13336S","CONT","Fallingsnow 3","FF","+","Kakabeka Falls","Thunder Bay","ON","3","48 10 10","-089 49 10","10S","-","-",48.16944,-89.81944,"-",400,28,12,"spruce plantation",,,,,,,"X","X","X","X",,,,,,,,,,,,,,,,,,,,,,,,,,,,,,,,,"95-98",4
"13339 - FSNO - FAL4 - Fallingsnow 4","FSNO",13339,"13336S","FAL4","Fallingsnow 4","FF","+","Kakabeka Falls","Thunder Bay","ON","3","48 10 10","-089 49 00","10S","-","-",48.16944,-89.81667,"-",400,28,12,"spruce plantation",,,,,,,"X","X","X","X",,,,,,,,,,,,,,,,,,,,,,,,,,,,,,,,,"95-98",4
"13340 - FSNO - VISI - Fallingsnow 5","FSNO",13340,"13336S","VISI","Fallingsnow 5","FF","+","Kakabeka Falls","Thunder Bay","ON","3","48 09 50","-089 48 50","10S","-","-",48.16389,-89.81389,"-",400,28,12,"spruce plantation",,,,,,,"X","X","X","X",,,,,,,,,,,,,,,,,,,,,,,,,,,,,,,,,"95-98",4
"13341 - MNRA - MNRA - MacBride Nature Area","MNRA",13341,"13341U","MNRA","MacBride Nature Area","DX","+","Solon","Johnson","IA","3","41 46 30","-091 34 20","10S","-","-",41.775,-91.57222,"-",230,32,22,"deciduous forest",,,,,,,"X","X","X",,,,,,,,,,,,,,,,,,,,,,,,,,,,,,,,,,"95-97",3
"13342 - EARC - EARC - EARC","EARC",13342,"13342U","EARC","EARC","P",,"Chariton","Lucas","IA","3","40 57 00","-093 19 00","01M","-","-",40.95,-93.31667,"-",314,32,22,"upland deciduous forest",,,,,,,,"X",,,,,,,,,,,,,,,,,,,,,,,,,,,,,,,,,,,"96",1
"13343 - BUBO - BUBO - Gordon Bubolz","BUBO",13343,"13343U","BUBO","Gordon Bubolz","P",,"Appleton","Outagamie","WI","3","44 19 10","-088 27 00","10S","-","-",44.31944,-88.45,"-",250,20,23,"white cedar forest",,,,,,,,"X","X","X",,,,,,,,,,,,,,,,,,,,,,,,,,,,,,,,,"96-98",3
"13344 - PETO - PETO - Petoskey","PETO",13344,"13344U","PETO","Petoskey","P",,"Petoskey","Emmet","MI","3","45 22 20","-084 57 20","10S","-","-",45.37222,-84.95556,"-",195,20,12,"shrub/swamp",,,,,,,,"X",,,,,,,,,,,,,,,,,,,,,,,,,,,,,,,,,,,"96",1
"13345 - TGPP - TGPP - Saranchuk","TGPP",13345,"13345U","TGPP","Saranchuk","FR","+","Gardenton","Stuartburn","MB","3","49 10 44","-096 40 42","01S","GPS","NAD83",49.17889,-96.67833,"x",274,30,11,"tallgrass prairie/aspen parkland",,,,,,,,"X","X","X","X","X",,"X","X","X",,,"X","X","X","X","X","X","X","X","X","X","X","X","X","X","X","X","X","X","X","X","X","X","X","X","96-00,02-04,07-",24
"13346 - FSNO - WD-- - Wood","FSNO",13346,"13336S","WD--","Wood","FF","+","Kakabeka Falls","Thunder Bay","ON","3","48 09 50","-089 49 30","10S","-","-",48.16389,-89.825,"-",400,28,12,"aspen/mixwood forest",,,,,,,,"X","X","X",,,,,,,,,,,,,,,,,,,,,,,,,,,,,,,,,"96-98",3
"13347 - BBO- - BPRK - Park","BBO-",13347,"13303S","BPRK","Park","FS","+","Tofield","n/a","AB","3","53 22 34","-112 31 45","01S","-","-",53.37611,-112.52917,"-",670,30,11,"Balsam poplar/aspen/willow/no shrub",,,,,,,,"X","X","X","X","X","X","X","X","X","X","X","X","X","X","X","X","X","X","X","X","X","X","X","X","X","X","X","X","X",,,,,,,"96-15",20
"13348 - RORI - RORI - Rocky Ridge","RORI",13348,"13348U","RORI","Rocky Ridge","P",,"Custer","Custer","SD","3","43 46 50","-103 38 10","10S","-","-",43.78056,-103.63611,"-",1800,61,17,"ponderosa pine forest",,,,,,,,"X",,,,,,,,,,,,,,,,,,,,,,,,,,,,,,,,,,,"96",1
"13349 - CWBO - NECD - Newport Chemical Depot","CWBO",13349,"13349U","NECD","Newport Chemical Depot","DA","+","Newport","Vermillion","IN","3","39 51 41","-087 26 35","01S","-","-",39.86139,-87.44306,"-",190,31,24,"forest/shrub/grassland/agric.",,,,,,,,,"X",,"X","X","X",,,,,,,,,,,,,,,,,,,,,,,,,,,,,,"97,99-01",4
"13350 - PEWK - PEWK - Pewaukee","PEWK",13350,"13350U","PEWK","Pewaukee","P","+","Hartland","Waukesha","WI","3","43 05 20","-088 18 40","10S","-","-",43.08889,-88.31111,"-",260,16,23,"herbaceous ?/deciduous forest",,,,,,,,,"X","X","X","X","X",,,,,,,,,,,,,,,,,,,,,,,,,,,,,,"97-01",5
"13351 - VBLK - VBLK - Van Buren Lake","VBLK",13351,"13351U","VBLK","Van Buren Lake","S","+","Van Buren","Hancock","OH","3","41 07 40","-083 38 10","10S","-","-",41.12778,-83.63611,"-",240,16,22,"mixed hardwood forest/pines",,,,,,,,,"X","X","X","X",,,,,,,,,,,,,,,,,,,,,,,,,,,,,,,"97-00",4
"13352 - FLBC - FLC1 - Forest Lake 1","FLBC",13352,"13352S","FLC1","Forest Lake 1","P","+","Floris","Wapello","IA","3","40 56 20","-092 22 50","10S","-","-",40.93889,-92.38056,"-",200,32,22,"deciduous woodland/grassland",,,,,,,,,"X","X","X",,"X","X",,,,,,,,,,,,,,,,,,,,,,,,,,,,,"97-99,01-02",5
"13353 - FLBC - FLC2 - Forest Lake 2","FLBC",13353,"13352S","FLC2","Forest Lake 2","P","+","Floris","Wapello","IA","3","40 56 20","-092 23 00","10S","-","-",40.93889,-92.38333,"-",200,32,22,"deciduous shrubland/grassland",,,,,,,,,"X","X",,,,,,,,,,,,,,,,,,,,,,,,,,,,,,,,,"97-98",2
"13354 - SUNF - WECR - Weiss Creek","SUNF",13354,"13354U","WECR","Weiss Creek","AF","+","Isabella","Lake","MN","3","47 39 21","-091 27 40","01S","GIS - ArcView","NAD83",47.65583,-91.46111,"x",540,28,12,"upland mixed conifer with openings/rip.",,,,,,,,,,,,,,,,,,,"X","X","X","X","X","X","X","X","X","X","X","X","X","X","X","X","X","X","X","X","X","X","X","X","07-",16
"13355 - SBBO - SBBO - Sand Bluff","SBBO",13355,"13355U","SBBO","Sand Bluff","P",,"Shirland","Winnebago","IL","3","42 28 50","-089 14 30","10S","-","-",42.48056,-89.24167,"-",220,17,23,"oak savanna",,,,,,,,,"X","X","X","X","X","X",,,,,,,,,,,,,,,,,,,,,,,,,,,,,"97-02",6
"13356 - BSBO - CHRI - ?","BSBO",13356,"13356U","CHRI","?","P",,"Fremont","Sandusky","OH","3","41 25 00","-083 05 00","BLK","-","-",41.41667,-83.08333,"-",9999,16,22,"dogwood thicket/riparian corridor",,,,,,,,,"X","X","X","X","X",,,,,,,,,,,,,,,,,,,,,,,,,,,,,,"97-01",5
"13357 - BSBO - OAKS - Oak Openings","BSBO",13357,"13357U","OAKS","Oak Openings","C","+","Whitehouse","Lucas","OH","3","41 35 00","-083 55 00","BLK","-","-",41.58333,-83.91667,"-",9999,16,22,"oak savanna/barrens",,,,,,,,"X","X","X","X","X","X","X","X","X","X","X","X","X","X","X","X","X","X","X","X","X","X","X","X","X","X","X","X","X","X","X","X","X","X","X","96-",27
"13358 - ACNW - ACNW - Audubon Center","ACNW",13358,"13358U","ACNW","Audubon Center","P",,"Sandstone","Pine","MN","3","46 07 40","-093 00 20","10S","-","-",46.12778,-93.00556,"-",330,20,12,"mixed woodland/mixed shrubland",,,,,,,,,,"X","X","X","X","X","X",,,,,,,,,,,,,,,,,,,,,,,,,,,,"98-03",6
"13359 - CWBO - MGBS - Mary Gray Bird Sanctuary","CWBO",13359,"13359U","MGBS","Mary Gray Bird Sanctuary","P","+","Connersville","Fayette","IN","3","39 35 24","-085 13 30","01S","-","-",39.59,-85.225,"-",289,31,22,"2nd deciduous forest/grassland",,,,,,,,,,,"X","X",,,,,,,,,,,,,,,,,,,,,,,,,,,,,,,"99-00",2
"13360 - ACBO - ACBO - Alma College Bird Obs.","ACBO",13360,"13360U","ACBO","Alma College Bird Obs.","P","+","Vestaburg","Montcalm","MI","3","43 23 50","-084 53 30","01M","-","-",43.39722,-84.89167,"-",259,20,23,"deciduous forest",,,,,,,,,,,"X","X","X","X","X","X","X",,,,,,,,,,,,,,,,,,,,,,,,,,"99-05",7
"13361 - NOOA - NOOA - North Oaks","NOOA",13361,"13361U","NOOA","North Oaks","P","+","North Oaks","Ramsey","MN","3","45 05 50","-093 03 48","01S","GPS","NAD83",45.09722,-93.06333,"x",274,20,23,"willow scrub wetland / oak savanna",,,,,,,,,,,"X","X","X","X","X","X","X","X","X","X","X","X","X","X","X","X",,,,,,,,,,,,,,,,,"99-10",12
"13362 - SHCH - SHIA - Shiawassee NWR","SHCH",13362,"13362U","SHIA","Shiawassee NWR","IW","+","Saginaw","Saginaw","MI","3","43 20 55","-084 00 50","01S","GPS","NAD83",43.34861,-84.01389,"x",178,16,12,"grassland/floodplain forest",,,,,,,,,,,"X","X","X","X","X","X","X","X","X","X","X","X",,,,,,,,,,,,,,,,,,,,,"99-08",10
"13363 - LAWR - LAWR - Lawrence Woods","LAWR",13363,"13363U","LAWR","Lawrence Woods","P",,"Kenton","Hardin","OH","3","40 34 15","-083 37 05","01S","-","-",40.57083,-83.61806,"-",305,31,22,"deciduous woodland/meadow",,,,,,,,,,,"X","X",,,,,,,,,,,,,,,,,,,,,,,,,,,,,,,"99-00",2
"13364 - RENC - RENC - River Edge Nature Center","RENC",13364,"13364U","RENC","River Edge Nature Center","P","+","Newburg","Washington","WI","3","43 26 14","-088 00 52","01S","GPS","NAD83",43.43722,-88.01444,"x",280,16,23,"deciduous forest/deciduous shrubl",,,,,,,,,,,"X","X","X","X","X","X","X","X","X","X","X","X","X","X","X","X","X","X","X","X","X","X",,,,,"X","X","X","X","X","X","99-13,16-",22
"13365 - MIWO - MIWO - Miller Woods","MIWO",13365,"13365U","MIWO","Miller Woods","IP","+","Gary","Lake","IN","3","41 36 38","-087 16 30","01S","-","NAD83",41.61056,-87.275,"x",183,16,23,"dune & swale savanna and wetlands",,,,,,,,,,,"X","X","X","X","X","X","X","X","X","X","X","X","X","X",,,,,,,,,,,,,,,,,,,"99-09",11
"13366 - BRMS - BRMS - Buffalo Riv. Monitor. Sta","BRMS",13366,"13366U","BRMS","Buffalo Riv. Monitor. Sta","S",,"Glyndon","Clay","MN","3","46 52 01","-096 27 09","01S","-","-",46.86694,-96.4525,"-",300,40,11,"grassland/deciduous forest",,,,,,,,,,,,"X","X","X","X","X","X","X","X",,"X",,,,,,,,,,,,,,,,,,,,,,"00-08",9
"13367 - KIWA - KIWA - 1961 Kirtland's Warbler","KIWA",13367,"13367U","KIWA","1961 Kirtland's Warbler","IW",,"Rose City","Ogemaw","MI","3","44 26 00","-084 17 00","01M","-","-",44.43333,-84.28333,"-",381,20,12,"evergreen forest",,,,,,,,,,,,"X","X","X",,,,,,,,,,,,,,,,,,,,,,,,,,,,,"00-02",3
"13368 - HNAP - HNAP - Hitchcock Nature Area -Pk","HNAP",13368,"13368U","HNAP","Hitchcock Nature Area -Pk","C",,"Honey Creek","Pottawattamie","IA","3","41 24 50","-095 52 00","01S","-","-",41.41389,-95.86667,"-",396,32,22,"bur oak-hickory forest/dogwd. edg",,,,,,,,,,,,,"X",,,,,,,,,,,,,,,,,,,,,,,,,,,,,,"01",1
"13369 - BOCH - BOCH - Boyer Chute NWR","BOCH",13369,"13369U","BOCH","Boyer Chute NWR","IW","+","Ft. Calhoun","Washington","NE","3","41 27 30","-095 56 00","01S","-","-",41.45833,-95.93333,"-",305,32,22,"Cottonwood-mulberry riparian corr",,,,,,,,,,,,,"X","X","X","X","X","X","X","X","X","X","X","X",,,,,,,,,,,,,,,,,,,"01-09",9
"13370 - MELC - MLFS - Merry Lea Farmstead","MELC",13370,"13370S","MLFS","Merry Lea Farmstead","P","+","Wolf Lake","Noble","IN","3","41 19 16","-085 30 24","01S","-","NAD83",41.32111,-85.50667,"x",277,16,23,"oldfield/woodlots/thickets/wetland",,,,,,,,,,,,,,"X","X","X","X","X","X","X","X","X","X","X","X","X","X","X","X","X","X","X","X","X","X","X","X","X","X","X",,,"02-17",16
"13371 - MELC - MLWM - Merry Lea Wilmer Meadow","MELC",13371,"13370S","MLWM","Merry Lea Wilmer Meadow","P","+","Wolf Lake","Noble","IN","3","41 18 59","-085 30 37","01S","-","NAD83",41.31639,-85.51028,"x",275,16,23,"oldfield/wet woodland/thickets",,,,,,,,,,,,,,"X","X","X","X","X","X","X","X","X","X","X","X","X","X","X","X","X","X","X","X","X","X","X","X","X","X","X","X","X","02-19,21-",20
"13372 - EACR - SEEC - Scissons Envir. Ed. Cent.","EACR",13372,"13372U","SEEC","Scissons Envir. Ed. Cent.","FC","+","Arelee","RM #376 Eagle Creek","SK","3","52 19 45","-107 23 40","01S","-","-",52.32917,-107.39444,"-",495,37,11,"native prairie/grassland/shrublnd",,,,,,,,,,,,,"X","X","X","X","X",,,,,,,,,,,,,,,,,,,,,,,,,,"01-05",5
"13373 - BCRE - FRSA - Beaver Creek Reserve FRS","BCRE",13373,"13373U","FRSA","Beaver Creek Reserve FRS","P","+","Fall Creek","Eau Claire","WI","3","44 48 34","-091 10 57","01S","GPS","NAD83",44.80944,-91.1825,"x",295,17,23,"mixed woodl./crk floodpln/restored prair",,,,,,,,,,,,,,,"X","X","X","X","X","X","X","X","X","X","X","X","X","X","X","X","X","X","X","X","X","X","X","X","X","X","X","X","03-",20
"13374 - WFBS - WFBS - Whitford Farm","WFBS",13374,"13374U","WFBS","Whitford Farm","P","+","Harrisville","Marquette","WI","3","43 53 37","-089 20 57","01S","-","-",43.89361,-89.34917,"-",260,17,23,"deciduous woods/oldfield/wetland",,,,,,,,,,,,,,,,"X",,,,,,,,,,,,,,,,,,,,,,,,,,,"04",1
"13375 - WCTG - MOFE - Mormon Field Eight","WCTG",13375,"13375S","MOFE","Mormon Field Eight","P","+","Grand Island","Hall","NE","3","40 47 45","-098 24 17","01S","GIS - ArcView","NAD83",40.79583,-98.40472,"x",579,34,19,"post-hayed meadow",,,,,,,,,,,,,,"X","X","X","X","X","X","X",,,,,,,,,,,,,,,,,,,"X","X","X","X","02-07,17-19",9
"13376 - WCTG - MOFF - Mormon Field Five","WCTG",13376,"13375S","MOFF","Mormon Field Five","P","+","Grand Island","Hall","NE","3","40 47 25","-098 26 45","01S","GIS - ArcView","NAD83",40.79028,-98.44583,"x",579,34,19,"tall grass prairie",,,,,,,,,,,,,,"X",,"X","X","X","X","X",,,,,,,,,,,,,,,,,,,,,,,"02,04-07",5
"13377 - WCTG - MOFN - Mormon Field Nine","WCTG",13377,"13375S","MOFN","Mormon Field Nine","P","+","Grand Island","Hall","NE","3","40 47 21","-098 25 54","01S","GIS - ArcView","NAD83",40.78917,-98.43167,"x",579,34,19,"tall grass prairie",,,,,,,,,,,,,,"X",,,,,,,,,,,,,,,,,,,,,,,,,,,,,"02",1
"13378 - WCTG - MOFS - Mormon Field Six","WCTG",13378,"13375S","MOFS","Mormon Field Six","P","+","Grand Island","Hall","NE","3","40 47 34","-098 25 56","01S","GIS - ArcView","NAD83",40.79278,-98.43222,"x",579,34,19,"rested native grassland",,,,,,,,,,,,,,"X",,,,,,,,,,,,,,,,,,,,,,,,,,,,,"02",1
"13379 - WCTG - MOFT - Mormon Field Three","WCTG",13379,"13375S","MOFT","Mormon Field Three","P","+","Grand Island","Hall","NE","3","40 48 07","-098 24 34","01S","GIS - ArcView","NAD83",40.80194,-98.40944,"x",579,34,19,"post-burn wet meadow",,,,,,,,,,,,,,"X","X","X","X","X","X","X",,,,,,,,,,,,,,,,,,,,,,,"02-07",6
"13380 - WCTG - MOFV - Mormon Field Seven","WCTG",13380,"13375S","MOFV","Mormon Field Seven","P","+","Doniphan","Hall","NE","3","40 47 45","-098 25 00","01S","GIS - ArcView","NAD83",40.79583,-98.41667,"x",579,34,19,"managed mixed grass prairie",,,,,,,,,,,,,,"X",,,"X","X",,,,,,,,,,,,,,,,,,,,,,,,,"02,05-06",3
"13381 - WCTG - WRBS - Wild Rose Big Slough","WCTG",13381,"13375S","WRBS","Wild Rose Big Slough","P","+","Grand Island","Hall","NE","3","40 47 51","-098 26 35","01S","GIS - ArcView","NAD83",40.7975,-98.44306,"x",579,34,19,"post-burn meadow",,,,,,,,,,,,,,"X","X","X",,"X",,,,,,,,,,,,,,,,,,,,,"X","X",,,"02-04,06,17",5
"13382 - WCTG - WRPM - Wild Rose Pit Meadow","WCTG",13382,"13375S","WRPM","Wild Rose Pit Meadow","P","+","Grand Island","Hall","NE","3","40 47 03","-098 28 01","01S","GIS - ArcView","NAD83",40.78417,-98.46694,"x",579,34,19,"hayed meadow",,,,,,,,,,,,,,"X","X","X","X","X","X","X",,,,,,,,,,,,,,,,,,,"X","X","X","X","02-07,17-19",9
"13383 - WCTG - FONE - Field One","WCTG",13383,"13375S","FONE","Field One","P","+","Alda","Hall","NE","3","40 48 48","-098 24 58","01S","GIS - ArcView","NAD83",40.81333,-98.41611,"x",602,34,19,"tallgrass prairie",,,,,,,,,,,,,,,"X","X","X","X","X","X",,,,,,,,,,,,,,,,,,,"X","X",,,"03-07,17",6
"13384 - WCTG - NOME - North Meadow","WCTG",13384,"13375S","NOME","North Meadow","P","+","Alda","Hall","NE","3","40 47 17","-098 28 16","01S","GIS - ArcView","NAD83",40.78806,-98.47111,"x",602,34,19,"tallgrass prairie",,,,,,,,,,,,,,,"X","X","X","X","X","X",,,,,,,,,,,,,,,,,,,"X","X","X","X","03-07,17-19",8
"13385 - WCTG - CRME - Crane Meadows","WCTG",13385,"13375S","CRME","Crane Meadows","P","+","Alda","Hall","NE","3","40 47 16","-098 29 01","01S","GIS - ArcView","NAD83",40.78778,-98.48361,"x",602,34,19,"tallgrass prairie",,,,,,,,,,,,,,,"X","X",,,,,,,,,,,,,,,,,,,,,,,"X","X","X","X","03-04,17-19",5
"13386 - WCTG - MOFL - Mormon Island Fld Eleven","WCTG",13386,"13375S","MOFL","Mormon Island Fld Eleven","P","+","Grand Island","Hall","NE","3","40 47 32","-098 24 46","01S","GIS - ArcView","NAD83",40.79222,-98.41278,"x",602,34,19,"tallgrass prairie",,,,,,,,,,,,,,,"X",,,,,,,,,,,,,,,,,,,,,,,,,,,,"03",1
"13387 - WCTG - OFPA - Office Pasture","WCTG",13387,"13375S","OFPA","Office Pasture","P","+","Alda","Hall","NE","3","40 47 29","-098 27 22","01S","GIS - ArcView","NAD83",40.79139,-98.45611,"x",602,34,19,"tallgrass prairie",,,,,,,,,,,,,,,"X","X",,,"X","X",,,,,,,,,,,,,,,,,,,,,,,"03-04,07",3
"13388 - WCTG - MOFR - Mormon Island Field Four","WCTG",13388,"13375S","MOFR","Mormon Island Field Four","P","+","Grand Island","Hall","NE","3","40 47 50","-098 25 12","01S","GIS - ArcView","NAD83",40.79722,-98.42,"x",602,34,19,"tallgrass prairie",,,,,,,,,,,,,,,"X",,"X","X","X","X",,,,,,,,,,,,,,,,,,,"X","X",,,"03,05-07,17",5
"13389 - LUMS - CRAV - Craven","LUMS",13389,"13389U","CRAV","Craven","FR","+","Craven","Lumsden","SK","3","50 42 19","-104 50 40","01S","GPS","NAD83",50.70528,-104.84444,"x",500,30,11,"aspen-ash-willow riparian corridor",,,,,,,,,,,,,,,,,"X","X","X","X","X","X","X","X","X","X","X","X","X","X","X","X",,,"X","X","X","X","X","X","X","X","05-13,15-",17
"13390 - GOIS - GOI1 - Goose Island","GOIS",13390,"13390U","GOI1","Goose Island","C","+","La Crosse","La Crosse","WI","3","43 43 12","-091 12 51","01S","-","NAD83",43.72,-91.21417,"x",194,17,23,,,,,,,,,,,,,,,,"X","X","X","X","X","X",,,,,,,,,,,,,,,,,,,,,,,"03-07",5
"13391 - GOSU - GOSU - Governors St. Un. Bird Ob","GOSU",13391,"13391S","GOSU","Governors St. Un. Bird Ob","P",,"University Park","Will","IL","3","41 26 30","-087 42 35","01S","-","-",41.44167,-87.70972,"-",233,16,22,"oldfield and dense shrub",,,,,,,,,,,,,,,"X",,,,,,,,,,,,,,,,,,,,,,,,,,,,"03",1
"13392 - BUUN - RRCP - Rum River Central Park","BUUN",13392,"13392U","RRCP","Rum River Central Park","C","+","Andover","Anoka","MN","3","45 18 02","-093 22 48","01S","GPS","NAD83",45.30056,-93.38,"x",270,20,23,"mixed deciduous and riparian corridor",,,,,,,,,,,,,,,,,,"X","X","X","X","X","X","X","X","X","X","X","X","X","X","X","X","X","X","X","X","X","X","X","X","X","06-",17
"13393 - WCTG - FETW - Mormon Island Field Two","WCTG",13393,"13375S","FETW","Mormon Island Field Two","P","+","Doniphan","Hall","NE","3","40 48 16","-098 25 08","01S","GIS - ArcView","NAD83",40.80444,-98.41889,"x",579,34,19,"managed mixed grass prairie",,,,,,,,,,,,,,,,,"X","X","X","X",,,,,,,,,,,,,,,,,,,,,,,"05-07",3
"13394 - WCTG - MOPT - Mormon Pasture Twelve","WCTG",13394,"13394U","MOPT","Mormon Pasture Twelve","P","+","Doniphan","Hall","NE","3","40 48 33","-098 23 14","01S","GIS - ArcView","NAD83",40.80917,-98.38722,"x",579,34,19,"managed mixed grass prairie",,,,,,,,,,,,,,,,,"X","X","X","X",,,,,,,,,,,,,,,,,,,,,,,"05-07",3
"13395 - WCTG - WRMP - Wild Rose Middle Pasture","WCTG",13395,"13375S","WRMP","Wild Rose Middle Pasture","P","+","Alda","Hall","NE","3","40 47 40","-098 26 55","01S","GIS - ArcView","NAD83",40.79444,-98.44861,"x",579,34,19,"managed mixed grass prairie",,,,,,,,,,,,,,,,,"X",,,,,,,,,,,,,,,,,,,,,,,,,,"05",1
"13396 - EAGB - EAGB - Eagle Bluffs","EAGB",13396,"13396U","EAGB","Eagle Bluffs","S","+","Columbia","Boone","MO","3","38 49 73","-092 25 00","01S","-","-",38.83694,-92.41667,"-",174,31,24,"cottonwood-willow riparian forest",,,,,,,,,,,,,,,,,,"X","X","X",,,,,,,,,,,,,,,,,,,,,,,"06-07",2
"13397 - UMBS - BVTL - Beavertail Creek","UMBS",13397,"13397U","BVTL","Beavertail Creek","S","+","Pellston","Cheboygan","MI","3","45 35 14","-084 39 09","01S","GPS","NAD83",45.58722,-84.6525,"x",221,28,12,"aspen-conifer woods adjacent to lake",,,,,,,,,,,,,,,,,,"X","X","X",,,,,,,,,,,,,,,,,,,,,,,"06-07",2
"13398 - UMBS - CEMA - Central Maple River","UMBS",13398,"13398S","CEMA","Central Maple River","S","+","Pellston","Emmet","MI","3","45 34 14","-084 44 42","01S","GPS","NAD83",45.57056,-84.745,"x",215,28,12,"aspen-conifer woods adjacent to river",,,,,,,,,,,,,,,,,,"X","X","X",,,,,,,,,,,,,,,,,,,,,,,"06-07",2
"13399 - UMBS - GATE - Gate's Bog","UMBS",13399,"13399U","GATE","Gate's Bog","S","+","Pellston","Cheboygan","MI","3","45 35 29","-084 40 09","01S","GPS","NAD83",45.59139,-84.66917,"x",225,28,12,"aspen-hardwd for. adj. to leather lf bog",,,,,,,,,,,,,,,,,,"X","X","X",,,,,,,,,,,,,,,,,,,,,,,"06-07",2
"13400 - UMBS - NMAP - North Maple River","UMBS",13400,"13398S","NMAP","North Maple River","S","+","Pellston","Emmet","MI","3","45 34 45","-084 44 31","01S","GPS","NAD83",45.57917,-84.74194,"x",217,28,12,"aspen-conifer woods adjacent to river",,,,,,,,,,,,,,,,,,"X","X","X",,,,,,,,,,,,,,,,,,,,,,,"06-07",2
"13401 - UMBS - SOMA - South Maple River","UMBS",13401,"13401U","SOMA","South Maple River","S","+","Pellston","Emmet","MI","3","45 32 42","-084 45 16","01S","GPS","NAD83",45.545,-84.75444,"x",211,28,12,"trembling aspen forsest adj to river",,,,,,,,,,,,,,,,,,"X","X","X",,,,,,,,,,,,,,,,,,,,,,,"06-07",2
"13402 - UMBS - BURN - Burn Plots","UMBS",13402,"13402U","BURN","Burn Plots","S","+","Pellston","Cheboygan","MI","3","45 33 24","-084 42 13","01S","GPS","NAD83",45.55667,-84.70361,"x",236,28,12,"aspen/red oak/red pine adj. to burn plot",,,,,,,,,,,,,,,,,,"X",,,,,,,,,,,,,,,,,,,,,,,,,"06",1
"13403 - BCCA - BCCA - Beaver Creek Cons. Area","BCCA",13403,"13403U","BCCA","Beaver Creek Cons. Area","P","+","Saskatoon","n/a","SK","3","51 58 42","-106 42 52","01S","Web - Google E.","NAD83",51.97833,-106.71444,"x",490,37,11,"mixed deciduous riparian parkland",,,,,,,,,,,,,,,,,,,"X","X","X","X","X","X","X","X","X","X","X","X",,,"X","X","X","X",,,,,,,"07-12,14-15",8
"13404 - LIBS - LIBS - Lippincott Bird Sanctuary","LIBS",13404,"13404U","LIBS","Lippincott Bird Sanctuary","P","+","Lima","Allen","OH","3","40 43 22","-084 02 41","01S","Web - topozone","NAD27",40.72278,-84.04472,"x",267,31,22,"mixed sucession woodland/wetlnd/grasslnd",,,,,,,,,,,,,,,,,,,"X","X",,,"X","X","X","X","X","X","X","X","X","X","X","X","X",,"X",,"X",,"X",,"07,09-19",12
"13405 - KEYS - KEYS - Keyhole State Park","KEYS",13405,"13405U","KEYS","Keyhole State Park","S","+","Pine Haven","Crook","WY","3","44 23 11","-104 46 41","01S","Web - Google E.","NAD83",44.38639,-104.77806,"x",1272,39,17,"Cottonwood-willow riparian/sagebrush",,,,,,,,,,,,,,,,,,,,,"X","X","X","X","X","X","X","X","X","X","X","X","X","X","X","X","X","X","X","X","X","X","08-",15
"13406 - FCTC - LACE - Lawler Cemetery","FCTC",13406,"13406U","LACE","Lawler Cemetery","DG","+","Augusta","Kalamazoo","MI","3","42 18 09","-085 20 55","01S","GPS","NAD83",42.3025,-85.34861,"x",270,16,23,"oldfield/grassland/mature forest",,,,,,,,,,,,,,,,,,,,,,,"X","X","X","X","X","X","X","X","X","X","X","X","X","X","X","X","X","X","X","X","09-",14
"13407 - FCTC - MOTT - Mott Road, Fort Custer","FCTC",13407,"13407U","MOTT","Mott Road, Fort Custer","DG","+","Augusta","Kalamazoo","MI","3","42 17 49","-085 19 27","01S","GPS","NAD83",42.29694,-85.32417,"x",270,16,23,"wetland surrounded by mature forest",,,,,,,,,,,,,,,,,,,,,,,"X","X","X","X","X","X","X","X","X","X","X","X","X","X","X","X","X","X","X","X","09-",14
"13408 - FCTC - SABO - SABOT-Range 14","FCTC",13408,"13408U","SABO","SABOT-Range 14","DG","+","Augusta","Kalamazoo","MI","3","42 17 49","-085 18 12","01S","GPS","NAD83",42.29694,-85.30333,"x",270,16,23,"wetland surrounded by mature forest",,,,,,,,,,,,,,,,,,,,,,,"X","X","X","X","X","X","X","X","X","X","X","X","X","X","X","X","X","X","X","X","09-",14
"13409 - NIPO - NIPO - Niipomaki","NIPO",13409,"13409U","NIPO","Niipomaki","FR","+","Priddis","N/A","AB","3","50 53 54","-114 20 33","01S","Web - Google E","NAD83",50.89833,-114.3425,"x",1200,30,11,"mixed woodlands/pond/riparian",,,,,,,,,,,,,,,,,,,,,,,"X","X","X","X","X","X","X","X","X","X","X","X","X","X","X","X","X","X","X","X","09-19,21-",13
"13410 - INDY - ECPA - Eagle Creek Park A","INDY",13410,"13410U","ECPA","Eagle Creek Park A","C","+","Speedway","Marion","IN","3","39 51 36","-086 16 48","01S","GPS - Garmin","NAD83",39.86,-86.28,"x",244,31,22,"mid-successional decd. for. in suburbia",,,,,,,,,,,,,,,,,,,,,,,,,"X","X","X","X",,,,,,,,,,,,,,,"10-11",2
"13411 - INDY - ECPB - Eagle Creek Park B","INDY",13411,"13411U","ECPB","Eagle Creek Park B","C","+","Speedway","Marion","IN","3","39 52 48","-086 18 36","01S","GPS - Garmin","NAD83",39.88,-86.31,"x",244,31,22,"mid-successional decd. for. in suburbia",,,,,,,,,,,,,,,,,,,,,,,,,"X","X","X","X",,,,,,,,,,,,,,,"10-11",2
"13412 - SCSU - BNCN - Beartooth Nature Center","SCSU",13412,"13412U","BNCN","Beartooth Nature Center","P","+","Red Lodge","Carbon","MT","3","45 16 14","-109 12 58","01S","Web - Google E.","NAD83",45.27056,-109.21611,"x",1531,39,17,"cottonwood-willow riparian corridor",,,,,,,,,,,,,,,,,,,,,,,,,"X","X","X",,,,,,,,,,,,,,,,"10-11",2
"13413 - PURD - PURD - Purdy Nature Preserve","PURD",13413,"13413U","PURD","Purdy Nature Preserve","P","+","Appleton","Outagamie","WI","3","44 20 09","-088 21 44","01S","Web - G. Earth","NAD83",44.33583,-88.36222,"x",251,16,23,"mixed hardwood surrounded by ag & resid.",,,,,,,,,,,,,,,,,,,,,,,,,"X","X","X","X","X","X",,,,,,,,,,,,,"10-12",3
"13414 - NWNC - NWNC - Neale Woods Nature Center","NWNC",13414,"13414U","NWNC","Neale Woods Nature Center","P","+","Omaha","Douglas","NE","3","41 23 16","-095 57 10","01S","Web-findlatlong","NAD83",41.38778,-95.95278,"x",347,32,22,"mixed deciduous forest/restrored prairie",,,,,,,,,,,,,,,,,,,,,,,,,,,"X","X","X","X","X","X","X","X","X","X","X","X",,,,,"11-16",6
"13415 - MCEX - MCEX - Messenger Creek Exotics","MCEX",13415,"13415U","MCEX","Messenger Creek Exotics","P","+","North Loup","Valley","NE","3","41 34 42","-098 46 18","01S","Web - Google E","NAD83",41.57833,-98.77167,"x",597,34,19,"wet grass meadow/riparian/ag fields",,,,,,,,,,,,,,,,,,,,,,,,,,,"X","X",,,,,,,,,,,,,,,"11",1
"13416 - RBSP - RBSP - Rock Bridge State Park","RBSP",13416,"13416U","RBSP","Rock Bridge State Park","S","+","Columbia","Boone","MO","3","38 52 43","-092 20 03","01S","Web - Google E.","NAD83",38.87861,-92.33417,"x",226,31,24,"mixed oak/hickory/easter red cedar for.",,,,,,,,,,,,,,,,,,,,,,,,,"X","X",,,,,,,,,,,,,,,,,"10,19",2
"13417 - WASC - WASC - Wascana Centre","WASC",13417,"13417U","WASC","Wascana Centre","FS","+","Regina","N/A","SK","3","50 25 25","-104 35 02","01S","GPS","NAD83",50.42361,-104.58389,"x",570,30,11,"Cattail marsh edge with caragana shrub",,,,,,,,,,,,,,,,,,,,,,,,,"X","X","X","X","X","X","X","X","X","X","X","X","X","X",,,,,"10-16",7
"13421 - UROC - UROC - UMC MAPS","UROC",13421,"13421U","UROC","UMC MAPS","S","+","Crookston","Polk","MN","3","47 47 50","-096 37 36","01S","Web - Google E.","NAD83",47.79722,-96.62667,"x",272,40,11,"Aspen & tall-grass prairie mix/ag matrix",,,,,,,,,,,,,,,,,,,,,,,,,,,,,"X","X","X","X","X","X","X","X","X","X","X","X","X","X","12-",11
"13422 - VANE - VANE - Van Ersvelde Farm","VANE",13422,"13422U","VANE","Van Ersvelde Farm","P","+","Grinnell","Poweshiek","IA","3","41 41 02","-092 44 22","01S","Web - Google E.","NAD83",41.68389,-92.73944,"x",310,32,22,"reconstructed prairie/scrub/oak-hickory",,,,,,,,,,,,,,,,,,,,,,,,,,,,,,,"X","X","X","X","X","X","X","X","X","X","X","X","13-",10
"13423 - SPFD - SPFD - Sprinfield CWLP Hope Sch.","SPFD",13423,"13423U","SPFD","Sprinfield CWLP Hope Sch.","C","+","Springfield","Sangamom","IL","3","39 44 59","-089 36 33","01S","iTouchMap.com","NAD83",39.74972,-89.60917,"x",181,31,22,"mixed deciduous/rip. corridor/oldfield",,,,,,,,,,,,,,,,,,,,,,,,,,,,,,,,,,,"X","X","X","X","X","X","X","X","15-",8
"13424 - HRBO - HRBO - Hawk Ridge Bird Obs.","HRBO",13424,"13424U","HRBO","Hawk Ridge Bird Obs.","C","+","Duluth","St. Louis","MN","3","46 50 42","-092 02 20","01S","Web - Google E.","NAD83",46.845,-92.03889,"x",351,28,12,"Mixed woodland on city edge/suburbia",,,,,,,,,,,,,,,,,,,,,,,,,,,,,,,,,,,"X","X","X","X","X","X","X","X","15-",8
"13425 - GSFS - GSFS - GSU Field Station","GSFS",13425,"13391S","GSFS","GSU Field Station","P","?","Monee","Will","IL","3","41 26 24","-087 42 48","01S","GPS/Google E","NAD83",41.44,-87.71333,"x",246,16,22,"Mixed shrubland/woodland in natural area",,,,,,,,,,,,,,,,,,,,,,,,,,,,,,,,,,,"X","X","X","X","X","X","X","X","15-",8
"13426 - WASC - NSWO - Saw-whet MAPS","WASC",13426,"13426U","NSWO","Saw-whet MAPS","FP","+","Edenwold","Edenwold","SK","3","50 39 31","-104 17 36","01S","GPS","NAD83",50.65861,-104.29333,"x",654,30,11,"Tame hayland/aspen bluff/farm yard",,,,,,,,,,,,,,,,,,,,,,,,,,,,,,,"X","X","X","X","X","X","X","X","X","X","X","X","13-",10
"13427 - BBO- - LILA - Lister Lake","BBO-",13427,"13303S","LILA","Lister Lake","FS","+","Tofield","n/a","AB","3","53 22 20","-112 31 45","01S","-","-",53.37222,-112.52917,"-",670,30,11,"balsam poplar/aspen/willow/no shrub",,,,,,,,,,,,,,,,,,,,,,,,,,,,,,,,,,,,,"X","X","X","X","X","X","16-19,21-",6
"13428 - WCTG - MOFX - Mormon Field Ten","WCTG",13428,"13375S","MOFX","Mormon Field Ten","P","+","Grand Island","Hall","NE","3","40 47 28","-098 25 11","01S","GIS - ArcView","NAD83",40.79111,-98.41972,"x",579,34,19,"tall grass prairie",,,,,,,,,,,,,,,,"X","X","X","X","X",,,,,,,,,,,,,,,,,,,,,,,"04-07",4
"13429 - BBO- - SOPO - Sora Pond","BBO-",13429,"13303S","SOPO","Sora Pond","FS","+","Tofield","n/a","AB","3","53 22 46","-112 31 09","01S","-","-",53.37944,-112.51917,"-",669,30,11,"balsam poplar/aspen/willow/adj to ripar.",,,,,,,,,,,,,,,,,,,,,,,,,,,,,,,,,,,,,"X","X","X","X","X","X","16-19,21-",6
"13430 - WASC - EDWE - Edenwold West","WASC",13430,"13430U","EDWE","Edenwold West","FR","+","Edenwold","N/A","SK","3","50 38 42","-104 25 56","01S","GPS","NAD83",50.645,-104.43222,"x",681,30,11,"trembling aspen 1/2 section in cropland",,,,,,,,,,,,,,,,,,,,,,,,,,,,,,,,,,,,,"X","X",,,,,"16",1
"13431 - BSBO - BSBO - Black Swamp Bird Observ.","BSBO",13431,"13431U","BSBO","Black Swamp Bird Observ.","IW","+","Oak Harbor","Ottawa","OH","3","41 36 19","-083 11 38","01S","Web - Google E","NAD83",41.60528,-83.19389,"x",175,16,22,"dogwood shrub-scrub/oak-cottonwood",,,,,,,,,,,,,,,,,,,,,,,,,,,,,,,,,,,,,,,"X","X","X","X","17-18,21-",4
"13432 - KFBS - KFBS - Kent Farm Banding Station","KFBS",13432,"13432U","KFBS","Kent Farm Banding Station","S","+","Bloomington","Monroe","IN","3","39 09 04","-086 23 47","01S","Web - Google E.","NAD83",39.15111,-86.39639,"x",235,14,24,"successional fields/mature forest",,,,,,,,,,,,,,,,,,,,,,,,,,,,,,,,,,,,,,,"X","X","X","X","17-",6
"13433 - BRUK - BRUK - Brukner Nature Center","BRUK",13433,"13433U","BRUK","Brukner Nature Center","P","+","West Milton","Miami","OH","3","39 58 55","-084 19 34","01S","GPS","NAD83",39.98194,-84.32611,"x",266,31,22,"Mixed woodland/prairie/riparian",,,,,,,,,,,,,,,,,,,,,,,,,,,,,,,,,,,,,"X","X","X","X","X","X","16-",7
"13434 - TUCR - WHPI - White Pines","TUCR",13434,"13434U","WHPI","White Pines","P","+","Fort Calhoun","Washington","NE","3","41 25 31","-096 01 12","01S","www.latlong.net","NAD83",41.42528,-96.02,"x",375,32,22,"Oak savanna/deciduous woodlands/pines/pr",,,,,,,,,,,,,,,,,,,,,,,,,,,,,,,,,,,,,,,"X","X","X","X","17-18, 23-",2
"13435 - HWRC - HWRC - Hubacheck Wilderness RC","HWRC",13435,"13435U","HWRC","Hubacheck Wilderness RC","S","+","Ely","Lake","MN","3","47 57 12","-091 44 53","01S","Web - Google E.","NAD83",47.95333,-91.74806,"x",420,28,12,"boreal mixed forest/upland/forested wetl",,,,,,,,,,,,,,,,,,,,,,,,,,,,,,,,,,,,,,,,,"X","X","18-",5
"13436 - BGVL - BGVL - Big Valley","BGVL",13436,"13436U","BGVL","Big Valley","FR","+","Craven","RM Longlaketon No. 219","SK","3","50 44 18","-104 52 55","01S","ArcGIS","NAD83",50.73833,-104.88194,"x",519,30,11,"open riparian corridor",,,,,,,,,,,,,,,,,,,,,,,,,,,,,,,,,,,,,,,,,"X","X","18-",5
"13437 - SUGL - SUGL - Sugarloaf Cove Nature Ctr","SUGL",13437,"13437U","SUGL","Sugarloaf Cove Nature Ctr","S","+","Schroeder","Cook","MN","3","47 29 15","-090 59 03","01S","Web - Google E","NAD83",47.4875,-90.98417,"x",188,28,12,"mixed woodland/alder thicket",,,,,,,,,,,,,,,,,,,,,,,,,,,,,,,,,,,,,,,,,"X","X","18-",5
"13438 - EKWS - EKWS - Edness Kimball Wilkins SP","EKWS",13438,"13438U","EKWS","Edness Kimball Wilkins SP","S","+","Casper","Natrona","WY","3","42 51 13","-106 10 38","01S","Web - Google E","NAD83",42.85361,-106.17722,"x",1543,39,17,"cottonwood-buffaloberry riparian coridor",,,,,,,,,,,,,,,,,,,,,,,,,,,,,,,,,,,,,"X","X","X","X","X","X","16-19.21-",6
"14401 - DWA- - DWA1 - Driftwood 1","DWA-",14401,"14401S","DWA1","Driftwood 1","P","+","Driftwood","Hays","TX","4","30 08 40","-098 02 20","10S","-","-",30.14444,-98.03889,"-",305,53,20,"oak-juniper","X","X","X","X","X","X","X","X","X","X","X","X",,,,,,,,,,,,,,,,,,,,,,,,,,,,,,,"89-00",12
"14403 - RSCO - RSCO - Rogers State College","RSCO",14403,"14403U","RSCO","Rogers State College","P",,"Claremore","Rogers","OK","4","36 19 20","-095 38 10","10S","-","-",36.32222,-95.63611,"-",160,33,22,"oak-hickory forest/savanna",,,,"X","X","X","X","X",,,,,,,,,,,,,,,,,,,,,,,,,,,,,,,,,,,"92-96",5
"14404 - DWA3 - DWA3 - Mansfield Dam","DWA3",14404,"14404U","DWA3","Mansfield Dam","P","+","Lakeway","Travis","TX","4","30 23 00","-097 55 00","01M","-","-",30.38333,-97.91667,"-",213,53,20,"ashe juniper/oak woodland",,,,"X","X","X","X","X",,,,,,,,,,,,,,,,,,,,,,,,,,,,,,,,,,,"92-96",5
"14405 - SARC - NC01 - Nature Conservancy 1","SARC",14405,"14405U","NC01","Nature Conservancy 1","P",,"Pearsonia","Osage","OK","4","36 48 00","-096 24 40","10S","-","-",36.8,-96.41111,"-",290,33,22,"tallgrass prairie/cross timbers",,,,"X","X","X","X","X",,,,,,,,,,,,,,,,,,,,,,,,,,,,,,,,,,,"92-96",5
"14406 - SARC - NC02 - Nature Conservancy 2","SARC",14406,"14406U","NC02","Nature Conservancy 2","P",,"Pearsonia","Osage","OK","4","36 50 00","-096 26 40","10S","-","-",36.83333,-96.44444,"-",290,33,22,"tallgrass prairie/riparian",,,,"X","X","X","X","X",,,,,,,,,,,,,,,,,,,,,,,,,,,,,,,,,,,"92-96",5
"14407 - SARC - NC03 - Nature Conservancy 3","SARC",14407,"14407U","NC03","Nature Conservancy 3","P",,"Pearsonia","Osage","OK","4","36 51 20","-096 25 30","10S","-","-",36.85556,-96.425,"-",290,33,22,"tallgrass prairie/cross timbers",,,,"X","X","X","X","X",,,,,,,,,,,,,,,,,,,,,,,,,,,,,,,,,,,"92-96",5
"14408 - SARC - NC04 - Nature Conservancy 4","SARC",14408,"14408S","NC04","Nature Conservancy 4","P",,"Pearsonia","Osage","OK","4","36 51 40","-096 22 40","10S","-","-",36.86111,-96.37778,"-",290,33,22,"tallgrass prairie/cross timbers",,,,"X","X","X","X","X",,,,,,,,,,,,,,,,,,,,,,,,,,,,,,,,,,,"92-96",5
"14409 - SARC - NC05 - Nature Conservancy 5","SARC",14409,"14408S","NC05","Nature Conservancy 5","P",,"Pearsonia","Osage","OK","4","36 51 40","-096 22 40","10S","-","-",36.86111,-96.37778,"-",290,33,22,"tallgrass prairie/cross timbers",,,,"X","X","X","X","X",,,,,,,,,,,,,,,,,,,,,,,,,,,,,,,,,,,"92-96",5
"14410 - SARC - JD06 - JD06","SARC",14410,"14410U","JD06","JD06","P","?","Foraker","Osage","OK","4","36 51 30","-096 32 00","10S","-","-",36.85833,-96.53333,"-",270,33,22,"riparian/wheat field",,,,"X",,,,,,,,,,,,,,,,,,,,,,,,,,,,,,,,,,,,,,,"92",1
"14411 - SARC - RBEA - Red Bird Ranch East","SARC",14411,"14411S","RBEA","Red Bird Ranch East","P","?","Oglesby","Washington","OK","4","36 40 50","-095 52 10","10S","-","-",36.68056,-95.86944,"-",230,33,22,"grazed tallgrass prair./riparian",,,,"X","X","X","X","X",,,,,,,,,,,,,,,,,,,,,,,,,,,,,,,,,,,"92-96",5
"14412 - SARC - RBWE - Red Bird Ranch West","SARC",14412,"14411S","RBWE","Red Bird Ranch West","P","?","Oglesby","Washington","OK","4","36 41 00","-095 52 40","10S","-","-",36.68333,-95.87778,"-",230,33,22,"grazed tallgrass prair./riparian",,,,"X","X","X","X","X",,,,,,,,,,,,,,,,,,,,,,,,,,,,,,,,,,,"92-96",5
"14413 - SARC - ADNO - Adams North","SARC",14413,"14413U","ADNO","Adams North","P","?","Ochelata","Osage","OK","4","36 35 10","-096 01 00","10S","-","-",36.58611,-96.01667,"-",240,33,21,"tallgrass prair/ponds/persimmons",,,,"X","X","X","X","X",,,,,,,,,,,,,,,,,,,,,,,,,,,,,,,,,,,"92-96",5
"14414 - SARC - ADMI - Adams Middle","SARC",14414,"14414U","ADMI","Adams Middle","P","?","Ochelata","Osage","OK","4","36 33 30","-096 00 50","10S","-","-",36.55833,-96.01389,"-",240,33,21,"tallgrass prairie/pond/woodland",,,,"X","X","X","X","X",,,,,,,,,,,,,,,,,,,,,,,,,,,,,,,,,,,"92-96",5
"14415 - SARC - ADSO - Adams South","SARC",14415,"14415U","ADSO","Adams South","P","?","Wolco","Osage","OK","4","36 32 50","-096 02 30","10S","-","-",36.54722,-96.04167,"-",240,33,21,"tallgrass prairie/decid. scrub",,,,"X","X","X","X","X",,,,,,,,,,,,,,,,,,,,,,,,,,,,,,,,,,,"92-96",5
"14416 - SARC - HUGH - Hughes Ranch","SARC",14416,"14416U","HUGH","Hughes Ranch","P","?","Ochelata","Osage","OK","4","36 39 30","-096 02 20","10S","-","-",36.65833,-96.03889,"-",240,33,21,"tallgrass prair./decid. scrub",,,,"X","X","X","X","X",,,,,,,,,,,,,,,,,,,,,,,,,,,,,,,,,,,"92-96",5
"14417 - DWA- - DWA2 - Driftwood 2","DWA-",14417,"14401S","DWA2","Driftwood 2","P","+","Driftwood","Hays","TX","4","30 08 40","-098 02 20","10S","-","-",30.14444,-98.03889,"-",305,53,20,"oak-juniper woodland/grassland",,,,"X","X","X","X","X","X","X","X","X",,,,,,,,,,,,,,,,,,,,,,,,,,,,,,,"92-00",9
"14418 - NSU- - NSU- - Northeastern","NSU-",14418,"14418U","NSU-","Northeastern","S","+","Okay","Wagoner","OK","4","35 54 10","-095 19 20","10S","-","-",35.90278,-95.32222,"-",180,33,22,"scrub/riparian wdlnd./littoral",,,,"X",,,,,,,,,,,,,,,,,,,,,,,,,,,,,,,,,,,,,,,"92",1
"14419 - TENS - UT1- - UT1","TENS",14419,"14419S","UT1-","UT1","IW","+","Waverly","Madison","LA","4","32 21 04","-091 20 53","01S","Web - Google E","NAD83",32.35111,-91.34806,"x",22,5,26,"bottomland hardwood forest",,,,,"X","X","X","X","X","X","X","X","X",,,,,,,,,,,,,,,,,,,,,,,,,,,,,,"93-01",9
"14420 - TENS - TRT1 - TRT 1","TENS",14420,"14419S","TRT1","TRT 1","IW","+","Waverly","Madison","LA","4","32 20 50","-091 20 46","01S","Web - Google E","NAD83",32.34722,-91.34611,"x",22,5,26,"bottomland hardwood forest",,,,,"X","X","X","X","X","X","X","X","X","X","X","X","X","X",,,,,,,,,,,,,,,,,,,,,,,,,"93-06",14
"14421 - FTGI - FTGI - Fort Gibson","FTGI",14421,"14421U","FTGI","Fort Gibson","S","+","Okay","Wagoner","OK","4","35 53 30","-095 18 40","10S","-","-",35.89167,-95.31111,"-",183,33,22,"forest edge/shrub",,,,,"X","X","X","X","X","X","X","X","X","X","X","X",,"X","X","X","X","X",,,,,,,,,,,,,,,,,,,,,"93-04,06-08",15
"14422 - LEON - BIPI - Big Piney","LEON",14422,"14422U","BIPI","Big Piney","DA","+","Devils Elbow","Pulaski","MO","4","37 44 15","-092 02 42","01S","GPS -GPSMAP 76","NAD83",37.7375,-92.045,"x",235,19,24,"bottomland riparian forest",,,,,"X","X","X","X","X","X","X","X","X","X","X","X","X","X","X","X","X","X","X","X","X","X",,,,,,,,,,,,,,,,,"93-10",18
"14423 - LEON - LABO - Laughlin Bottoms","LEON",14423,"14423U","LABO","Laughlin Bottoms","DA","+","St. Robert","Pulaski","MO","4","37 46 41","-092 10 33","01S","GPS -GPSMAP 76","NAD83",37.77806,-92.17583,"x",300,19,24,"deciduous floodplain/oldfield",,,,,"X","X","X","X","X","X","X","X","X","X","X","X","X","X","X","X","X","X","X","X","X","X",,,,,,,,,,,,,,,,,"93-10",18
"14424 - LEON - MIPO - Miller Pond","LEON",14424,"14424S","MIPO","Miller Pond","DA","+","Devils Elbow","Pulaski","MO","4","37 41 44","-092 06 46","10S","GPS -GPSMAP 76","NAD83",37.69556,-92.11278,"x",326,19,24,"pond basin/oldfield/deciduous",,,,,"X","X","X","X","X","X","X","X","X","X","X","X","X","X","X","X","X","X","X","X","X","X",,,,,,,,,,,,,,,,,"93-10",18
"14425 - LEON - MACE - Macedonia","LEON",14425,"14425U","MACE","Macedonia","DA","+","Nebo","Pulaski","MO","4","37 36 44","-092 14 14","10S","GPS -GPSMAP 76","NAD83",37.61222,-92.23722,"x",360,19,24,"oldfield/cedar breaks/dec. for.",,,,,"X","X","X","X","X","X","X","X","X","X","X","X","X","X","X","X","X","X","X","X","X","X",,,,,,,,,,,,,,,,,"93-10",18
"14426 - LEON - SMRI - Smith Ridge","LEON",14426,"14426U","SMRI","Smith Ridge","DA","+","St. Robert","Pulaski","MO","4","37 44 17","-092 11 48","01S","-","-",37.73806,-92.19667,"-",320,19,24,"upland deciduous forest",,,,,"X","X","X","X","X","X","X","X","X","X",,,,,,,,,,,,,,,,,,,,,,,,,,,,,"93-02",10
"14427 - LEON - MIRI - Miller Ridge","LEON",14427,"14427U","MIRI","Miller Ridge","DA","+","Devils Elbow","Pulaski","MO","4","37 43 00","-092 03 30","10S","-","-",37.71667,-92.05833,"-",270,19,24,"upland deciduous forest",,,,,"X","X","X","X","X","X","X","X","X","X",,,,,,,,,,,,,,,,,,,,,,,,,,,,,"93-02",10
"14428 - RILE - TICR - Timber Creek","RILE",14428,"14428U","TICR","Timber Creek","DA","+","Bala","Riley","KS","4","39 17 28","-096 57 33","01S","-","-",39.29111,-96.95917,"-",369,35,22,"deciduous forest/old field",,,,,"X","X","X","X","X","X","X","X","X","X",,,,,,,,,,,,,,,,,,,,,,,,,,,,,"93-02",10
"14429 - RILE - KARI - Kansas River","RILE",14429,"14429U","KARI","Kansas River","DA","+","Grandview Plaza","Geary","KS","4","39 03 21","-096 47 27","01S","-","-",39.05583,-96.79083,"-",323,35,22,"bottomland deciduous forest",,,,,"X","X","X","X","X","X","X","X","X","X",,,,,,,,,,,,,,,,,,,,,,,,,,,,,"93-02",10
"14430 - HOOD - SHOR - Shorthorn","HOOD",14430,"14430U","SHOR","Shorthorn","DA","+","Flat","Coryell","TX","4","31 21 36","-097 39 52","01S","GPS -GPSMAP 76","NAD83",31.36,-97.66444,"x",220,8,21,"mesquite/mixed woodland",,,,,,"X","X","X","X","X","X","X","X","X",,"X","X","X","X","X","X","X",,,,,,,,,,,,,,,,,,,,,"94-02,04-08",14
"14431 - HOOD - TAYL - Taylor Field","HOOD",14431,"14431U","TAYL","Taylor Field","DA","+","Nolanville","Bell","TX","4","31 10 44","-097 33 33","01S","GPS -GPSMAP 76","NAD83",31.17889,-97.55917,"x",240,8,20,"oak-juniper woodland",,,,,,"X","X","X","X","X","X","X","X","X",,"X","X","X","X","X","X","X",,,,,,,,,,,,,,,,,,,,,"94-02,04-08",14
"14432 - HOOD - DEER - Deer Camp","HOOD",14432,"14432U","DEER","Deer Camp","DA","+","Flat","Coryell","TX","4","31 18 42","-097 40 46","01S","-","-",31.31167,-97.67944,"-",280,8,21,"disturbed oak/juniper woodland",,,,,,"X",,,,,,,,,,,,,,,,,,,,,,,,,,,,,,,,,,,,,"94",1
"14433 - HOOD - ENGI - Engineer Lake","HOOD",14433,"14433U","ENGI","Engineer Lake","DA","+","Killeen","Bell","TX","4","31 09 12","-097 39 53","01S","GPS -GPSMAP 76","NAD83",31.15333,-97.66472,"x",280,8,20,"oak-cedar elm woodland",,,,,,"X","X","X","X","X","X","X","X","X",,"X","X","X","X","X","X","X",,,,,,,,,,,,,,,,,,,,,"94-02,04-08",14
"14434 - HOOD - VIRE - Vireo","HOOD",14434,"14434U","VIRE","Vireo","DA","+","Harker Heights","Bell","TX","4","31 09 51","-097 38 09","01S","GPS -GPSMAP 76","NAD83",31.16417,-97.63583,"x",280,8,20,"oak-cedar woodland",,,,,,"X","X","X","X","X","X","X","X","X",,"X","X","X","X","X","X","X",,,,,,,,,,,,,,,,,,,,,"94-02,04-08",14
"14435 - HOOD - BROO - Brookhaven Mountain","HOOD",14435,"14435U","BROO","Brookhaven Mountain","DA","+","Killeen","Bell","TX","4","31 10 55","-097 37 20","01S","GPS -GPSMAP 76","NAD83",31.18194,-97.62222,"x",275,8,20,"mixed scrub/oak",,,,,,"X","X","X","X","X","X","X","X","X",,"X","X","X","X","X","X","X",,,,,,,,,,,,,,,,,,,,,"94-02,04-08",14
"14436 - SWIF - PIPE - Pipeline","SWIF",14436,"14436S","PIPE","Pipeline","DG","+","Bastrop","Bastrop","TX","4","30 17 00","-097 19 42","01S","GPS -GPSMAP 76","NAD83",30.28333,-97.32833,"x",145,8,21,"post oak woodland",,,,,,"X","X","X","X","X","X","X","X","X","X","X","X","X","X","X","X","X","X","X",,,,,,,,,,,,,,,,,,,"94-09",16
"14437 - SWIF - EALW - East Loop West","SWIF",14437,"14437S","EALW","East Loop West","DG","+","Bastrop","Bastrop","TX","4","30 15 46","-097 16 19","01S","GPS -GPSMAP 76","NAD83",30.26278,-97.27194,"x",149,8,21,"mixed woodland/oldfield",,,,,,"X","X","X","X","X","X","X","X","X","X","X","X","X","X","X","X","X","X","X",,,,,,,,,,,,,,,,,,,"94-09",16
"14438 - SWIF - EALE - East Loop East","SWIF",14438,"14437S","EALE","East Loop East","DG","+","Bastrop","Bastrop","TX","4","30 15 55","-097 15 48","01S","GPS -GPSMAP 76","NAD83",30.26528,-97.26333,"x",151,8,21,"mixed woodland/oldfield",,,,,,"X","X","X","X","X","X","X","X","X","X","X","X","X","X","X","X","X","X","X",,,,,,,,,,,,,,,,,,,"94-09",16
"14439 - SWIF - WCLO - Wine Cellar Loop","SWIF",14439,"14436S","WCLO","Wine Cellar Loop","DG","+","Bastrop","Bastrop","TX","4","30 16 27","-097 19 13","01S","GPS -GPSMAP 76","NAD83",30.27417,-97.32028,"x",134,8,21,"oak-cedar woodland/riparian",,,,,,"X","X","X","X","X","X","X","X","X","X","X","X","X","X","X","X","X","X","X",,,,,,,,,,,,,,,,,,,"94-09",16
"14440 - SWIF - SAJU - Sandy Junction","SWIF",14440,"14440U","SAJU","Sandy Junction","DG","+","Bastrop","Bastrop","TX","4","30 17 09","-097 17 23","01S","GPS -GPSMAP 76","NAD83",30.28583,-97.28972,"x",155,8,21,"post oak woodland",,,,,,"X","X","X","X","X","X","X","X","X","X","X","X","X","X","X","X","X","X","X",,,,,,,,,,,,,,,,,,,"94-09",16
"14441 - SWIF - MCCR - McLaughlin Creek","SWIF",14441,"14437S","MCCR","McLaughlin Creek","DG","+","Bastrop","Bastrop","TX","4","30 16 14","-097 16 54","01S","-","-",30.27056,-97.28167,"-",137,8,21,"elm bottomland/post oak woodland",,,,,,"X","X","X","X","X","X","X","X","X","X",,,,,,,,,,,,,,,,,,,,,,,,,,,,"94-03",10
"14442 - BOWI - STON - Stonehouse","BOWI",14442,"14442U","STON","Stonehouse","DG","+","Indian Creek","Brown","TX","4","31 35 41","-098 54 27","01S","GPS -GPSMAP 76","NAD83",31.59472,-98.9075,"x",439,53,21,"oak savanna",,,,,,"X","X","X","X","X","X","X","X","X","X","X","X","X","X","X","X","X","X","X",,,,,,,,,,,,,,,,,,,"94-09",16
"14443 - BOWI - NIGH - Nighthawk","BOWI",14443,"14443U","NIGH","Nighthawk","DG","+","Indian Creek","Brown","TX","4","31 37 17","-098 57 07","01S","GPS -GPSMAP 76","NAD83",31.62139,-98.95194,"x",473,53,21,"oak woodland",,,,,,"X","X","X","X","X","X","X","X","X","X","X","X","X","X","X","X","X","X","X",,,,,,,,,,,,,,,,,,,"94-09",16
"14444 - BOWI - MOCK - Mockingbird Lane","BOWI",14444,"14444U","MOCK","Mockingbird Lane","DG","+","Indian Creek","Brown","TX","4","31 36 16","-098 55 25","01S","GPS -GPSMAP 76","NAD83",31.60444,-98.92361,"x",465,53,21,"mixed scrub/oak",,,,,,"X","X","X","X","X","X","X","X","X","X","X","X","X","X","X","X","X","X","X",,,,,,,,,,,,,,,,,,,"94-09",16
"14445 - BOWI - BEDR - Bedrock","BOWI",14445,"14445U","BEDR","Bedrock","DG","+","Brownwood","Brown","TX","4","31 38 30","-098 56 11","01S","GPS -GPSMAP 76","NAD83",31.64167,-98.93639,"x",435,53,21,"oak woodland/mesquite",,,,,,"X","X","X","X","X","X","X","X","X","X","X","X","X","X","X","X","X","X","X",,,,,,,,,,,,,,,,,,,"94-09",16
"14446 - BOWI - MESQ - Mesquite","BOWI",14446,"14446U","MESQ","Mesquite","DG","+","Brownwood","Brown","TX","4","31 38 52","-098 54 30","01S","GPS -GPSMAP 76","NAD83",31.64778,-98.90833,"x",393,53,21,"mesquite",,,,,,"X","X","X","X","X","X","X","X","X","X","X","X","X","X","X","X","X","X","X",,,,,,,,,,,,,,,,,,,"94-09",16
"14447 - BOWI - DEVI - Devil's Hill","BOWI",14447,"14447U","DEVI","Devil's Hill","DG","+","Zephyr","Brown","TX","4","31 37 06","-098 53 39","01S","GPS -GPSMAP 76","NAD83",31.61833,-98.89417,"x",437,53,21,"mixed scrub/oak",,,,,,"X","X","X","X","X","X","X","X","X","X","X","X","X","X","X","X","X","X","X",,,,,,,,,,,,,,,,,,,"94-09",16
"14448 - LEAV - RADE - Rabbit's Demise","LEAV",14448,"14448U","RADE","Rabbit's Demise","DA","+","Eudora","Johnson","KS","4","38 55 22","-095 02 00","01S","-","-",38.92278,-95.03333,"-",256,33,22,"bottomland deciduous forest",,,,,,"X","X","X","X","X","X","X","X","X",,,,,,,,,,,,,,,,,,,,,,,,,,,,,"94-02",9
"14449 - LEAV - SPHA - Sparrow's Haven","LEAV",14449,"14449U","SPHA","Sparrow's Haven","DA","+","DeSoto","Johnson","KS","4","38 53 20","-094 59 50","10S","-","-",38.88889,-94.99722,"-",274,33,22,"successional forest/old field",,,,,,"X","X","X","X","X","X","X","X","X",,,,,,,,,,,,,,,,,,,,,,,,,,,,,"94-02",9
"14450 - RILE - MYPR - Myersdale Prairie","RILE",14450,"14450U","MYPR","Myersdale Prairie","DA","+","Milford","Riley","KS","4","39 13 34","-096 56 24","01S","-","-",39.22611,-96.94,"-",381,35,22,"grassland",,,,,,"X","X","X","X","X","X","X","X","X","X","X","X","X",,,,,,,,,,,,,,,,,,,,,,,,,"94-06",13
"14451 - RILE - ESDR - Estes Draw","RILE",14451,"14451U","ESDR","Estes Draw","DA","+","Junction City","Riley","KS","4","39 06 41","-096 49 43","01S","-","-",39.11139,-96.82861,"-",381,35,22,"riparian draw/grassland",,,,,,"X","X","X","X","X","X","X","X","X",,,,,,,,,,,,,,,,,,,,,,,,,,,,,"94-02",9
"14452 - RILE - RIPO - Richardson's Posts","RILE",14452,"14452U","RIPO","Richardson's Posts","DA","+","Milford","Riley","KS","4","39 09 46","-096 48 36","01S","-","-",39.16278,-96.81,"-",396,35,22,"grassland",,,,,,"X","X","X","X","X","X","X","X","X","X","X","X","X",,,,,,,,,,,,,,,,,,,,,,,,,"94-06",13
"14453 - RILE - RCPR - Rush Creek Prairie","RILE",14453,"14453U","RCPR","Rush Creek Prairie","DA","+","Milford","Geary","KS","4","39 09 30","-096 51 20","10S","-","-",39.15833,-96.85556,"-",381,35,22,"hayed grassland",,,,,,"X",,,,,,,,,,,,,,,,,,,,,,,,,,,,,,,,,,,,,"94",1
"14454 - HOOD - TABR - Taylor Branch","HOOD",14454,"14454U","TABR","Taylor Branch","DA","+","Nolanville","Bell","TX","4","31 11 28","-097 34 01","01S","GPS -GPSMAP 76","NAD83",31.19111,-97.56694,"x",210,8,20,"oak-juniper woodland",,,,,,"X","X","X","X","X","X","X","X","X",,"X","X","X","X","X","X","X",,,,,,,,,,,,,,,,,,,,,"94-02,04-08",14
"14455 - SARC - RIDL - RIDL","SARC",14455,"14455U","RIDL","RIDL","P","?","Pearsonia","Osage","OK","4","36 44 10","-096 24 10","10S","-","-",36.73611,-96.40278,"-",305,33,22,"tallgrass prairie/scrub-oak",,,,,"X","X","X","X",,,,,,,,,,,,,,,,,,,,,,,,,,,,,,,,,,,"93-96",4
"14456 - FTSL - GEHI - Geronimo Hill","FTSL",14456,"14456U","GEHI","Geronimo Hill","DA","+","Lawton","Comanche","OK","4","34 41 41","-098 22 15","01S","-","-",34.69472,-98.37083,"-",344,54,19,"riparian woodland/mixed grass prairie",,,,,,"X",,,,,,,,,,"X","X","X","X","X","X","X","X",,"X",,,,,,,,,,"X","X",,,,,,,"94,04-10,15",9
"14457 - SNWR - SATO - Sandtown","SNWR",14457,"14457S","SATO","Sandtown","IW","+","Vian","Sequoyah","OK","4","35 26 18","-095 00 53","01S","GPS","NAD83",35.43833,-95.01472,"x",143,33,25,"deciduous woodlands",,,,,,"X","X","X","X","X","X","X","X","X","X","X","X","X",,,,,,,,,,,,,,,,,,,,,,,,,"94-06",13
"14458 - HEFO - HEFO - Henning Forest","HEFO",14458,"14458U","HEFO","Henning Forest","P",,"Branson","Taney","MO","4","36 41 00","-093 17 00","01M","-","-",36.68333,-93.28333,"-",274,19,24,"oak-hickory forest/riparian",,,,,,"X",,,,,,,,,,,,,,,,,,,,,,,,,,,,,,,,,,,,,"94",1
"14459 - HEMU - HEMU - Heard Museum","HEMU",14459,"14459U","HEMU","Heard Museum","P","+","McKinney","Collin","TX","4","33 09 40","-096 37 10","01S","GPS","NAD83",33.16111,-96.61944,"x",165,8,21,"oldfield",,,,,,"X",,,,"X","X","X","X","X","X","X","X",,"X","X","X","X","X","X",,,,,,,,,,,,,,,,,,,"94,98-05,07-09",12
"14462 - RILE - TMCR - Three Mile Creek","RILE",14462,"14462U","TMCR","Three Mile Creek","DA","+","Ogden","Riley","KS","4","39 05 42","-096 44 46","01S","-","-",39.095,-96.74611,"-",323,35,22,"deciduous bottomland forest",,,,,,,"X","X","X","X","X","X","X","X",,,,,,,,,,,,,,,,,,,,,,,,,,,,,"95-02",8
"14463 - FTPO - POLK - Fort Polk","FTPO",14463,"14463S","POLK","Fort Polk","AF","+","Cravens","Vernon","LA","4","31 01 08","-093 04 17","01S","GPS","NAD83",31.01889,-93.07139,"x",229,4,25,"longleaf pine",,,,,,,"X","X","X","X",,,,,,,,,,,,,,,,,,,,,,,,,,,,,,,,,"95-98",4
"14464 - FTPO - VERN - Vernon","FTPO",14464,"14464U","VERN","Vernon","AF","+","Cravens","Vernon","LA","4","30 59 46","-093 07 53","01S","GPS","NAD83",30.99611,-93.13139,"x",213,4,25,"longleaf pine",,,,,,,"X","X","X","X","X","X",,,,,,,,,,,,,,,,,,,,,,,,,,,,,,,"95-00",6
"14465 - LSWA - LSWA - Lake Somervell","LSWA",14465,"14465U","LSWA","Lake Somervell","P",,"Dime Box","Lee","TX","4","30 19 40","-096 46 10","10S","-","-",30.32778,-96.76944,"-",81,8,21,"deciduous riparian forest",,,,,,,"X","X","X","X",,,,,,,,,,,,,,,,,,,,,,,,,,,,,,,,,"95-98",4
"14468 - EDDL - EDDL - Eddleman Farm","EDDL",14468,"14468U","EDDL","Eddleman Farm","P",,"Cape Girardeau","Cape Girardeau","MO","4","37 20 00","-089 20 00","10M","-","-",37.33333,-89.33333,"-",150,19,24,"oak/hickory forest",,,,,,,,"X",,,,,,,,,,,,,,,,,,,,,,,,,,,,,,,,,,,"96",1
"14469 - HAMP - HAMP - Hamilton Pool","HAMP",14469,"14469U","HAMP","Hamilton Pool","C",,"Cypress Mill","Travis","TX","4","30 20 40","-098 08 10","10S","-","-",30.34444,-98.13611,"-",230,53,20,"other/meadow",,,,,,,,,"X",,,,,,,,,,,,,,,,,,,,,,,,,,,,,,,,,,"97",1
"14470 - JCTX - WBCK - W. Buck","JCTX",14470,"14470U","WBCK","W. Buck","S","+","Junction","Kimble","TX","4","30 26 20","-099 48 20","10S","-","-",30.43889,-99.80556,"-",550,53,20,"deciduous woodland/juniper scrub",,,,,,,,,"X","X","X","X","X",,,,,,,,,,,,,,,,,,,,,,,,,,,,,,"97-01",5
"14471 - MATA - MATA - Matador","MATA",14471,"14471U","MATA","Matador","S","+","Cee Vee","Cottle","TX","4","34 07 10","-100 26 40","10S","-","-",34.11944,-100.44444,"-",549,54,19,"mixed shrubland/mixed grassland",,,,,,,,,,"X","X","X","X",,,,,,,,,,,,,,,,,,,,,,,,,,,,,,"98-01",4
"14473 - EASA - EASA - East Sandy","EASA",14473,"14473U","EASA","East Sandy","AF",,"New Waverly","Walker","TX","4","30 34 52","-095 34 07","01S","Web - Google E.","NAD83",30.58111,-95.56861,"x",75,4,25,"deciduous forest/mixed forest",,,,,,,,,,"X","H","H","H",,,,,,,,,,,,,,,,,,,,,,,,,,,,,,"98-01",4
"14474 - NOLA - AIBS - Audubon Inst. Banding Sta","NOLA",14474,"14474U","AIBS","Audubon Inst. Banding Sta","DC","+","Meraux/Violet","Orleans","LA","4","29 53 07","-089 55 27","01S","GPS","NAD83",29.88528,-89.92417,"x",1,5,26,"lowland hardwood forest",,,,,,,,,,,,"X","X","X","X","X","X",,,,,,,,,,,,,,,,,,,,,,,,,,"00-05",6
"14475 - AGFC - BELL - Bell Slough","AGFC",14475,"14475U","BELL","Bell Slough","S","+","Mayflower","Faulkner","AR","4","34 55 30","-092 24 00","01S","-","-",34.925,-92.4,"-",77,19,25,"bald cypress-swamp tupelo forest",,,,,,,,,,,,"X","X","X","X","X",,,,,,,,,,,,,,,,,,,,,,,,,,,"00-04",5
"14479 - PCRA - PGRS - Proving Grounds Res.Stat.","PCRA",14479,"14479S","PGRS","Proving Grounds Res.Stat.","P","+","Fordland","Webster","MO","4","37 12 15","-093 00 14","01S","Web - Google E.","NAD83",37.20417,-93.00389,"x",430,19,24,"fragmented oak-hickory riparian",,,,,,,,,,,,,"X","X","X","X","X","X","X","X","X","X","X","X",,,,,,,,,,,,,,,,,,,"01-09",9
"14480 - AGFC - SRMS - Sulphur River WMA","AGFC",14480,"14480U","SRMS","Sulphur River WMA","S","+","Fouke","Miller","AR","4","33 10 00","-093 54 39","01S","-","-",33.16667,-93.91083,"-",62,4,25,"bottomland hardwood",,,,,,,,,,,,,"X","X","X","X","X",,,,,,,,,,,,,,,,,,,,,,,,,,"01-05",5
"14481 - AGFC - LOUA - Lower Ouachita WMA","AGFC",14481,"14481U","LOUA","Lower Ouachita WMA","S","+","Crossett","Ashley","AR","4","33 03 00","-092 04 00","01M","-","-",33.05,-92.06667,"-",21,4,25,"sand prairie/bottomland hardwood",,,,,,,,,,,,,"X","X","X","X",,,,,,,,,,,,,,,,,,,,,,,,,,,"01-04",4
"14482 - FTPO - BICR - Bird's Creek","FTPO",14482,"14463S","BICR","Bird's Creek","AF","+","Cravens","Vernon","LA","4","31 01 16","-093 03 23","01S","GPS","NAD83",31.02111,-93.05639,"x",29,4,25,"mixed harwood/long leaf riparian",,,,,,,,,,,,,"X","X","X","X",,,,,,,,,,,,,,,,,,,,,,,,,,,"01-04",4
"14491 - HORN - CYFO - Cyprus Ford","HORN",14491,"14491U","CYFO","Cyprus Ford","P","+","Austin","Travis","TX","4","30 13 47","-097 39 15","01S","-","-",30.22972,-97.65417,"-",134,6,21,"cypress-willow riparian corridor",,,,,,,,,,,,,,"X","X",,,,,,,,,,,,,,,,,,,,,,,,,,,,"02-03",2
"14493 - TENS - SHEL - Shelterwood Harvest","TENS",14493,"14493U","SHEL","Shelterwood Harvest","IW","+","Waverly","Madison","LA","4","32 18 40","-091 20 09","01S","Web - Google E","NAD83",32.31111,-91.33583,"x",22,5,26,"bottomland hardwood forest",,,,,,"X","X","X","X","X","X","X","X","X","X","X","X","X","X","X","X","X",,,,,,,,,,,,,,,,,,,,,"94-08",15
"14494 - LEON - BRCE - Bradford Cemetery","LEON",14494,"14424S","BRCE","Bradford Cemetery","DA","+","Big Piney","Pulaski","MO","4","37 42 18","-092 07 01","01S","GPS -GPSMAP 76","NAD83",37.705,-92.11694,"x",317,19,24,"black walnut plantation",,,,,,,,,,,,,,,"X","X","X","X","X","X","X","X","X","X",,,,,,,,,,,,,,,,,,,"03-09",7
"14495 - LEON - TIBO - Tilley Bottoms","LEON",14495,"14495U","TIBO","Tilley Bottoms","DA","+","Waynesville","Pulaski","MO","4","37 46 27","-092 12 14","01S","GPS -GPSMAP 76","NAD83",37.77417,-92.20389,"x",250,19,24,"oldfield/oak forest",,,,,,,,,,,,,,,"X","X","X","X","X","X","X","X","X","X","X","X",,,,,,,,,,,,,,,,,"03-10",8
"14496 - BITH - BITH - Big Thicket National Pr.","BITH",14496,"14496U","BITH","Big Thicket National Pr.","IP","+","Kountze","Hardin","TX","4","30 27 48","-094 23 08","01S","GIS/aerial phot","NAD83",30.46333,-94.38556,"x",33,4,25,"mixed pine/hardwood with clearcut",,,,,,,,,,,,,,,,,"X","X","X",,,,,,,,,,,,,,,,,,,,,,,,"05-07",3
"14502 - TENS - PAT4 - Comp.4, patch cut & Thin","TENS",14502,"14502S","PAT4","Comp.4, patch cut & Thin","IW","+","Waverly","Madison","LA","4","32 21 57","-091 25 50","01S","Web - Google E","NAD83",32.36583,-91.43056,"x",21,5,26,"oak-gum bottomland forest: 2000 harvest",,,,,,,,,,,,,,,"X","X","X","X",,,,,,,,,,,,,,,,,,,,,,,,,"03-06",4
"14503 - TENS - THN4 - Comp.4, thinning Harvest","TENS",14503,"14502S","THN4","Comp.4, thinning Harvest","IW","+","Waverly","Madison","LA","4","32 22 19","-091 25 50","01S","Web - Google E","NAD83",32.37194,-91.43056,"x",21,5,26,"oak-gum bottomland forest: 2000 harvest",,,,,,,,,,,,,,,"X","X","X","X",,,,,,,,,,,,,,,,,,,,,,,,,"03-06",4
"14504 - TENS - UNC4 - Comp.4,  unharv. control","TENS",14504,"14502S","UNC4","Comp.4,  unharv. control","IW","+","Waverly","Madison","LA","4","32 21 30","-091 25 50","01S","Web - Google E","NAD83",32.35833,-91.43056,"x",21,5,26,"oak-gum bottomland forest",,,,,,,,,,,,,,,"X","X",,,,,,,,,,,,,,,,,,,,,,,,,,,"03-04",2
"14505 - TENS - PAT9 - Comp.9, patch cut & Thin","TENS",14505,"14419S","PAT9","Comp.9, patch cut & Thin","IW","+","Waverly","Madison","LA","4","32 21 44","-091 21 01","01S","Web - Google E","NAD83",32.36222,-91.35028,"x",21,5,26,"oak-gum bottomland forest: 2000 harvest",,,,,,,,,,,,,,,"X","X","X","X",,,,,,,,,,,,,,,,,,,,,,,,,"03-06",4
"14506 - TENR - THN9 - Comp.9, thinning Harvest","TENR",14506,"14419S","THN9","Comp.9, thinning Harvest","IW","+","Waverly","Madison","LA","4","32 21 04","-091 21 01","01S","Web - Google E","NAD83",32.35111,-91.35028,"x",21,5,26,"oak-gum bottomland forest: 2000 harvest",,,,,,,,,,,,,,,"X","X","X","X","X","X","X","X","X","X","X","X","X","X","X","X","X","X","X","X","X","X","X","X","X","X","X","X","03-",20
"14507 - TENS - UNC9 - Comp.9,  unharv. control","TENS",14507,"14419S","UNC9","Comp.9,  unharv. control","IW","+","Waverly","Madison","LA","4","32 21 19","-091 21 00","01S","Web - Google E","NAD83",32.35528,-91.35,"x",21,5,26,"oak-gum bottomland forest",,,,,,,,,,,,,,,"X","X",,,,,,,,,,,,,,,,,,,,,,,,,,,"03-04",2
"14508 - AGFC - CHOI - Choctaw Island WMA","AGFC",14508,"14508U","CHOI","Choctaw Island WMA","S","+","Arkansas City","Desha","AR","4","33 36 12","-091 10 40","01S","-","-",33.60333,-91.17778,"-",40,5,26,"Lower Miss. River batture",,,,,,,,,,,,,,,"X","X","X","X",,,,,,,,,,,,,,,,,,,,,,,,,"03-06",4
"14509 - SWIF - DROP - Dropzone","SWIF",14509,"14437S","DROP","Dropzone","DG","+","Bastrop","Bastrop","TX","4","30 15 07","-097 16 21","01S","GPS -GPSMAP 76","NAD83",30.25194,-97.2725,"x",155,8,21,"mixed grassland/post oak woodland",,,,,,,,,,,,,,,,"X","X","X","X","X","X","X","X","X",,,,,,,,,,,,,,,,,,,"04-09",6
"14510 - LDWF - SHW1 - Shelterwood 1","LDWF",14510,"14510U","SHW1","Shelterwood 1","S","+","Krotz Springs","Point Coupee","LA","4","30 30 18","-091 43 55","01S","-","-",30.505,-91.73194,"-",9,5,26,"bottomland hardwoods",,,,,,,,,,,,,,,,"X","X","X","X","X","X","X","X","X","X","X","X","X","X","X","X","X","X","X",,,,,,,,,"04-14",11
"14511 - LDWF - SHW2 - Shelterwood 2","LDWF",14511,"14511U","SHW2","Shelterwood 2","S","+","Krotz Springs","Point Coupee","LA","4","30 29 57","-091 44 40","01S","-","-",30.49917,-91.74444,"-",8,5,26,"bottomland hardwoods",,,,,,,,,,,,,,,,"X","X","X","X","X","X","X","X","X","X","X","X","X","X","X","X","X","X","X",,,,,,,,,"04-14",11
"14512 - AGFC - NFCP - Norfork Chapin Point","AGFC",14512,"14512U","NFCP","Norfork Chapin Point","DX","+","Mountain Home","Baxter","AR","4","36 25 21","-092 18 24","01S","-","NAD83",36.4225,-92.30667,"x",200,19,24,"upland hardwood/pine stand mix",,,,,,,,,,,,,,,,"X","X","X","X","X","X","X",,,,,,,,,,,,,,,,,,,,,"04-08",5
"14513 - TENS - THIN - North 1/3 of Comp. 16","TENS",14513,"14513U","THIN","North 1/3 of Comp. 16","IW","+","Waverly","Madison","LA","4","32 19 51","-091 20 10","01S","Web - Google E","NAD83",32.33083,-91.33611,"x",21,5,26,"oak-gum bottomland hardwood forest",,,,,,"X","X","X","X","X",,,,,,,"X","X",,,,,,,,,,,,,,,,,,,,,,,,,"94-98,05-06",7
"14514 - TENS - SHOP - Forest Comp. 11, south","TENS",14514,"14419S","SHOP","Forest Comp. 11, south","IW","+","Waverly","Madison","LA","4","32 20 50","-091 19 46","01S","Web - Google E","NAD83",32.34722,-91.32944,"x",21,5,26,"oak-gum bottomland hardwood forest",,,,,,"X","X","X","X","X","X",,,,,,"X","X","X","X",,,,,,,,,,,,,,,,,,,,,,,"94-99,05-07",9
"14515 - TENS - NOCU - Not cut, unmanaged forest","TENS",14515,"14515U","NOCU","Not cut, unmanaged forest","IW","+","Waverly","Madison","LA","4","32 19 17","-091 20 57","01S","Web - Google E","NAD83",32.32139,-91.34917,"x",21,5,26,"oak-gum bottomland for., unharvested res",,,,,,"X","X","X","X","X",,,,,,,,,,,,,,,,,,,,,,,,,,,,,,,,,"94-98",5
"14516 - FTSL - WCCR - West Cache Creek","FTSL",14516,"14516U","WCCR","West Cache Creek","DA","+","Lawton","Comanche","OK","4","34 39 02","-098 39 04","01S","-","-",34.65056,-98.65111,"-",340,54,19,"riparian woodland/mixed grass prairie",,,,,,,,,,,,,,,,"X","X","X","X","X","X","X","X",,"X",,,,,,,,,,"X","X",,,,,,,"04-10,15",8
"14517 - FITL - BRAK - Cottonwood Brake stand","FITL",14517,"14517U","BRAK","Cottonwood Brake stand","P","+","Fitler","Issaquenna","MS","4","32 39 38","-091 02 24","01S","Web - Google E","NAD83",32.66056,-91.04,"x",21,5,26,"pulpwood managd coppiced cottonwd forest",,,,,,"X","X","X","X","X",,,,,,,,,,,,,,,,,,,,,,,,,,,,,,,,,"94-98",5
"14518 - FITL - LEVE - Cottonwood Levee stand","FITL",14518,"14518U","LEVE","Cottonwood Levee stand","P","+","Fitler","Issaquenna","MS","4","32 39 20","-091 04 08","01S","Web - Google E","NAD83",32.65556,-91.06889,"x",21,5,26,"pulpwood managed planted cottonwd forest",,,,,,"X","X","X","X",,,,,,,,,,,,,,,,,,,,,,,,,,,,,,,,,,"94-97",4
"14520 - LDWF - GSL1 - Group Select 1","LDWF",14520,"14520S","GSL1","Group Select 1","S","+","Krotz Springs","Point Coupee","LA","4","30 27 22","-091 42 57","01S","-","-",30.45611,-91.71583,"-",8,5,26,"bottomland hardwoods",,,,,,,,,,,,,,,,,"X","X","X","X","X","X","X","X","X","X","X","X","X","X","X","X","X","X",,,,,,,,,"05-14",10
"14521 - LDWF - GSL2 - Group Select 2","LDWF",14521,"14520S","GSL2","Group Select 2","S","+","Krotz Springs","Point Coupee","LA","4","30 26 50","-091 42 28","01S","-","-",30.44722,-91.70778,"-",8,5,26,"bottomland hardwoods",,,,,,,,,,,,,,,,,"X","X","X","X","X","X","X","X","X","X","X","X","X","X","X","X","X","X",,,,,,,,,"05-14",10
"14522 - LDWF - NAT1 - Natural Area 1","LDWF",14522,"14520S","NAT1","Natural Area 1","S","+","Krotz Springs","Point Coupee","LA","4","30 28 06","-091 44 02","01S","-","-",30.46833,-91.73389,"-",8,5,26,"bottomland hardwoods",,,,,,,,,,,,,,,,,"X","X","X","X","X","X","X","X","X","X","X","X","X","X","X","X","X","X",,,,,,,,,"05-14",10
"14523 - LDWF - NAT2 - Natural Area 2","LDWF",14523,"14520S","NAT2","Natural Area 2","S","+","Krotz Springs","Point Coupee","LA","4","30 27 43","-091 43 33","01S","-","-",30.46194,-91.72583,"-",6,5,26,"bottomland hardwoods",,,,,,,,,,,,,,,,,"X","X","X","X","X","X","X","X","X","X","X","X","X","X","X","X","X","X",,,,,,,,,"05-14",10
"14524 - FTPO - LA10 - LA10","FTPO",14524,"14524U","LA10","LA10","DA","+","Leesville","Vernon","LA","4","31 01 48","-093 11 25","01S","GPS","NAD83",31.03,-93.19028,"x",92,4,25,"longleaf&loblolly/hardw&honeysuck. under",,,,,,,,,,,,,,,,,"X","X","X","X","X","X","X","X",,,,,,,,,,,,,,,,,,,"05-09",5
"14525 - LDWF - ANWR - Atchafalaya NWR","LDWF",14525,"14525U","ANWR","Atchafalaya NWR","IW","+","Krotz Springs","St. Martin","LA","4","-","-","-","-","-",99.99999,999.99999,"-",9999,5,26,"bottomland hardwood forest",,,,,,,,,,,,,,,,"X","X","X","X","X","X","X","X","X","X","X",,,"X","X","X","X","X","X",,,,,,,,,"04-10,12-14",10
"14526 - MWMA - WND1 - Windmill #1","MWMA",14526,"14526U","WND1","Windmill #1","S","+","Paducah","Cottle","TX","4","34 09 30","-100 20 24","01S","Arc GIS","NAD83",34.15833,-100.34,"x",553,54,19,"mequite woodland",,,,,,,,,,,,,,,,,"X","X","X","X","X","X","X","X","X","X","X","X","X","X","X","X","X","X","X","X","X","X","X","X","X","X","05-",18
"14527 - LDWF - KATR - Pearl River","LDWF",14527,"14527U","KATR","Pearl River","S","+","Pearl River","St. Tammany","LA","4","30 18 55","-089 39 48","01S","SONRIS","NAD83",30.31528,-89.66333,"x",1,5,27,"bottomland hardwood",,,,,,,,,,,,,,,,,,,"X","X","X","X","X","X","X","X","X","X","X","X","X","X","X","X","X","X","X","X",,,,,"07-16",10
"14528 - TENS - TEWO - TENS WOOD","TENS",14528,"14528U","TEWO","TENS WOOD","IW","+","Waverly","Madison","LA","4","32 20 16","-091 23 32","01S","Web - Google E","NAD83",32.33778,-91.39222,"x",22,5,26,"bottomland hardwood forest",,,,,,,,,,,,,,,,,"X",,,,,,,,,,,,,,,,,,,,,,,,,,"05",1
"14529 - AGFC - TWBA - Two Bayou Creek WMA","AGFC",14529,"14529U","TWBA","Two Bayou Creek WMA","S","+","Camden","Ouachita","AR","4","33 33 16","-092 48 30","01S","Web - topozone","NAD83",33.55444,-92.80833,"x",25,4,25,"bottomland hardwood with mixed pines",,,,,,,,,,,,,,,,,"X","X",,,,,,,,,,,,,,,,,,,,,,,,,"05-06",2
"14530 - AGFC - REGR - Grandview WMA","AGFC",14530,"14530U","REGR","Grandview WMA","S","+","Columbus","Hempstead","AR","4","-","-","-","-","-",99.99999,999.99999,"-",80,4,25,"blackland prairie/riparian woodland",,,,,,,,,,,,,,,,,,"X",,,,,,,,,,,,,,,,,,,,,,,,,"06",1
"14531 - SNWR - REEV - Reeves Slough","SNWR",14531,"14457S","REEV","Reeves Slough","IW","+","Vian","Sequoyah","OK","4","35 26 25","-095 00 53","01S","GPS","NAD83",35.44028,-95.01472,"x",143,33,25,"early suc. bottomland hardwood/riparian",,,,,,,,,,,,,,,,,,,"X","X","X","X","X","X","X","X","X","X","X","X","X","X","X","X","X","X","X","X","X","X","X","X","07-18,20-",15
"14535 - LEON - PRPR - Proffitt's Prairie","LEON",14535,"14535U","PRPR","Proffitt's Prairie","DA","+","Big Piney","Pulaski","MO","4","37 40 32","-092 10 59","01S","GPS -GPSMAP 76","NAD83",37.67556,-92.18306,"x",334,19,24,"open oak woodland/savannah",,,,,,,,,,,,,,,,,,,,,,,,,"X","X",,,,,,,,,,,,,,,,,"10",1
"14536 - BBLN - BBLN - Black Bayou Lake","BBLN",14536,"14536S","BBLN","Black Bayou Lake","IW","+","Monroe","Ouachita","LA","4","32 37 23","-092 01 39","01S","Arc GIS","NAD83",32.62306,-92.0275,"x",27,5,26,"mixed loblolly pine-hardwood forest",,,,,,,,,,,,,,,,,,,,,,,,,"X","X","X","X","X","X","X","X","X","X",,,,,,,,,"10-14",5
"14537 - PCRA - HSRS - Homestead Springs Res Sta","PCRA",14537,"14479S","HSRS","Homestead Springs Res Sta","P","+","Fordland","Webster","MO","4","37 11 51","-092 59 38","01S","Web - Google E.","NAD83",37.1975,-92.99389,"x",417,19,24,"oak-hickory rip. corridor/glade/upl wood",,,,,,,,,,,,,,,,,,,,,,,,,"X","X","X","X","X","X","X","X","X","X","X","X","X","X","X","X",,,"10-17",8
"14538 - BSFS - LKRD - Bull Shoals Field Station","BSFS",14538,"14538U","LKRD","Bull Shoals Field Station","S","+","Kirbyville","Taney","MO","4","36 34 19","-093 03 26","01S","Web - Google E.","NAD83",36.57194,-93.05722,"x",224,19,24,"mixed oak-hickory woodland along lake",,,,,,,,,,,,,,,,,,,,,,,,,"X","X","X","X","X","X","X","X","X","X","X","X","X","X","X","X","X","X","10-",13
"14539 - SCR1 - SCR1 - South Concho River","SCR1",14539,"14539U","SCR1","South Concho River","P","+","Christoval","Tom Green","TX","4","31 10 00","-100 30 13","01S","GPS","NAD83",31.16667,-100.50361,"x",624,53,19,"pecan-oak riparian corridor",,,,,,,,,,,,,,,,,,,,,,,,,,,"X","X","X","X","X","X",,,,,,,,,,,"11-13",3
"14540 - HILO - GRPR - Grandfather Prairie","HILO",14540,"14540U","GRPR","Grandfather Prairie","S","+","Sedalia","Pettis","MO","4","38 33 58","-093 18 18","01S","GPS","NAD83",38.56611,-93.305,"x",281,33,24,"restored tallgrass prairie/drainages",,,,,,,,,,,,,,,,,,,,,,,,,,,"X","X","X","X","X","X","X","X","X","X",,,,,,,"11-15",5
"14541 - HILO - IORI - Iohia Ridge","HILO",14541,"14541S","IORI","Iohia Ridge","S","+","Cole Camp","Benton","MO","4","38 31 40","-093 17 02","01S","GPS","NAD83",38.52778,-93.28389,"x",300,33,24,"restored tallgrass prairie/drainages",,,,,,,,,,,,,,,,,,,,,,,,,,,"X","X",,,,,,,,,,,,,,,"11",1
"14542 - HILO - PAPR - Paint Brush Prairie","HILO",14542,"14542U","PAPR","Paint Brush Prairie","S","+","Sedalia","Pettis","MO","4","38 33 05","-093 15 40","01S","GPS","NAD83",38.55139,-93.26111,"x",300,33,24,"restored tallgrass prairie/drainages",,,,,,,,,,,,,,,,,,,,,,,,,,,"X","X","X","X","X","X","X","X","X","X",,,,,,,"11-15",5
"14543 - RRNR - YATS - Bayou Pierre-Yates","RRNR",14543,"14543U","YATS","Bayou Pierre-Yates","IW","+","Armistead","Red River","LA","4","32 07 00","-093 28 09","01S","GPS","NAD83",32.11667,-93.46917,"x",41,4,25,"open grassld; rice fields in restoration",,,,,,,,,,,,,,,,,,,,,,,,,,,"X","X","X","X","X","X","X","X","X","X",,,,,,,"11-15",5
"14544 - RRNR - LOWC - Lower Cane Unit of RR NWR","RRNR",14544,"14544U","LOWC","Lower Cane Unit of RR NWR","IW","+","Cloutierville","Natchitoches","LA","4","31 35 37","-092 49 27","01S","GPS","NAD83",31.59361,-92.82417,"x",50,4,25,"rice fields converted to bottomlands",,,,,,,,,,,,,,,,,,,,,,,,,,,,,"X","X","X","X","X","X",,,,,,,,,"12-14",3
"14545 - FTPO - WHCH - Whiskey Chitto","FTPO",14545,"14545U","WHCH","Whiskey Chitto","DA","+","Leesville","Rapides","LA","4","31 06 02","-093 08 29","01S","GPS","NAD83",31.10056,-93.14139,"x",30,4,25,"longleaf pine, mixed shrubs, hardwood",,,,,,,,,,,,,,,,,,,,,,,,,,,"X","X","X","X","X","X","X","X","X","X",,,,,,,"11-15",5
"14546 - NOXB - NOXB - Noxubee","NOXB",14546,"14546U","NOXB","Noxubee","S","+","Brooksville","Noxubee","MS","4","33 16 12","-088 46 09","01S","Web - Google E.","NAD83",33.27,-88.76917,"x",72,4,27,"bottomland hardwood/pine",,,,,,,,,,,,,,,,,,,,,,,,,,,,,,,"X","X","X","X","X","X","X","X","X","X","X","X","13-",10
"14547 - HILO - IONA - Iohia Ridge","HILO",14547,"14541S","IONA","Iohia Ridge","S","+","Cole Camp","Benton","MO","4","38 31 23","-093 16 48","01S","GPS","NAD83",38.52306,-93.28,"x",300,33,24,"remnant tallgrass prairie/warm-season gr",,,,,,,,,,,,,,,,,,,,,,,,,,,,,"X","X","X","X","X","X","X","X",,,,,,,"12-15",4
"14548 - BBLN - REFS - Reforestation Site","BBLN",14548,"14536S","REFS","Reforestation Site","IW","+","Monroe","Ouachita","LA","4","32 37 30","-092 02 05","01S","Arc Map 10.1","NAD83",32.625,-92.03472,"x",26,5,26,"mixed pine hardwd - 15yr old restoration",,,,,,,,,,,,,,,,,,,,,,,,,,,,,,,,,,,"X","X","X","X","X","X","X","X","15-18",4
"14549 - CBCO - KULA - CBC Kurth Lake","CBCO",14549,"14549U","KULA","CBC Kurth Lake","P","+","Montgomery","Montgomery","TX","4","30 18 31","-095 41 15","01S","Web - Google E.","NAD83",30.30861,-95.6875,"x",80,3,25,"Riparian floodplain mixed hardwood/pine",,,,,,,,,,,,,,,,,,,,,,,,,,,,,,,,,,,"X","X","X","X","X","X","X","X","15-",8
"14550 - CBCO - LCRK - CBC Lake Creek","CBCO",14550,"14550U","LCRK","CBC Lake Creek","P","+","Montgomery","Montgomery","TX","4","30 16 01","-095 41 04","01S","Web - Google E.","NAD83",30.26694,-95.68444,"x",53,3,25,"Riparian floodplain mixed hardwood/pine",,,,,,,,,,,,,,,,,,,,,,,,,,,,,,,,,,,"X","X","X","X","X","X","X","X","15-",8
"14551 - GRSP - GRSP - Guadalupe River State Pk","GRSP",14551,"14551U","GRSP","Guadalupe River State Pk","S","+","Spring Branch","Comal","TX","4","29 50 56","-098 30 10","01S","Web - Google E.","NAD83",29.84889,-98.50278,"x",386,53,20,"restored savannah with live & shin oak",,,,,,,,,,,,,,,,,,,,,,,,,,,,,,,"X","X","X","X",,,"X","X","X",,"?",,"13-14,16-20",7
"14552 - HWTM - HWTM - Hardwood Tree Museum","HWTM",14552,"14552U","HWTM","Hardwood Tree Museum","P","+","Barling","Sebastian","AR","4","35 18 28","-094 20 08","01S","GPS","NAD83",35.30778,-94.33556,"x",140,19,25,"mixed woods/stream wetlands in suburb",,,,,,,,,,,,,,,,,,,,,,,,,,,,,,,,,,,,,,,"X","X","X","X","17-",6
"14553 - FTPO - BCLR - Birds Creek on Lookout Rd","FTPO",14553,"14463S","BCLR","Birds Creek on Lookout Rd","DA","+","Leesville","Verson","LA","4","31 01 09","-093 03 28","01S","GPS","NAD83",31.01917,-93.05778,"x",77,4,25,"riparian and mixed pine",,,,,,,,,,,,,,,,,,,,,,,,,,,,,,,,,,,,,,,,,"X","X","18-19,21-",4
"15501 - MOOS - HUBB - Hubbard Brook","MOOS",15501,"15501U","HUBB","Hubbard Brook","AF","+","West Thornton","Grafton","NH","5","43 57 00","-071 43 00","01M","-","-",43.95,-71.71667,"-",9999,28,14,"northern hardwood forest","X","X","X","X",,,,,,,,,,,,,,,,,,,,,,,,,,,,,,,,,,,,,,,"89-92",4
"15502 - MOOS - MOOS - Mount Moosilauke","MOOS",15502,"15502U","MOOS","Mount Moosilauke","AF","+","North Woodstock","Grafton","NH","5","44 00 00","-071 45 00","01M","-","-",44,-71.75,"-",550,28,14,"northern hardwood forest","X","X",,,"X","X",,,,,,,,,,,,,,,,,,,,,,,,,,,,,,,,,,,,,"89-90,93-94",4
"15504 - HOPE - FL-- - Hopewell","HOPE",15504,"15504U","FL--","Hopewell","C","+","Hopewell","Mercer","NJ","5","40 24 47","-074 46 19","01S","GPS","NAD83",40.41306,-74.77194,"x",130,10,29,"oldfield/edge/second-growth woods",,"X","X","X","X","X","X","X","X","X","X","X","X","X","X","X","X","X","X","X","X","X","X","X","X","X","X","X","X","X","X","X","X","X","X","X","X","X","X","X","X","X","90-",33
"15505 - UPEN - UETE - Upper Enchanted East","UPEN",15505,"15505S","UETE","Upper Enchanted East","P","+","West Forks","Somerset","ME","5","45 25 00","-070 10 00","10S","-","-",45.41667,-70.16667,"-",430,28,14,"mixed hardwood-coniferous forest",,"X","X","X","X","X",,,,,,,,,,,,,,,,,,,,,,,,,,,,,,,,,,,,,"90-94",5
"15506 - BALT - BALT - Baltimore Woods","BALT",15506,"15506U","BALT","Baltimore Woods","P","+","Marcellus","Onondaga","NY","5","42 58 10","-076 20 32","01S","Web - Google E.","NAD83",42.96944,-76.34222,"x",216,16,13,"deciduous riparian woodland",,"X","X","X","X",,,,,,,,,,,,,,,,,,,,,,,,,,,,,,,,,,"X",,"X",,"90-93,17-",10
"15507 - GTSW - GTSW - Great Swamp NWR","GTSW",15507,"15507U","GTSW","Great Swamp NWR","IW","+","Millington","Morris","NJ","5","40 42 14","-074 30 08","01S","-","-",40.70389,-74.50222,"-",67,10,29,"mixed hardwood/scarlet oak",,"X","X","X","X","X","X","X","X","X","X","X","X","X","X",,,,,,,,,,,,,,,,,,,,,,,,,,,,"90-03",14
"15508 - RAKE - RAKE - Raker","RAKE",15508,"15508U","RAKE","Raker","P","+","Germansville","Lehigh","PA","5","40 41 40","-075 42 10","10S","-","-",40.69444,-75.70278,"-",180,13,28,"secondary decid. woods",,"X","X","X","X",,,,,,,,,,,,,,,,,,,,,,,,,,,,,,,,,,,,,,"90-93",4
"15509 - LNER - LNER - Wells Reserve","LNER",15509,"15509U","LNER","Wells Reserve","IW","+","Wells","York","ME","5","43 20 16","-070 32 55","01S","Web - Google E.","NAD83",43.33778,-70.54861,"x",21,12,30,"Saturated Woodland/Shrubland/herbaceous",,"X","X","X","X","X","X","X","X","X","X","X","X","X","X","X","X","X","X","X","X","X","X","X","X","X","X","X","X","X","X","X","X","X","X","X","X",,"X",,"X",,"90-",33
"15510 - IPLO - IPLO - Ice Pond Lot","IPLO",15510,"15510U","IPLO","Ice Pond Lot","P","+","Madaket","Nantucket","MA","5","41 16 59","-070 10 27","01S","-","-",41.28306,-70.17417,"-",3,9,30,"lawn/garden/swamp",,"X","X","X","X","X","X","X","X","X","X","X","X",,,,,,,,,,,,,,,,,,,,,,"X","X","X","X","X","X","X","X","90-01,15-",20
"15511 - HTAC - HTAC - Hilltop Acre","HTAC",15511,"15511U","HTAC","Hilltop Acre","P","+","Hackettstown","Warren","NJ","5","40 52 00","-074 50 00","01M","-","-",40.86667,-74.83333,"-",9999,12,28,"mixed deciduous forest",,"X","X","X","X",,,,,,,,,,,,,,,,,,,,,,,,,,,,,,,,,,,,,,"90-93",4
"15512 - POWD - POWD - Powderhouse Road 1","POWD",15512,"15512S","POWD","Powderhouse Road 1","P","+","Binghamton","Broome","NY","5","42 04 42","-075 57 15","01S","-","NAD83",42.07833,-75.95417,"x",366,24,28,"overgrown field",,"X","X","X","X","X","X","X","X","X","X","X","X","X","X","X","X","X","X","X","X","X","X","X","X","X","X","X","X","X","X","X","X","X","X","X","X","X","X","X","X","X","90-",33
"15513 - TODD - TODD - Todd Sanctuary","TODD",15513,"15513U","TODD","Todd Sanctuary","P","+","Sarver","Butler","PA","5","40 44 00","-079 42 00","01M","-","-",40.73333,-79.7,"-",9999,22,28,"deciduous forest",,"X","X","X",,,,,,,,,,,,,,,,,,,,,,,,,,,,,,,,,,,,,,,"90-92",3
"15514 - CUVA - CUVA - Cumberland Valley","CUVA",15514,"15514U","CUVA","Cumberland Valley","P","+","Centerville","Bedford","PA","5","39 51 30","-078 36 30","10S","-","-",39.85833,-78.60833,"-",760,13,28,"deciduous forest",,"X","X","X","X","X","X",,,,,,,,,,,,,,,,,,,,,,,,,,,,,,,,,,,,"90-95",6
"15515 - BING - BING - Powderhouse Road 2","BING",15515,"15512S","BING","Powderhouse Road 2","P","+","Binghamton","Broome","NY","5","42 04 10","-075 57 20","10S","-","-",42.06944,-75.95556,"-",364,24,28,"successional swamp",,"X","X","X","X",,,,,,,,,,,,,,,,,,,,,,,,,,,,,,,,,,,,,,"90-93",4
"15516 - FHSP - FHSP - Fair Haven","FHSP",15516,"15516U","FHSP","Fair Haven","S","+","Fair Haven","Cayuga","NY","5","43 21 30","-076 41 10","10S","-","-",43.35833,-76.68611,"-",61,16,13,"lakeshore scrub/mixed hardwood",,"X","X","X","X","X","X","X",,,,,,,,,,,,,,,,,,,,,,,,,,,,,,,,,,,"90-96",7
"15517 - STAN - HMA- - Huntsman Marine A","STAN",15517,"15517S","HMA-","Huntsman Marine A","FR","+","St. Andrews","Charlotte","NB","5","45 05 30","-067 04 30","10S","-","-",45.09167,-67.075,"-",23,28,14,"oldfield/pasture",,,"X","X","X","X","X","X","X","X","X","X","X","X","X","X","X","X","X","X","X","X","?",,"?",,"?",,"?",,"?",,"?",,,,,,,,,,"91-14",24
"15518 - STAN - HMB- - Huntsman Marine B","STAN",15518,"15517S","HMB-","Huntsman Marine B","FR","+","St. Andrews","Charlotte","NB","5","45 05 30","-067 05 00","10S","-","-",45.09167,-67.08333,"-",5,28,14,"oldfield/pasture",,,"X","X","X","X","X","X","X","X","X","X","X","X","X","X","X","X","X","X","X","X","?",,"?",,"?",,"?",,"?",,"?",,,,,,,,,,"91-14",24
"15519 - VINS - VINS - Vermont Institute","VINS",15519,"15519U","VINS","Vermont Institute","P","+","Woodstock","Windsor","VT","5","43 36 10","-072 32 00","10S","-","-",43.60278,-72.53333,"-",320,27,14,"old field/pond edge/hedgerow",,,"X","X","X","X","X","X","X","X","X",,,,,,,,,,,,,,,,,,,,,,,,,,,,,,,,"91-99",9
"15520 - LAHO - LAUR - Laurel Hollow","LAHO",15520,"15520U","LAUR","Laurel Hollow","P","+","Cold Spr. Harbor","Nassau/Suffolk","NY","5","40 51 09","-073 27 42","01S","GPS","NAD83",40.8525,-73.46167,"x",34,9,30,"decid. woods/ponds/stream/swamp",,,,"X","X","X","X","X","X","X","X","X","X","X","X","X","X","X","X","X","X","X","X","X",,,,,,,,,,,,,,,,,,,"92-09",18
"15521 - SKRI - HAZD - Hazard","SKRI",15521,"15521U","HAZD","Hazard","IW","+","Peace Dale","Washington","RI","5","41 27 00","-071 29 00","01M","-","-",41.45,-71.48333,"-",15,12,30,"upland oak-red maple forest",,,"X","X","X","X","X",,,,,,,,,,,,,,,,,,,,,,,,,,,,,,,,,,,,"91-95",5
"15522 - THWO - THWO - Thrush Wood","THWO",15522,"15522U","THWO","Thrush Wood","P","+","Hadlyme","New London","CT","5","41 25 04","-072 22 19","01S","hard - topo map","NAD27",41.41778,-72.37139,"x",61,12,30,"mixed deciduous forest",,,"X","X","X","X","X","X","X","X","X","X","X","X","X","X","X","X","X","X","X","X",,,,,,,,,,,,,,,,,,,,,"91-08",18
"15524 - SPRG - SPRG - Spring Hill","SPRG",15524,"15524U","SPRG","Spring Hill","P","+","Ingleside","Steuben","NY","5","42 34 00","-077 20 00","10S","-","-",42.56667,-77.33333,"-",610,24,28,"oldfield/young woods",,,,"X","X","X","X","X","X","X","X","X","X",,,,,,,,,,,,,,,,,,,,,,,,,,,,,,"92-01",10
"15525 - ELMB - ELMB - Elmbrook","ELMB",15525,"15525U","ELMB","Elmbrook","F","+","Picton","Prince Edward","ON","5","44 04 50","-077 07 20","10S","-","-",44.08056,-77.12222,"-",109,18,13,"semi-mature deciduous woodland",,,,"X","X","X","X",,,,,,,,,,,,,,,,,,,,,,,,,,,,,,,,,,,,"92-95",4
"15526 - SLBS - SLBS - Sharbot Lake","SLBS",15526,"15526U","SLBS","Sharbot Lake","F","+","Sharbot Lake","Frontenac","ON","5","44 45 00","-076 45 00","BLK","-","-",44.75,-76.75,"-",190,28,12,"upland deciduous forest",,,,"X","X","X","X","X","X","X","X","X",,,,,,,,,,,,,,,,,,,,,,,,,,,,,,,"92-00",9
"15527 - DEVD - DEVD - Devil's Den","DEVD",15527,"15527U","DEVD","Devil's Den","P","+","Weston","Fairfield","CT","5","41 15 00","-073 23 10","BLK","-","-",41.25,-73.38611,"-",244,12,30,"deciduous forest",,,,"X","X","X","X","X","X","X",,,,,,,,,,,,,,,,,,,,,,,,,,,,,,,,,"92-98",7
"15528 - INNI - INNI - Innis Point","INNI",15528,"15528U","INNI","Innis Point","FR","+","Kanata","Carleton","ON","5","45 23 19","-075 54 25","01S","GPS","NAD83",45.38861,-75.90694,"x",21,18,13,"mixed woodland/swamp/riparian",,,,"X","X","X","X","X","X","X","X","X","X","X","X","X","X","X","X","X","X","X","X","X","X","X","X","X","X","X","X","X","X","X","X","X","X","X","X","X","X","X","92-19,22-",29
"15529 - PRCK - PRCK - Pierce Creek","PRCK",15529,"15529U","PRCK","Pierce Creek","P","+","Hawleyton","Broome","NY","5","42 03 00","-075 53 00","01M","-","-",42.05,-75.88333,"-",427,24,28,"low scrub/young deciduous forest",,,,"X","X","X","X","X","X",,,,,,,,,,,,,,,,,,,,,,,,,,,,,,,,,,"92-97",6
"15530 - WAWO - WAWO - Warbler Woods","WAWO",15530,"15530U","WAWO","Warbler Woods","C","+","Yaphank","Suffolk","NY","5","40 51 30","-072 56 00","10S","-","-",40.85833,-72.93333,"-",46,9,30,"moist deciduous forest",,,,"X","X","X","X","X","X","X","X","X","X","X","X","X","X","X",,,,,"X",,,,,,,,,,,,,,,,,,,,"92-06,09",16
"15531 - HARF - HARF - Harford Glen","HARF",15531,"15531U","HARF","Harford Glen","DA","+","Emmorton","Harford","MD","5","39 29 20","-076 20 40","10S","-","-",39.48889,-76.34444,"-",46,10,29,"riparian woodland",,,,"X","X","X","X","X","X","X","X","X",,,,,,,,,,,,,,,,,,,,,,,,,,,,,,,"92-00",9
"15532 - SHEN - PAMO - Pass Mountain","SHEN",15532,"15532U","PAMO","Pass Mountain","IP","+","Ida","Page","VA","5","38 40 10","-078 19 40","10S","-","-",38.66944,-78.32778,"-",770,10,28,"cove hardwood forest",,,,"X",,,,,,,,,,,,,,,,,,,,,,,,,,,,,,,,,,,,,,,"92",1
"15533 - SHEN - PICL - Pinnacle Cliff","SHEN",15533,"15533U","PICL","Pinnacle Cliff","IP","+","Sperryville","Rappahannock","VA","5","38 37 40","-078 19 30","01S","-","-",38.62778,-78.325,"-",1036,10,28,"northern red oak forest",,,,"X","X","X","X","X","X","X","X","X","X","X","X",,,,,,,,,,,,,,,,,,,,,,,,,,,,"92-03",12
"15534 - SHEN - PIRI - Pinnacle Ridge","SHEN",15534,"15534U","PIRI","Pinnacle Ridge","IP","+","Sperryville","Madison/Rappahannock","VA","5","38 36 30","-078 19 00","10S","-","-",38.60833,-78.31667,"-",579,10,28,"northern red-oak forest",,,,"X",,,,,,,,,,,,,,,,,,,,,,,,,,,,,,,,,,,,,,,"92",1
"15535 - SHEN - THMO - Thorofare Mountain","SHEN",15535,"15535U","THMO","Thorofare Mountain","IP","+","Ida","Madison","VA","5","38 35 00","-078 22 00","10S","-","-",38.58333,-78.36667,"-",1006,10,28,"northern red-oak forest",,,,"X",,,,,,,,,,,,,,,,,,,,,,,,,,,,,,,,,,,,,,,"92",1
"15536 - SHEN - OCRO - Old Crescent Rock","SHEN",15536,"15536S","OCRO","Old Crescent Rock","IP","+","Ida","Madison","VA","5","38 33 29","-078 22 47","01S","-","-",38.55806,-78.37972,"-",1067,10,28,"northern red-oak forest",,,,"X",,,,,,,,,,,,,,,,,,,,,,,,,,,,,,,,,,,,,,,"92",1
"15537 - SHEN - HARI - Hazeltop Ridge","SHEN",15537,"15537U","HARI","Hazeltop Ridge","IP","+","Stanley","Page","VA","5","38 28 32","-078 27 42","01S","-","-",38.47556,-78.46167,"-",910,10,28,"cove hardwood forest",,,,"X","X","X","X","X","X","X","X","X","X","X","X",,,,,,,,,,,,,,,,,,,,,,,,,,,,"92-03",12
"15538 - STMJ - STM1 - Saint-Majorique 1","STMJ",15538,"15538S","STM1","Saint-Majorique 1","F","+","Ste.-Brigitte-Des-Saults","Drummond","QC","5","45 58 00","-072 34 10","10S","-","-",45.96667,-72.56944,"-",75,18,13,"forest",,,,"X",,,,,,,,,,,,,,,,,,,,,,,,,,,,,,,,,,,,,,,"92",1
"15539 - DRUM - INDI - Barr Hill","DRUM",15539,"15539U","INDI","Barr Hill","DA","+","Herrings","Jefferson","NY","5","44 01 40","-075 39 00","10S","-","-",44.02778,-75.65,"-",260,16,13,"deciduous forest",,,,"X","X","X","X","X","X","X","X","X","X",,,,,,,,,,,,,,,,,,,,,,,,,,,,,,"92-01",10
"15540 - DRUM - BRAV - 3 Bravo","DRUM",15540,"15540U","BRAV","3 Bravo","DA","+","Evans Mills","Jefferson","NY","5","44 06 20","-075 40 30","10S","-","-",44.10556,-75.675,"-",180,16,13,"scrub-shrub",,,,"X","X","X","X","X","X","X","X","X","X",,,,,,,,,,,,,,,,,,,,,,,,,,,,,,"92-01",10
"15541 - SHEN - BIRU - Big Run","SHEN",15541,"15541U","BIRU","Big Run","IP","+","Grottoes","Rockingham","VA","5","38 15 09","-078 41 36","01S","-","-",38.2525,-78.69333,"-",762,10,28,"chestnut oak forest",,,,,"X","X","X","X","X","X","X","X","X","X","X",,,,,,,,,,,,,,,,,,,,,,,,,,,,"93-03",11
"15542 - WPNT - WPNT - West Point","WPNT",15542,"15542U","WPNT","West Point","DA","+","West Point","Orange","NY","5","41 23 10","-073 59 00","10S","-","-",41.38611,-73.98333,"-",253,12,28,"oak-hickory forest",,,,,"X","X","X","X","X","X","X","X","X",,,,,,,,,,,,,,,,,,,,,,,,,,,,,,"93-01",9
"15543 - HEHO - HEHO - Hell Hollow","HEHO",15543,"15543U","HEHO","Hell Hollow","C","+","Thompson","Lake","OH","5","41 41 20","-081 07 10","10S","-","-",41.68889,-81.11944,"-",273,24,13,"hemlock/northern hardwood ravine",,,,,"X","X","X","X",,,,,,,,,,,,,,,,,,,,,,,,,,,,,,,,,,,"93-96",4
"15544 - NHNH - NHNH - NHNHJPM","NHNH",15544,"15544U","NHNH","NHNHJPM","P","+","New Hampton","Belknap","NH","5","43 35 40","-071 40 51","01S","GPS","NAD83",43.59444,-71.68083,"x",174,27,14,"hardwood-white pine forest",,,,,"X","X","X","X","X","X","X","X","X","X","X","X","X","X",,,,,,,,,,,,,,,,,,,,,,,,,"93-06",14
"15545 - SIDN - SIDN - Sidney","SIDN",15545,"15545U","SIDN","Sidney","P","+","Sidney","Kennebec","ME","5","44 24 30","-069 45 50","10S","-","-",44.40833,-69.76389,"-",91,27,14,"mixed hardwood-softwood forest",,,,,"X","X","X","X",,,,,,,,,,,,,,,,,,,,,,,,,,,,,,,,,,,"93-96",4
"15546 - TAFT - TAFT - Taft Reserve","TAFT",15546,"15546U","TAFT","Taft Reserve","C","+","Linnville","Licking","OH","5","39 59 00","-082 21 00","01M","-","-",39.98333,-82.35,"-",305,22,28,"second-growth deciduous forest",,,,,"X","X","X","X","X","X","H","H",,,,,,,,,,,,,,,,,,,,,,,,,,,,,,,"93-00",8
"15547 - STMJ - STM2 - Saint-Majorique 2","STMJ",15547,"15538S","STM2","Saint-Majorique 2","F","+","Ste.-Brigitte-Des-Saults","Drummond","QC","5","45 57 50","-072 33 40","10S","-","-",45.96389,-72.56111,"-",75,18,13,"mixed deciduous forest",,,,,"X","X",,"X","X",,,,,,,,,,,,,,,,,,,,,,,,,,,,,,,,,,"93-94,96-97",4
"15548 - SHEN - DEMO - Dean Mountain","SHEN",15548,"15548U","DEMO","Dean Mountain","IP","+","Lydia","Rockingham","VA","5","38 24 26","-078 29 46","01S","-","-",38.40722,-78.49611,"-",945,10,28,"cove hardwood forest",,,,,"X","X","X","X","X","X","X","X","X","X","X",,,,,,,,,,,,,,,,,,,,,,,,,,,,"93-03",11
"15549 - SHEN - JERU - Jeremy's Run","SHEN",15549,"15549U","JERU","Jeremy's Run","IP","+","Rileyville","Page","VA","5","38 43 41","-078 19 29","01S","-","-",38.72806,-78.32472,"-",762,10,28,"chestnut oak forest",,,,,"X","X","X","X","X","X","X","X","X","X","X",,,,,,,,,,,,,,,,,,,,,,,,,,,,"93-03",11
"15550 - SHEN - CRRO - New Crescent Rock","SHEN",15550,"15536S","CRRO","New Crescent Rock","IP","+","Ida","Madison","VA","5","38 33 29","-078 22 47","01S","-","-",38.55806,-78.37972,"-",1067,10,28,"northern red oak forest",,,,,"X","X","X","X","X","X","X","X","X","X","X",,,,,,,,,,,,,,,,,,,,,,,,,,,,"93-03",11
"15552 - SKRI - NINI - Ninigret","SKRI",15552,"15552U","NINI","Ninigret","IW","+","Charlestown","Washington","RI","5","41 21 30","-071 39 50","10S","-","-",41.35833,-71.66389,"-",3,12,30,"coastal scrub-shrub",,,,,"X","X","X","X","X","X","X","X",,,,,,,,,,,,,,,,,,,,,,,,,,,,,,,"93-00",8
"15553 - SKRI - TRUS - Trustom","SKRI",15553,"15553U","TRUS","Trustom","IW","+","Green Hill","Washington","RI","5","41 22 40","-071 35 40","10S","-","-",41.37778,-71.59444,"-",6,12,30,"red maple swamp",,,,,"X","X","X","X","X","X",,,,,,,,,,,,,,,,,,,,,,,,,,,,,,,,,"93-98",6
"15554 - AGSP - AGSP - Augusta Springs","AGSP",15554,"15554U","AGSP","Augusta Springs","AF","+","Augusta Springs","Augusta","VA","5","38 06 40","-079 18 50","10S","-","-",38.11111,-79.31389,"-",495,13,28,"wet meadow/thicket/forest edge",,,,,,"X","X","X",,,,,,,,,,,,,,,,,,,,,,,,,,,,,,,,,,,"94-96",3
"15555 - MERD - MERD - Merriam Road","MERD",15555,"15555U","MERD","Merriam Road","P","+","Grafton","Worcester","MA","5","42 15 00","-071 45 00","BLK","-","-",42.25,-71.75,"-",133,12,30,"mixed deciduous-white pine",,,,,,"X","X","X","X","X","X",,,,,,,,,,,,,,,,,,,,,,,,,,,,,,,,"94-99",6
"15556 - GMVT - MANS - Mount Mansfield","GMVT",15556,"15556S","MANS","Mount Mansfield","S","+","Underhill Center","Chittenden/LaMoille","VT","5","44 31 42","-072 48 57","01S","Web - Google E","NAD83",44.52833,-72.81583,"x",1173,28,14,"subalpine spruce-fir",,,,,,"X","X","X","X","X",,,,,,,,,,,,,,,,,,,,,,,,,,,,,,,,,"94-98",5
"15557 - FANS - FANS - Fanshawe Dam","FANS",15557,"15557U","FANS","Fanshawe Dam","F","+","London","Middlesex","ON","5","43 03 00","-081 11 00","01M","-","-",43.05,-81.18333,"-",297,16,13,"white spruce plantation",,,,,,"X","X",,,,,,,,,,,,,,,,,,,,,,,,,,,,,,,,,,,,"94-95",2
"15558 - MOWO - MOWO - Moore's Woods","MOWO",15558,"15558U","MOWO","Moore's Woods","C","+","Greenport","Suffolk","NY","5","41 06 06","-072 22 34","01S","GPS","NAD83",41.10167,-72.37611,"x",2,9,30,"oak/beech/locust",,,,,,"X","X","X","X","X","X","X","X","X","X","X","X","X","X","X","X","X","X","X","X","X","X","X",,,,,,,,,,,,,,,"94-11",18
"15559 - BASS - BASS - Bass Lake","BASS",15559,"15559U","BASS","Bass Lake","P",,"Blowing Rock","Watauga","NC","5","36 08 40","-081 41 20","10S","-","-",36.14444,-81.68889,"-",1100,23,28,"mixed hardwoods",,,,,,,,"X","X","X","X","X","X",,,,,,,,,,,,,,,,,,,,,,,,,,,,,,"96-01",6
"15560 - BMNC - BMNC - Beaver Meadow","BMNC",15560,"15560S","BMNC","Beaver Meadow","P","+","Java Center","Wyoming","NY","5","42 40 30","-078 22 30","10S","-","-",42.675,-78.375,"-",460,24,28,"red maple, cherry",,,,,,,,"X","X","X","X","X","X","X","X","X","X","X","X","X","X","X","X","X","X","X","X","X","X","X","X","X","X","X","X","X","X","X","X","X","X","X","96-",27
"15561 - AROO - WOBO - Woodland Bog","AROO",15561,"15561U","WOBO","Woodland Bog","P","+","Perham","Aroostook","ME","5","46 53 00","-068 09 00","01M","-","-",46.88333,-68.15,"-",183,27,14,"mixed hardwood-softwood forest",,,,,,"X","X","X","X","X",,,,,,,,,,,,,,,,,,,,,,,,,,,,,,,,,"94-98",5
"15562 - CRES - CRES - Clinch River","CRES",15562,"15562U","CRES","Clinch River","C","+","Elza","Anderson","TN","5","36 02 44","-084 11 38","01S","GPS","NAD83",36.04556,-84.19389,"x",914,13,28,"deciduous forest",,,,"X","X","X","X","X",,,,,,,,,,,,,,,,,,,,,,,,,,,,,,,,,,,"92-96",5
"15563 - NAMP - NAMP - Northampton Park","NAMP",15563,"15563U","NAMP","Northampton Park","C","+","Brockport","Monroe","NY","5","43 10 56","-077 53 06","01S","-","-",43.18222,-77.885,"-",191,16,13,"shrubby trees/woods/field",,,,,,,"X","X","X","X","X",,,,,,,,,,,,,,,,,,,,,,,,,,,,,,,,"95-99",5
"15564 - RAYS - RAYS - Raystown","RAYS",15564,"15564U","RAYS","Raystown","P","+","Entriken","Huntingdon","PA","5","40 21 00","-078 09 00","01M","-","-",40.35,-78.15,"-",340,13,28,"oak-hickory forest/oldfield",,,,,,,"X",,,,,,,,,,,,,,,,,,,,,,,,,,,,,,,,,,,,"95",1
"15565 - GMVT - RABR - Ranch Brook","GMVT",15565,"15556S","RABR","Ranch Brook","S","+","Underhill Center","LaMoille","VT","5","44 31 50","-072 48 40","10S","-","-",44.53056,-72.81111,"-",1100,28,14,"subalpine spruce-fir",,,,,,,"X","X",,,,,,,,,,,,,,,,,,,,,,,,,,,,,,,,,,,"95-96",2
"15566 - GMVT - BELM - Belvidere Mountain","GMVT",15566,"15566U","BELM","Belvidere Mountain","P","+","Eden Mills","Orleans","VT","5","44 46 30","-072 32 20","10S","-","-",44.775,-72.53889,"-",1000,28,14,"spruce-fir",,,,,,,"X",,,,,,,,,,,,,,,,,,,,,,,,,,,,,,,,,,,,"95",1
"15567 - TACO - EQUI - Equinox Mountain","TACO",15567,"15567U","EQUI","Equinox Mountain","P","+","Manchester","Bennington","VT","5","43 10 00","-073 07 00","10S","-","-",43.16667,-73.11667,"-",1200,27,14,"subalpine spruce-fir",,,,,,,"X",,,,,,,,,,,,,,,,,,,,,,,,,,,,,,,,,,,,"95",1
"15568 - CATS - PLAT - Plateau Mountain","CATS",15568,"15568U","PLAT","Plateau Mountain","S","+","Edgewood","Greene","NY","5","42 08 00","-074 11 20","10S","-","-",42.13333,-74.18889,"-",1200,24,28,"spruce-fir old growth",,,,,,,"X",,,,,,,,,,,,,,,,,,,,,,,,,,,,,,,,,,,,"95",1
"15569 - TIFF - TIFF - Tiffany Creek","TIFF",15569,"15569U","TIFF","Tiffany Creek","C","+","Oyster Bay","Nassau","NY","5","40 52 00","-073 34 00","01M","-","-",40.86667,-73.56667,"-",55,9,30,"climax hardwood forest",,,,,,,,"X","X",,,,,,,,,,,,,,,,,,,,,,,,,,,,,,,,,,"96-97",2
"15570 - GMVT - FRST - Fore","GMVT",15570,"15556S","FRST","Fore","S","+","Underhill Center","LaMoille","VT","5","44 31 40","-072 49 10","10S","-","-",44.52778,-72.81944,"-",1200,28,14,"subalpine spruce-fir",,,,,,,,"X",,,,,,,,,,,,,,,,,,,,,,,,,,,,,,,,,,,"96",1
"15571 - KNIS - KNIS - Knight Island","KNIS",15571,"15571U","KNIS","Knight Island","S","+","North Hero","Grand Isle","VT","5","44 48 40","-073 15 20","10S","GPS","NAD83",44.81111,-73.25556,"x",34,18,13,"open flds/mixed 2nd-growth hdwds",,,,,,,,"X","X",,,,,,,,,,,,,,,,,,,,,,,,,,,,,,,,,,"96-97",2
"15573 - NERI - SAND - Sandstone Falls","NERI",15573,"15573U","SAND","Sandstone Falls","IP","+","Sandstone","Raleigh","WV","5","37 45 38","-080 54 01","01S","GPS","NAD83",37.76056,-80.90028,"x",396,22,28,"floodplain mixed hardwoods/10% oldfield",,,,,,,,"X","X","X","X","X","X","X","X","X","X","X","X","X",,,"X","X","X","X","X","X","X","X","X","X","X","X","X","X","X","X","X","X","X","X","96-07,09-",26
"15574 - LCPA - BGRN - Big Run","LCPA",15574,"15574U","BGRN","Big Run","P","+","Eastbrook","Lawrence","PA","5","41 01 40","-080 14 40","10S","-","-",41.02778,-80.24444,"-",370,24,13,"northern deciduous forest",,,,,,,,,"X","X",,,,,,,,,,,,,,,,,,,,,,,,,,,,,,,,,"97-98",2
"15575 - CBWP - CBWP - C. Brooke Worth Preserve","CBWP",15575,"15575U","CBWP","C. Brooke Worth Preserve","P","+","Longwood Gardens","Chester","PA","5","39 52 46","-075 39 27","01S","GPS","NAD83",39.87944,-75.6575,"x",97,10,29,"lowland deciduous riparian for.",,,,,,,,,"X","X","X","X","X","X","X","X","X","X","X","X","X","X",,,,,,,,,,,,,,,,,,,,,"97-08",12
"15576 - YANK - YANK - Yankauer","YANK",15576,"15576U","YANK","Yankauer","P","+","Falling Waters","Berkeley","WV","5","39 30 00","-077 51 20","10S","-","-",39.5,-77.85556,"-",120,13,28,"deciduous hardwoods",,,,,,,,,"X","X","X","X","X","X","X","X",,,,,,,,,,,,,,,,,,,,,,,,,,,"97-04",8
"15577 - AUDU - MWSF - Miles","AUDU",15577,"15577U","MWSF","Miles","P","+","Sharon","Litchfield","CT","5","41 53 00","-073 24 32","01S","-","NAD83",41.88333,-73.40889,"x",270,27,28,"mixed-decid. forest/wetlands",,,,,,,,,"X","X","X","X","X","X","X","X","X","X","X","X","X","X","X","X","X","X","X","X","X","X","X","X","X","X","X","X",,,,,,,"97-15",19
"15578 - AUDU - BFSW - Buttercup Farm","AUDU",15578,"15578U","BFSW","Buttercup Farm","P","+","Stanfordville","Dutchess","NY","5","41 54 50","-073 40 50","01S","-","NAD83",41.91389,-73.68056,"x",140,13,13,"wetland/fields/forest/plantation",,,,,,,,,"X","X","X","X","X","X","X","X","X","X","X","X","X","X","X","X","X","X","X","X","X","X","X","X","X","X","X","X",,,,,,,"97-15",19
"15579 - AUDU - SACF - Culver Forest","AUDU",15579,"15579S","SACF","Culver Forest","P","+","Sharon","Litchfield","CT","5","41 50 56","-073 27 22","01S","-","NAD83",41.84889,-73.45611,"x",340,27,28,"2nd-grwth for./wetland/old past.",,,,,,,,,"X","X","X","X","X","X","X","X","X","X","X","X","X","X","X","X","X","X","X","X","X","X","X","X","X","X","X","X",,,,,,,"97-15",19
"15580 - AUDU - BORF - Bent of the River 1","AUDU",15580,"15580S","BORF","Bent of the River 1","P","+","South Britain","New Haven","CT","5","41 27 43","-073 15 57","01S","-","NAD83",41.46194,-73.26583,"x",91,12,30,"mature decid. forest/rip./grass.",,,,,,,,,"X","X","X","X","X","X","X","X","X","X","X","X","X","X",,,,,,,,,,,,,,,,,,,,,"97-08",12
"15581 - AUDU - BORR - Bent of the River 2","AUDU",15581,"15580S","BORR","Bent of the River 2","P","+","South Britain","New Haven","CT","5","41 27 57","-073 15 25","01S","-","NAD83",41.46583,-73.25694,"x",30,12,30,"mature forest/grassland",,,,,,,,,"X","X","X","X","X","X","X","X","X","X","X","X","X","X",,,,,,,,,,,,,,,,,,,,,"97-08",12
"15582 - AUDU - SACE - Sharon Audubon Center","AUDU",15582,"15579S","SACE","Sharon Audubon Center","P","+","Sharon","Litchfield","CT","5","41 51 01","-073 27 07","01S","-","NAD83",41.85028,-73.45194,"x",320,27,28,"old pasture/2nd growth for./pond",,,,,,,,,"X","X","X","X","X","X","X","X","X","X","X","X","X","X","X","X","X","X","X","X","X","X","X","X","X","X","X","X",,,,,,,"97-15",19
"15583 - MALL - MALL - Fairmont Mall","MALL",15583,"15583U","MALL","Fairmont Mall","S","+","Whitehall","Marion","WV","5","39 25 50","-080 10 50","10S","-","-",39.43056,-80.18056,"-",340,22,28,"deciduous forest/old field",,,,,,,,,"X","X",,,,,,,,,,,,,,,,,,,,,,,,,,,,,,,,,"97-98",2
"15584 - JARB - JARB - Montreal","JARB",15584,"15584U","JARB","Montreal","FC","+","Montreal","Montreal","QC","5","45 33 30","-073 33 30","10S","-","-",45.55833,-73.55833,"-",85,18,13,"mixed woodland/other herbaceous",,,,,,,,,"X","X","X","X","X","H","H",,,,,,,,,,,,,,,,,,,,,,,,,,,,"97-03",7
"15585 - MDC1 - MDC1 - Metropolitan District","MDC1",15585,"15585U","MDC1","Metropolitan District","P","+","Riverton","Hartford","CT","5","41 58 55","-072 58 10","01S","Web - Google E.","NAD83",41.98194,-72.96944,"x",308,12,14,"upland deciduous forest",,,,,,,,,"X","X","X","X",,,,,,,,,,,,,,,,,,,,,,,,,,,,,,,"97-00",4
"15586 - BUCK - BUHO - Buck's Hollow","BUCK",15586,"15586U","BUHO","Buck's Hollow","C","+","New York","Richmond","NY","5","40 37 57","-074 08 13","01S","-","-",40.6325,-74.13694,"-",61,9,30,"forest/secondary growth",,,,,,,,,"X","X","X","X","X","X","X","X","X","X","X","X","X","X","X","X",,,,,,,,,,,,,,,,,,,"97-09",13
"15587 - BUCK - FTTI - Fort Tilden","BUCK",15587,"15587U","FTTI","Fort Tilden","IP","+","New York","Queens","NY","5","40 33 45","-073 53 14","01S","-","-",40.5625,-73.88722,"-",6,9,30,"second growth",,,,,,,,,"X","X","X","X","X","X","X","X","X","X","X","X","X","X","X","X",,,,,,,,,,,,,,,,,,,"97-09",13
"15588 - MBBS - MBBS - Massabesic","MBBS",15588,"15588U","MBBS","Massabesic","P","+","Auburn","Rockingham","NH","5","42 59 02","-071 21 53","01S","GPS","NAD83",42.98389,-71.36472,"x",70,27,30,"mixed coniferous/deciduous woodland",,,,,,,,,"X","X","X","X","X","X","X","X","X","X",,,,,,,,,,,"X",,"X",,,,,,,,,,,,"97-06,12-13",12
"15589 - KNIS - HUNT - Green Mountain","KNIS",15589,"15589U","HUNT","Green Mountain","P","+","Huntington","Chittenden","VT","5","44 20 49","-072 59 50","01S","GPS","NAD83",44.34694,-72.99722,"x",160,18,14,"marsh/forest/oldfield",,,,,,,,,"X","X","X","X","X","X","X","X","X","X","X","X","X","X","X","X","X","X","X","X","X","X","X","X","X","X","X","X","X","X","X","X","X","X","97-",26
"15590 - ROSS - ROSS - Ross Lake","ROSS",15590,"15590U","ROSS","Ross Lake","P",,"Chillicothe","Ross","OH","5","39 21 00","-082 54 40","10S","-","-",39.35,-82.91111,"-",210,22,28,"mature woods/wet area",,,,,,,,,"X","X","X","X","X","X","X","X","X","X","X","X","X","X",,,,,,,,,,,,,,,,,,,,,"97-08",12
"15591 - HOVA - VIRC - Holston Valley","HOVA",15591,"15591U","VIRC","Holston Valley","P","+","Bristol","Sullivan","TN","5","36 33 34","-082 06 31","01S","Web - Google E.","NAD83",36.55944,-82.10861,"x",520,13,28,"decid. for./pine plant./scrub",,,,,,,,,"X","X","X","X","X",,,,,,"X","X","X","X","X","X","X","X",,,,,,,,,,,"X","X","X","X","X","X","97-01,07-10,16-18",12
"15592 - STTM - STTM - St. Timothy's School","STTM",15592,"15592U","STTM","St. Timothy's School","P","+","Pikesville","Baltimore","MD","5","39 24 30","-076 41 50","10S","-","-",39.40833,-76.69722,"-",130,10,29,"mature forest/old field",,"X","X","X","X","X","X","X",,,,,,,,,,,,,,,,,,,,,,,,,,,,,,,,,,,"90-96",7
"15593 - FUNP - FUNP - Fundy National Park","FUNP",15593,"15593U","FUNP","Fundy National Park","FP","+","Mechanic settlement","Comte Albert","NB","5","45 39 10","-065 08 00","10S","-","-",45.65278,-65.13333,"-",350,28,14,"deciduous forest/mixed woodland",,,,,,,,,"X","X","X","X","X","X","X","X","X","X",,,,,,,,,,,,,,,,,,,,,,,,,"97-06",10
"15594 - HEBR - CLHI - Hebron - Clara Hill","HEBR",15594,"15594U","CLHI","Hebron - Clara Hill","P","+","Millport","Potter","PA","5","41 52 30","-078 07 30","10S","-","-",41.875,-78.125,"-",700,24,28,"deciduous other/deciduous forest",,,,,,,,,"X","X","X","X","X","X","X","X","X","X","X",,"X",,"X",,"X",,,,,,,,,,,,,,,,,,"97-10",14
"15595 - CUYA - ERCA - Ohio & Erie Canal Reserv.","CUYA",15595,"15595U","ERCA","Ohio & Erie Canal Reserv.","C","+","Cuyahoga Hts.","Cuyahoga","OH","5","41 25 47","-081 40 03","01S","Web - Google E","NAD83",41.42972,-81.6675,"x",181,24,13,"oldfield/floodplain forest/riparian",,,,,,,,,,"X","X","X","X","X","X",,,,,,,,,,,,,,"X","X","X","X","X","X","X","X","X","X",,,,,"98-03,12-16",11
"15596 - ARBO - ARB1 - U of T Arb & For Exp Sta1","ARBO",15596,"15596S","ARB1","U of T Arb & For Exp Sta1","S","+","Oak Ridge","Anderson","TN","5","36 00 07","-084 12 55","01S","-","NAD83",36.00194,-84.21528,"x",305,13,28,"oak/hickory/pine forest/old field",,,,,,,,,,"X","X","X","X","X","X","X","X","X",,,,,"X","X",,,,,,,,,,,,,,,,,,,"98-06,09",10
"15597 - ARBO - ARB2 - U of T Arb & For Exp Sta2","ARBO",15597,"15596S","ARB2","U of T Arb & For Exp Sta2","S","+","Oak Ridge","Anderson","TN","5","35 59 50","-084 12 10","01S","-","NAD83",35.99722,-84.20278,"x",274,13,28,"oak/hickory forest & shrubland",,,,,,,,,,"X","X","X","X","X","X","X","X","X",,,,,"X","X",,,,,,,,,,,,,,,,,,,"98-06,09",10
"15598 - EMCI - ROIS - Roque Island","EMCI",15598,"15598U","ROIS","Roque Island","P","+","Jonesport","Washington","ME","5","44 35 07","-067 32 11","01S","-","-",44.58528,-67.53639,"-",15,28,14,"evergreen forest/mixed shrubland",,,,,,,,"X","X","X","X","X","X","X","X",,,,,,,,,,,,,,,,,,,,,,,,,,,,"96-03",8
"15599 - EMCI - SPNE - Sprague Neck","EMCI",15599,"15599U","SPNE","Sprague Neck","DN","+","Cutler","Washington","ME","5","44 39 47","-067 19 24","01S","-","-",44.66306,-67.32333,"-",15,28,14,"mixed forest/mixed woodland",,,,,,,,"X","X","X","X","X","X","X","X",,,,,,,,,,,,,,,,,,,,,,,,,,,,"96-03",8
"15600 - EMCI - SCPO - Schoodic Point","EMCI",15600,"15600U","SCPO","Schoodic Point","IP","+","Winter Harbor","Hancock","ME","5","44 20 14","-068 03 51","01S","-","-",44.33722,-68.06417,"-",20,28,14,"evergreen woodland/mixed shrublan",,,,,,,,"X","X","X","X","X","X","X","X",,,,,,,,,,,,,,,,,,,,,,,,,,,,"96-03",8
"15601 - EMCI - PEMA - Petit Manan Point","EMCI",15601,"15601U","PEMA","Petit Manan Point","IW","+","Steuben","Washington","ME","5","44 24 29","-067 54 14","01S","-","-",44.40806,-67.90389,"-",10,28,14,"deciduous shrubland/mixed woodlan",,,,,,,,,"X","X","X","X","X","X","X",,,,,,,,,,,,,,,,,,,,,,,,,,,,"97-03",7
"15602 - MERR - MERR - Merrill Creek","MERR",15602,"15602S","MERR","Merrill Creek","P","+","Harmony","Warren","NJ","5","40 44 20","-075 05 30","10S","-","-",40.73889,-75.09167,"-",302,13,28,"deciduous forest/shrubland",,,,,,,,,,"X",,,,,,,,,,,,,,,,,,,,,,,,,,,,,,,,,"98",1
"15603 - AUDU - GMFI - Great Mountain Forest","AUDU",15603,"15603U","GMFI","Great Mountain Forest","P","+","Norfolk","Litchfield","CT","5","41 57 32","-073 14 55","01S","-","NAD83",41.95889,-73.24861,"x",473,27,14,"mixed forest/other",,,,,,,,,,"X","X","X","X","X","X","X","X","X","X","X","X","X","X","X","X","X","X","X","X","X","X","X","X","X","X","X",,,,,,,"98-15",18
"15604 - EISE - EISE - Eisenhower Park","EISE",15604,"15604U","EISE","Eisenhower Park","C","+","Milford","New Haven","CT","5","41 13 20","-073 03 30","10S","-","-",41.22222,-73.05833,"-",20,12,30,"mixed meadow/other meadow",,,,,,,,,,"X",,,,,,,,,,,,,,,,,,,,,,,,,,,,,,,,,"98",1
"15605 - CACO - NASC - Nauset School","CACO",15605,"15605U","NASC","Nauset School","IP","+","Eastham","Barnstable","MA","5","41 51 21","-069 57 59","01S","-","-",41.85583,-69.96639,"-",15,9,30,"oak/pine (high density)",,,,,,,,,,,"X","X","X","X","X",,,,,,,,,,,,,,,,,,,,,,,,,,,,"99-03",5
"15606 - CACO - MABE - Marconi Beach","CACO",15606,"15606U","MABE","Marconi Beach","IP","+","Wellfleet","Barnstable","MA","5","41 53 37","-069 58 21","01S","-","-",41.89361,-69.9725,"-",12,9,30,"pine (low density)",,,,,,,,,,,"X","X","X","X","X",,,,,,,,,,,,,,,,,,,,,,,,,,,,"99-03",5
"15607 - CACO - BLHI - Blueberry Hill","CACO",15607,"15607U","BLHI","Blueberry Hill","IP","+","Wellfleet","Barnstable","MA","5","41 56 16","-069 59 45","01S","-","-",41.93778,-69.99583,"-",15,9,30,"oak/pine (low density)",,,,,,,,,,,"X","X","X","X","X",,,,,,,,,,,,,,,,,,,,,,,,,,,,"99-03",5
"15608 - CACO - HIHO - Higgins House","CACO",15608,"15608U","HIHO","Higgins House","IP","+","Wellfleet","Barnstable","MA","5","41 57 25","-070 03 38","01S","-","-",41.95694,-70.06056,"-",15,9,30,"pine (high density)",,,,,,,,,,,"X","X","X","X","X",,,,,,,,,,,,,,,,,,,,,,,,,,,,"99-03",5
"15609 - CACO - OADU - Oak Dunes","CACO",15609,"15609U","OADU","Oak Dunes","IP","+","Truro","Barnstable","MA","5","41 58 39","-070 00 41","01S","-","-",41.9775,-70.01139,"-",30,9,30,"oak (low density)",,,,,,,,,,,"X","X","X","X","X",,,,,,,,,,,,,,,,,,,,,,,,,,,,"99-03",5
"15610 - CACO - LOBE - Longnook Beach","CACO",15610,"15610U","LOBE","Longnook Beach","IP","+","Truro","Barnstable","MA","5","42 01 08","-070 02 57","01S","-","-",42.01889,-70.04917,"-",46,9,30,"oak (high density)",,,,,,,,,,,"X","X","X","X","X",,,,,,,,,,,,,,,,,,,,,,,,,,,,"99-03",5
"15611 - MNWR - MAIN - Montezuma NWR","MNWR",15611,"15611U","MAIN","Montezuma NWR","IW","+","Seneca Falls","Seneca","NY","5","42 57 50","-076 43 50","10S","-","-",42.96389,-76.73056,"-",118,16,13,"deciduous shrubland/dec. woodland",,,,,,,,,,,"X",,,,,,,,,,,,,,,,,,,,,,,,,,,,,,,,"99",1
"15612 - MERR - APOR - Apple Orchard","MERR",15612,"15602S","APOR","Apple Orchard","P","+","Harmony","Warren","NJ","5","40 44 24","-075 05 27","01S","GPS","-",40.74,-75.09083,"-",287,13,28,"old apple orchard",,,,,,,,,,,"X","X","X","X","X",,"X",,,,,,,,,,,,,,,,,,,,,,,,,,"99-03,05",6
"15613 - BUCK - WIBR - Willowbrook","BUCK",15613,"15613S","WIBR","Willowbrook","C","+","New York","Richmond","NY","5","40 35 57","-074 09 23","01S","-","-",40.59917,-74.15639,"-",12,9,30,"floodplain forest",,,,,,,,,,,"X","X","X","X","X","X","X","X","X","X","X","X","X","X",,,,,,,,,,,,,,,,,,,"99-09",11
"15614 - BOHE - BOHE - Boise de L'Heritage","BOHE",15614,"15614U","BOHE","Boise de L'Heritage","FC","+","Montreal","Mercier","QC","5","45 40 26","-073 31 05","01S","-","-",45.67389,-73.51806,"-",12,18,13,,,,,,,,,,,,"X","X","X","X","X","X","X","X","X","X","X","X",,,"X","X",,,,,,,,,,,,,,,,,"99-08,10",11
"15615 - SBNC - NISS - Nissiquogue River","SBNC",15615,"15615U","NISS","Nissiquogue River","P","+","Smithtown","Suffolk","NY","5","40 51 50","-073 12 10","10S","-","-",40.86389,-73.20278,"-",8,9,30,"closed canopy forest and field",,,,,,,,,,,"X","X",,,,,,,,,,,,,,,,,,,,,,,,,,,,,,,"99-00",2
"15616 - BETR - BETR - Beall Tract","BETR",15616,"15616U","BETR","Beall Tract","IW","+","Davis","Tucker","WV","5","39 04 21","-079 24 48","01S","-","-",39.0725,-79.41333,"-",985,24,28,"maple-beech-cherry forest",,,,,,,,,,,"X",,,,,,,,,,,,,,,,,,,,,,,,,,,,,,,,"99",1
"15617 - EMCI - ATRE - Apple Tree","EMCI",15617,"15617U","ATRE","Apple Tree","IW","+","Gouldsboro","Hancock","ME","5","44 29 12","-068 00 51","01S","-","-",44.48667,-68.01417,"-",10,28,14,"mixed conifer/deciduous forest",,,,,,,,,,"X","X","X","X","X","X",,,,,,,,,,,,,,,,,,,,,,,,,,,,"98-03",6
"15618 - SINY - MASH - Mashomack Preserve","SINY",15618,"15618U","MASH","Mashomack Preserve","P","+","Shelter Island","Suffolk","NY","5","41 02 40","-072 18 10","01S","-","-",41.04444,-72.30278,"-",3,9,30,"deciduous woodland/tidal marsh",,,,,,,,,,,,"X","X","X","X","X",,,,,,,,,,,,,,,,,,,,,,,,,,,"00-04",5
"15619 - CARI - CARI - Carp Ridge","CARI",15619,"15619U","CARI","Carp Ridge","FR","+","Constance Bay","Carleton","ON","5","45 24 41","-076 03 45","01S","GPS","NAD83",45.41139,-76.0625,"x",100,18,13,"sugar maple forest/meadow",,,,,,,,,,,,"X","X","X","X","X","X","X","X","X","X","X","X","X","X","X","X","X","X","X","X","X","X","X","X","X","X","X","X","X","X","X","00-",23
"15620 - GRSM - GSMI - Great Smoky Mtns. Tremont","GRSM",15620,"15620U","GSMI","Great Smoky Mtns. Tremont","IP","+","Townsend","Blount","TN","5","35 38 23","-083 41 22","01S","hard copy topo","NAD27",35.63972,-83.68917,"x",430,23,28,"hardwood riparian forest",,,,,,,,,,,,"X","X","X","X","X","X","X","X","X",,,,,,,,,"X","X","X","X","X","X","X","X","X","X","X","X","X","X","00-07,12-",19
"15621 - POCO - KETT - Kettle Creek","POCO",15621,"15621U","KETT","Kettle Creek","P","+","Reeders","Monroe","PA","5","40 59 16","-075 17 49","01S","web-topozone","NAD83",40.98778,-75.29694,"x",243,13,28,"mixed for.;riparian and upland",,,,,,,,,,,,"X","X","X","X","X","X","X","X","X","X","X","X","X","X","X","X","X","X","X","X","X","X","X","X","X","X",,"X",,"X",,"00-19,21-",22
"15622 - POCO - SKYT - Skytop","POCO",15622,"15622S","SKYT","Skytop","P","+","Skytop","Pike","PA","5","41 15 09","-075 14 12","01S","web-topozone","NAD83",41.2525,-75.23667,"x",524,24,28,"ripar. decid. for. w/ norway spru",,,,,,,,,,,,"X","X","X","X","X",,,,,,,,,,,,,,,,,,,,,,,,,,,"00-04",5
"15623 - HELM - HELM - Helmer Marsh","HELM",15623,"15623U","HELM","Helmer Marsh","S","+","Montezuma","Cayuga","NY","5","43 02 37","-076 41 47","01S","-","-",43.04361,-76.69639,"-",120,16,13,"shrub/pioneer tree on forest edge",,,,,,,,,,,,"X","X","X","X","X",,,,,,,,,,,,,,,,,,,,,,,,,,,"00-04",5
"15624 - ADVE - ADVE - Adventure","ADVE",15624,"15624U","ADVE","Adventure","P","+","Potomac","Montgomery","MD","5","39 02 49","-077 13 12","01S","GIS - ArcView","NAD83",39.04694,-77.22,"x",91,10,29,"grassland/deciduous woodland",,,,,,,,,,,,"X","X","X","X","X","X","X","X","X","X","X",,,,,,,,,,,,,,,,,,,,,"00-08",9
"15625 - BUCK - CORS - Corson's Brook Woods","BUCK",15625,"15613S","CORS","Corson's Brook Woods","S","+","Staten Island","Richmond","NY","5","40 35 43","-074 08 45","01S","-","-",40.59528,-74.14583,"-",43,9,30,,,,,,,,,,,,,"X","X","X","X","X","X","X","X","X","X","X",,,,,,,,,,,,,,,,,,,,,"00-08",9
"15626 - FUNP - FNP2 - Fundy National Park 2","FUNP",15626,"15626U","FNP2","Fundy National Park 2","FP","+","Alma","Comte Albert","NB","5","45 35 00","-065 05 00","01M","-","-",45.58333,-65.08333,"-",20,28,14,"deciduous forest/mixed woodland",,,,,,,,,,,,"X","X","X","X","X","X","X",,,,,,,,,,,,,,,,,,,,,,,,,"00-06",7
"15627 - SUGR - SFPR - S. Fork Potomac River","SUGR",15627,"15627U","SFPR","S. Fork Potomac River","DN","+","Brandywine","Pendleton","WV","5","38 34 44","-079 16 13","01S","-","-",38.57889,-79.27028,"-",536,13,28,"riparian corridor/mixed conif. forest",,,,,,,,,,,,,"X","X","X","X","X","X","X","X","X","X",,,,,,,,,,,,,,,,,,,,,"01-08",8
"15628 - SUGR - BECR - Beaver Creek","SUGR",15628,"15628S","BECR","Beaver Creek","DN","+","Brandywine","Pendleton","WV","5","38 30 40","-079 16 46","01S","Web - Google E.","NAD83",38.51111,-79.27944,"x",658,13,28,"mixed coniferous-deciduous forest",,,,,,,,,,,,,"X","X","X","X","X","X","X","X","X","X",,,,,,,,,,,,,,,,,,,,,"01-08",8
"15629 - FRBN - FRBV - Flat Rock Brook Nat. Asoc","FRBN",15629,"15629U","FRBV","Flat Rock Brook Nat. Asoc","C","+","Englewood","Bergen","NJ","5","40 52 26","-073 58 00","01S","-","-",40.87389,-73.96667,"-",85,10,30,"deciduous woods/suburbia",,,,,,,,,,,,,"X","X","X",,,,,,,,,,,,,,,,,,,,,,,,,,,,"01-03",3
"15630 - MARV - BEAV - Beaver Marsh","MARV",15630,"15630S","BEAV","Beaver Marsh","P","+","Kent","Litchfield","CT","5","41 46 51","-073 27 34","01S","Web - Google E.","NAD83",41.78083,-73.45944,"x",399,27,28,"marsh edge w h.hornbeam&w.birch",,,,,,,,,,,,,"X","X","X","X","X","X","X","X","X","X","X","X","X","X","X","X","X","X","X","X","X","X","X","X","X","X","X","X","X","X","01-",22
"15631 - SSNC - SSNC - South Shore Nature Center","SSNC",15631,"15631U","SSNC","South Shore Nature Center","C","+","East Islip","Suffolk","NY","5","40 42 50","-073 11 35","01S","-","NAD83",40.71389,-73.19306,"x",1,9,30,"upl.oak-hick./r.maple-tupelo swmp",,,,,,,,,,,,,"X","X","X","X","X","X","X","X","X",,"X",,,,,,,,,,,,,,,,,,,,"01-09",9
"15632 - TCFS - MAP2 - Trinity College Field Sta","TCFS",15632,"15632U","MAP2","Trinity College Field Sta","P","+","Ashford","Windham","CT","5","41 50 21","-072 10 16","01S","Web - Google E.","NAD83",41.83917,-72.17111,"x",111,12,30,"oak-hickory-red maple forest",,,,,,,,,,,,,"X","X","X","X","X","X","X","X","X","X","X","X",,,,,,,,,,,,,,,,,,,"01-09",9
"15633 - CASP - MAP1 - CT Aud. Center at Pomfret","CASP",15633,"15633U","MAP1","CT Aud. Center at Pomfret","P","+","Pomfret Center","Windham","CT","5","41 52 23","-071 57 21","01S","Web - Google E.","NAD83",41.87306,-71.95583,"x",132,12,30,"mixed decid.-conifer/open meadows",,,,,,,,,,,,,"X","X","X","X","X","X","X","X","X","X","X","X","X","X","X","X","X","X","X","X","X","X","X","X","X","X","X","X","X","X","01-",22
"15634 - STKY - STKY - Stokely Creek Control","STKY",15634,"15634U","STKY","Stokely Creek Control","FR","+","Sault Ste. Marie","Algoma District","ON","5","46 48 29","-084 18 39","01S","-","-",46.80806,-84.31083,"-",380,28,12,"tolerant hardwood",,,,,,,,,,,"X","X","X",,,,,,,,,,,,,,,,,,,,,,,,,,,,,,"99-01",3
"15635 - TRAC - HOFF - Hoffman Center","TRAC",15635,"15635U","HOFF","Hoffman Center","P","+","East Norwich","Nassau","NY","5","40 49 55","-073 33 13","01S","Web - Google E.","NAD83",40.83194,-73.55361,"x",59,9,30,"mixed woodland/grassland in sub.",,,,,,,,,,,,,"X","X","X","L","X","X","X","X","X","H",,,,,,,,,,,,,,,,,,,,,"01-08",8
"15636 - FIVE - EANY - Five Rivers","FIVE",15636,"15636U","EANY","Five Rivers","S","+","Delmar","Albany","NY","5","42 36 48","-073 53 37","01S","Arc Map","NAD83",42.61333,-73.89361,"x",50,13,13,"open field/mixed decid.for./ripar",,,,,,,,,,,,,"X","X","X","X","X","X","X","X","X","X","X","X","X","X","X","X","X","X","X","X","X","X","X","X","X","X","X","X","X","X","01-19,21-",21
"15637 - CLDC - CLDC - James A. Zaepfel Nat.Sanc","CLDC",15637,"15637U","CLDC","James A. Zaepfel Nat.Sanc","P","+","Napoli","Cattaraugus","NY","5","42 12 57","-078 53 39","01S","GPS","NAD27",42.21583,-78.89389,"x",502,24,28,"shrubland/old field",,,,,,,,,,,,,"X","X","X","X","X","X","X","X","X","X","X","X","X","X",,,,,,,,,,,,,,,,,"01-10",10
"15638 - KNIS - MISS - Mississquoi NWR","KNIS",15638,"15638U","MISS","Mississquoi NWR","IW","+","Swanton","Franklin","VT","5","44 59 00","-073 12 00","01S","GPS","-",44.98333,-73.2,"-",35,18,13,"maple-ash bottomland forest/edge",,,,,,,,,,,,,"X","X","X","X",,,,,,,,,,,,,,,,,,,,,,,,,,,"01-04",4
"15639 - RWMA - RWMA - Rapidan WMA","RWMA",15639,"15639U","RWMA","Rapidan WMA","S","+","Wolftown","Madison","VA","5","38 25 13","-078 24 21","01S","-","-",38.42028,-78.40583,"-",488,10,28,"mesic harwood forest/riparian cor",,,,,,,,,,,,,"X","X",,,,,,,,,,,,,,,,,,,,,,,,,,,,,"01-02",2
"15640 - QUCC - QUCC - Queens College Center","QUCC",15640,"15640U","QUCC","Queens College Center","S","+","Lloyd Harbor","Suffolk","NY","5","40 55 50","-073 27 30","10S","-","-",40.93056,-73.45833,"-",32,9,30,,,,,,,,,,,,,"X",,,,,,,,,,,,,,,,,,,,,,,,,,,,,,,"00",1
"15641 - HOGI - HOGI - Hog Island","HOGI",15641,"15641U","HOGI","Hog Island","P","+","Round Pond","Lincoln","ME","5","43 58 01","-069 25 33","01S","-","-",43.96694,-69.42583,"-",33,27,14,"mixed forest on island",,,,,,,,,,,,,,"X",,,,,,,,,,,,,,,,,,,,,,,,,,,,,"02",1
"15642 - NSVL - BLAN - NSVAS - Blandy","NSVL",15642,"15642U","BLAN","NSVAS - Blandy","S","+","Boyce","Clark","VA","5","39 03 20","-078 03 30","01S","-","-",39.05556,-78.05833,"-",200,13,28,"mixed hardwood/farmland/riparian",,,,,,,,,,,,,,"X","X","X","X","X",,,,,,,,,,,,,,,,,,,,,,,,,"02-06",5
"15643 - NSVL - GLEN - Glendobbin","NSVL",15643,"15643U","GLEN","Glendobbin","P","+","Winchester","Frederick","VA","5","39 14 20","-078 09 45","01S","-","-",39.23889,-78.1625,"-",300,13,28,"mixed hardwood/farmland",,,,,,,,,,,,,,"X","X","X","X","X",,,,,,,,,,,,,,,,,,,,,,,,,"02-06",5
"15644 - GRSM - PUKN - Purchase Knob","GRSM",15644,"15644U","PUKN","Purchase Knob","IP","+","Maggie Valley","Haywood","NC","5","35 35 05","-083 04 01","01S","hard copy topo","NAD27",35.58472,-83.06667,"x",1451,23,28,"northern hardwood/fraser fir tree farm",,,,,,,,,,,,,,"X","X","X","X","X","X","X",,,,,,,,,,,,,,,,,,,,,,,"02-07",6
"15645 - ASRP - ASRP - Ashuelot River Park","ASRP",15645,"15645U","ASRP","Ashuelot River Park","C","+","Keene","Cheshire","NH","5","42 56 16","-072 17 24","01S","-","NAD83",42.93778,-72.29,"x",144,27,14,"riparian deciduous forest",,,,,,,,,,,,,,"X","X","X","X","X","X","X","X","X","X","X","X","X","X","X","X",,"X",,,,,,,,,,,,"02-13",12
"15646 - ATON - ATOS - Aton For.- Sandisfield Rd","ATON",15646,"15646U","ATOS","Aton For.- Sandisfield Rd","P","+","Norfolk","Litchfield","CT","5","42 01 58","-073 09 23","01S","-","-",42.03278,-73.15639,"-",435,27,14,"northern hardwood/hemlock with beaver pd",,,,,,,,,,,,,,"X","X","X","X","X","X","X","X","X","X","X","X","X",,,,,,,,,,,,,,,,,"02-10",9
"15647 - WING - PUNK - Punkhorn Parklands F. Sta","WING",15647,"15647U","PUNK","Punkhorn Parklands F. Sta","C","+","Brewster","Barnstable","MA","5","41 44 34","-070 07 11","01S","GPS","NAD27",41.74278,-70.11917,"x",14,9,30,"mixed woodland riparian corridor",,,,,,,,,,,,,,"X","X","X","X","X","X","X","X","X","X","X",,,,,,,,,,,,,,,,,,,"02-09",8
"15648 - CMAC - CMS1 - Constitution Marsh Sta. 1","CMAC",15648,"15648U","CMS1","Constitution Marsh Sta. 1","P","+","Cold Spring","Putnum","NY","5","41 24 05","-073 56 20","01S","Web - Google E.","NAD83",41.40139,-73.93889,"x",1,12,28,"tidal wetl./alder swamp/mixed d. forest",,,,,,,,,,,,,,"X","X","X","X","X","X","X","X","X","X","X","X","X","X","X",,,,,,,,,,,,,,,"02-11",10
"15649 - MARV - KANE - Kane Station","MARV",15649,"15630S","KANE","Kane Station","P","+","Kent","Litchfield","CT","5","41 47 00","-073 27 00","01S","Web - Google E.","NAD83",41.78333,-73.45,"x",396,27,28,"swamp woodland/pasture",,,,,,,,,,,,,,"X","X","X","X","X","X","X","X","X","X","X",,,,,,,,,,,,,,,,,,,"02-09",8
"15650 - BBBO - KAIS - Kaiser - Manitou Beach","BBBO",15650,"15650S","KAIS","Kaiser - Manitou Beach","P","+","Hilton","Monroe","NY","5","43 19 19","-077 43 01","01S","Web - Google E.","NAD83",43.32194,-77.71694,"x",80,16,13,"young ash forest/fallow fields",,,,,,,,,,,,,,"X","X",,,,,,,,"X","X","X","X","X","X","X","X","X","X","X","X","X","X","X","X","X","X","X",,"02-03,09-",16
"15651 - BBBO - NBLD - North Blind","BBBO",15651,"15650S","NBLD","North Blind","S","+","Hilton","Monroe","NY","5","43 19 24","-077 43 19","01S","-","-",43.32333,-77.72194,"-",270,16,13,"mature ash woodland on lake shore",,,,,,,,,,,,,,"X","X",,,,,,,,,,,,,,,,,,,,,,,,,,,,"02-03",2
"15652 - POCO - LONG - Long Road","POCO",15652,"15652U","LONG","Long Road","P","+","Canadensis","Monroe","PA","5","41 12 45","-075 16 11","01S","web-topozone","NAD83",41.2125,-75.26972,"x",442,24,28,"deciduous forest/hemlock forest",,,,,,,,,,,,,"X","X","X","X","X","X",,,,,,,,,,,,,,,,,,,,,,,,,"01-06",6
"15653 - POCO - TWOM - Two Mile Run","POCO",15653,"15653S","TWOM","Two Mile Run","P","+","Blakeslee","Monroe","PA","5","41 07 05","-075 35 36","01S","web-topozone","NAD83",41.11806,-75.59333,"x",472,24,28,"boreal bog",,,,,,,,,,,,,"X","X","X","X","X","X","X","X","X","X","X","X","X","X","X","X","X","X","X","X","X","X","X","X","X",,"X",,"X",,"01-19,21-",21
"15654 - BRUN - GOCO - Golf Course","BRUN",15654,"15654U","GOCO","Golf Course","DN","+","Brunswick","Cumberland","ME","5","43 52 08","-069 56 20","01S","GPS -GPSMAP 76","NAD83",43.86889,-69.93889,"x",13,27,14,"balsam fir/deciduous forest/boggy areas",,,,,,,,,,,,,,,"X","X","X","X","X","X","X","X",,,,,,,,,,,,,,,,,,,,,"03-08",6
"15655 - BRUN - CHRO - Chimney Rock","BRUN",15655,"15655U","CHRO","Chimney Rock","DN","+","Brunswick","Cumberland","ME","5","43 52 24","-069 55 05","01S","GPS -GPSMAP 76","NAD83",43.87333,-69.91806,"x",18,27,14,"maple-oak deciduous forest/riparian",,,,,,,,,,,,,,,"X","X","X","X","X","X","X","X",,,,,,,,,,,,,,,,,,,,,"03-08",6
"15656 - BRUN - REPO - Redington Pond","BRUN",15656,"15656U","REPO","Redington Pond","DN","+","Dallas","Franklin","ME","5","44 58 57","-070 24 53","01S","GPS -GPSMAP 76","NAD83",44.9825,-70.41472,"x",507,28,14,"mixed deciduous-evergreen forest/pond",,,,,,,,,,,,,,,"X","X","X","X","X","X","X","X",,,,,,,,,,,,,,,,,,,,,"03-08",6
"15657 - BRUN - PONU - Potato Nubble","BRUN",15657,"15657U","PONU","Potato Nubble","DN","+","Dallas","Franklin","ME","5","44 59 30","-070 30 33","01S","GPS -GPSMAP 76","NAD83",44.99167,-70.50917,"x",488,28,14,"mixed deciduous-evergreen for./shrubland",,,,,,,,,,,,,,,"X","X","X","X","X","X","X","X",,,,,,,,,,,,,,,,,,,,,"03-08",6
"15658 - BRUN - BLUE - Blueline Trail","BRUN",15658,"15658U","BLUE","Blueline Trail","DN","+","Dallas","Franklin","ME","5","44 59 20","-070 26 12","01S","GPS -GPSMAP 76","NAD83",44.98889,-70.43667,"x",515,28,14,"balsam-red spruce forest/riparian/alder",,,,,,,,,,,,,,,"X","X","X","X","X","X","X","X",,,,,,,,,,,,,,,,,,,,,"03-08",6
"15659 - BRUN - HGHL - Highland","BRUN",15659,"15659U","HGHL","Highland","DN","+","Dallas","Franklin","ME","5","45 00 31","-070 27 10","01S","GPS -GPSMAP 76","NAD83",45.00861,-70.45278,"x",724,28,14,"stunted balsam-red spruce forest/boggy",,,,,,,,,,,,,,,"X","X","X","X","X","X","X","X",,,,,,,,,,,,,,,,,,,,,"03-08",6
"15660 - PAGR - PAGR - Pardon Gray","PAGR",15660,"15660U","PAGR","Pardon Gray","P","+","Tiverton","Newport","RI","5","41 35 17","-071 11 22","01S","-","-",41.58806,-71.18944,"-",65,12,30,"Oak-holly forest/red maple swamp/grassl.",,,,,,,,,,,,,,,"X",,,,,,,,,,,,,,,,,,,,,,,,,,,,"03",1
"15661 - BMAC - BAAR - Buffalo Audubon Arboretum","BMAC",15661,"15560S","BAAR","Buffalo Audubon Arboretum","P","+","North Java","Wyoming","NY","5","42 40 34","-078 23 03","01S","-","-",42.67611,-78.38417,"-",442,24,28,"successional hardwood for./manage meadow",,,,,,,,,,,,,,,"X","X","X","X","X","X","X","X","X","X","X","X","X","X","X","X","X","X","X","X","X","X","X","X","X","X","X","X","03-",20
"15662 - ALMS - ALMS - Alliance Middle School LL","ALMS",15662,"15662U","ALMS","Alliance Middle School LL","C","+","Alliance","Stark","OH","5","40 53 21","-081 06 24","01S","-","-",40.88917,-81.10667,"-",371,24,13,"mixed deciduous hardwood for./grassland",,,,,,,,,,,,,,,,"X","X","X","X","X","X","X","X","X","X","X","X","X","X","X",,,,,,,,,,,,,"04-12",9
"15663 - TASW - TASW - Thousand Acre Swamp","TASW",15663,"15663U","TASW","Thousand Acre Swamp","P","+","Penfield","Monroe","NY","5","43 10 15","-077 28 00","01S","-","-",43.17083,-77.46667,"-",152,16,13,"mixed deciduous forest/swamp/brushy area",,,,,,,,,,,,,,,"X","X","X","X","X","X",,,,,,,,,,,,,,,,,,,,,,,"03-07",5
"15664 - MARV - RACK - North Parcel - Tamarack","MARV",15664,"15630S","RACK","North Parcel - Tamarack","P","+","Kent","Litchfield","CT","5","41 47 13","-073 27 26","01S","Web - Google E.","NAD83",41.78694,-73.45722,"x",366,27,28,"upland transitional hardwoods/pine swamp",,,,,,,,,,,,,,,,"X","X","X","X","X","X","X","X","X","X","X","X","X","X","X","X","X","X","X",,,,,,,,,"04-14",11
"15665 - SUGR - LIRU - Lick Run","SUGR",15665,"15628S","LIRU","Lick Run","AF","+","Sugar Grove","Pendleton","WV","5","38 30 23","-079 16 59","01S","-","-",38.50639,-79.28306,"-",625,13,28,"riparian corridor/coniferous forest",,,,,,,,,,,,,,,,,"X","X","X","X","X","X",,,,,,,,,,,,,,,,,,,,,"05-08",4
"15666 - SUGR - FLRU - Flesh Run","SUGR",15666,"15666U","FLRU","Flesh Run","AF","+","Sugar Grove","Pendleton","WV","5","38 27 18","-079 17 36","01S","-","-",38.455,-79.29333,"-",718,13,28,"virginia pine forest on steep slope",,,,,,,,,,,,,,,,,"X","X","X","X","X","X",,,,,,,,,,,,,,,,,,,,,"05-08",4
"15667 - KSMA - KSMA - Keene State WMA","KSMA",15667,"15667U","KSMA","Keene State WMA","S","+","Keene","Cheshire","NH","5","42 54 51","-072 16 54","01S","-","-",42.91417,-72.28167,"-",148,27,14,"fragmented rip. corr/ag fields/suburbia",,,,,,,,,,,,,,,,"X","X","X","X","X","X","X","X","X","X","X",,,,,,,,,,,,,,,,,"04-10",7
"15668 - HCBS - HCBS - Holland College","HCBS",15668,"15668S","HCBS","Holland College","FS","+","Orwell","Queens County","PE","5","46 10 11","-062 50 00","01S","-","-",46.16972,-62.83333,"-",200,28,14,"mid-successional mixed woodland",,,,,,,,,,,,,,,"X","X","X",,,,,,,,,,,,,,,,,,,,,,,,,,"03-05",3
"15669 - RUTH - RUTH - Ruthven Park","RUTH",15669,"15669U","RUTH","Ruthven Park","FR","+","Cayuga","Haldimand","ON","5","42 58 30","-079 50 00","10S","-","-",42.975,-79.83333,"-",190,16,13,"mixed wood plain",,,,,,,,,,,,,,,,"X","L","X","X","X",,,,,,,,,,,,,,,,,,,,,,,"04-07",4
"15670 - GIFA - GIFA - Gilsland Farm","GIFA",15670,"15670U","GIFA","Gilsland Farm","P","+","Falmouth","Cumberland","ME","5","43 42 21","-070 14 27","01S","-","-",43.70583,-70.24083,"-",6,12,30,"deciduous forest/mixed shrubland",,,,,,,,,,,"H","X","H","X","X","X","H","H",,,,,,,,,,,,,,,,,,,,,,,,,"99-06",8
"15671 - MCRM - MCRM - Montana Forest Station","MCRM",15671,"15671U","MCRM","Montana Forest Station","P","+","New Village","Warren","NJ","5","40 43 35","-075 05 15","01S","Google Earth","NAD83",40.72639,-75.0875,"x",195,13,28,"mixed woodland with field edges",,,,,,,,,,,,,,,,,"X","X",,,"X","X","X","X","X","X","X","X","X","X",,,,,,,,,,,,,"05-06,08-12",7
"15672 - NUBA - BKBR - Black Branch, Nulhegan B.","NUBA",15672,"15672U","BKBR","Black Branch, Nulhegan B.","IW","+","Bloomfield","Essex","VT","5","44 48 04","-071 42 40","01S","-","-",44.80111,-71.71111,"-",354,28,14,"mixed conifer forest",,,,,,,,,,,,,,,,"X","X","X","X","X","X","X","X","X","X","X","X","X","X","X",,,,,,,,,,,,,"04-12",9
"15674 - CAHI - CAHI - California Hill","CAHI",15674,"15674U","CAHI","California Hill","P","+","Eddyville","Cattaraugus","NY","5","42 19 02","-078 45 07","01S","GPS","NAD83",42.31722,-78.75194,"x",503,24,28,"mixed deciduous with meadow/ scrub",,,,,,,,,,,,,,,,,,"X","X","X","X","X","X","X","X","X","X","X",,,,,,,,,,,,,,,"06-11",6
"15675 - TORO - HUMB - West Humber River Valley","TORO",15675,"15675U","HUMB","West Humber River Valley","P","+","Brampton","Peel","ON","5","43 45 42","-079 41 17","01S","Web - Google E.","NAD83",43.76167,-79.68806,"x",179,18,13,"suburban mixed woodland/meadow w rip.",,,,,,,,,,,,,,,,,,"X","X","X",,,,,,,,,,,,,,,,,,,,,,,"06-07",2
"15676 - POCO - STRM - Stream","POCO",15676,"15622S","STRM","Stream","P","+","Skytop","Pike","PA","5","41 15 06","-075 14 10","01S","web-topozone","NAD83",41.25167,-75.23611,"x",521,24,28,"eastern deciduous forest/riparian zone",,,,,,,,,,,,,,,,,,"X","X","X","X","X",,,"X","X","X","X","X","X",,,,,,,,,,,,,"06-08,10-12",6
"15677 - PSC- - SMWA - Smitty Creek Watershed","PSC-",15677,"15677U","SMWA","Smitty Creek Watershed","S","+","Paul Smiths","Franklin","NY","5","44 25 29","-074 20 57","01S","Web- topo","NAD83",44.42472,-74.34917,"x",488,26,14,"riparian woodland",,,,,,,,,,,,,,,,,,,"X","X","X",,"X",,,,,,,,,,,,,,,,,,,,"07-09",3
"15678 - BVLF - BVLF - Burwell Van-Lennep","BVLF",15678,"15678U","BVLF","Burwell Van-Lennep","P","+","Boyce","Clarke","VA","5","39 02 55","-077 59 46","01S","GPS","NAD83",39.04861,-77.99611,"x",165,13,28,"mixed hardwood woodland",,,,,,,,,,,,,,,,,,,"X","X","X","X","X","X","X","X","X","X",,,,,,,,,,,,,,,"07-11",5
"15679 - DCVT - DCVT - Dead Creek WMA","DCVT",15679,"15679U","DCVT","Dead Creek WMA","S","+","Addison","Addison","VT","5","44 05 01","-073 21 09","01S","Web - Google E.","NAD83",44.08361,-73.3525,"x",67,18,13,"agricultural/clayplain oak-hickory for.",,,,,,,,,,,,,,,,,,,"X","X","X","X","X","X","X","X","X","X","X","X","X","X","X","X","X","X","X","X","X","X",,,"07-17,20-",14
"15680 - TUCK - TUCK - Tuckernuck Island","TUCK",15680,"15680U","TUCK","Tuckernuck Island","P","+","Madaket","Nantucket","MA","5","41 18 11","-070 15 40","01S","-","-",41.30306,-70.26111,"-",10,9,30,,,,,,,,,,,,,"X",,"X","X","P","X","X","X","X",,,"X","X","X","X","X","X",,,,,,,"X","X","X","X","X","X","X","X","00,02-07,09-11,15-",18
"15681 - BMNC - JNST - Junco Nest","BMNC",15681,"15681U","JNST","Junco Nest","P","+","Java Center","Wyoming","NY","5","42 39 31","-078 16 46","01S","-","-",42.65861,-78.27944,"-",554,24,28,"mixed woodland - rural",,,,,,,,,,,,,,,,,,"X","X","X","X","X","X","X","X","X","X","X","X","X","X","X","X","X","X","X","X","X","X","X","X","X","06-",17
"15682 - GRSM - RIBA - Richland Balsam","GRSM",15682,"15682U","RIBA","Richland Balsam","IP","+","Waynesville","Jackson","NC","5","35 22 02","-082 59 25","01S","web-topozone","NAD83",35.36722,-82.99028,"x",1951,23,28,"red spruce/Fraser fir",,,,,,,,,,,,,,,,,,,"X","X","X","X","X","X","X","X","X","X","X","X","X","X","X","X","X","X",,,,,,,"07-15",9
"15683 - CTWD - NASF - Naugatuck State Forest","CTWD",15683,"15683U","NASF","Naugatuck State Forest","S","+","Naugatuck","New Haven","CT","5","41 27 46","-073 04 11","01S","GIS-MapSource","NAD83",41.46278,-73.06972,"x",200,12,30,"mixed woodland/riparian/utility r of way",,,,,,,,,,,,,,,,,,,,,"X","X","X",,,,,,,,,,,,,,,,,,,,"08-09",2
"15684 - MBOM - MBOM - McGill Bird Observatory","MBOM",15684,"15684U","MBOM","McGill Bird Observatory","P","+","Ste-Anne-de-Bellevue","N/A","QC","5","45 25 52","-073 56 20","01S","GPS","NAD83",45.43111,-73.93889,"x",39,18,13,"riparian with sumac,willow & hawthorn",,,,,,,,,,,,,,,,,,,,,,,"X","X","X","X","X","X","X","X","X","X","X","X","X","X","X","X","X","X","X","X","09-",14
"15685 - AXIS - MABO - Maplewood Bog","AXIS",15685,"15685U","MABO","Maplewood Bog","FS","+","Westport","Frontenac","ON","5","44 35 41","-076 30 06","01S","Web - Google E.","NAD83",44.59472,-76.50167,"x",192,18,12,"mixed forest/wetland",,,,,,,,,,,,,,,,,,,,,,,"X","X","X","X","X","X","X","X","X","X","X","X","X","X","X","X","X","X","X","X","09-",14
"15686 - AXIS - RRID - Rock Ridge","AXIS",15686,"15686U","RRID","Rock Ridge","FS","+","Westport","Frontenac","ON","5","44 33 06","-076 28 06","01S","Web - Google E.","NAD83",44.55167,-76.46833,"x",173,18,12,"mixed forest/wetland",,,,,,,,,,,,,,,,,,,,,,,"X","X","X","X","X","X","X","X",,,,,,,,,,,,,"09-12",4
"15687 - ARBO - ARB3 - U of T Arb & For Exp Sta3","ARBO",15687,"15596S","ARB3","U of T Arb & For Exp Sta3","S","+","Oak Ridge","Anderson","TN","5","36 00 29","-084 13 32","01S","GPS","NAD83",36.00806,-84.22556,"x",319,13,28,"oak/hickory forest",,,,,,,,,,,,,,,,,,,,,,,,,"X","X","?",,,,,,,,,,,,,,,,"10-11",2
"15688 - MOLT - HIND - Orono LT - Hinds Tract","MOLT",15688,"15688U","HIND","Orono LT - Hinds Tract","P","+","Orono","Penobscot","ME","5","44 53 42","-068 43 23","01S","Web - Google E.","NAD83",44.895,-68.72306,"x",44,27,14,"fir/pine uplands and beaver pond edge",,,,,,,,,,,,,,,,,,,,,,,,,"X","X","X","X","X","X","X","X","X","X","X","X","X","X","X","X","X","X","10-19,21-",12
"15689 - AXIS - BLAK - Blue Lakes","AXIS",15689,"15689U","BLAK","Blue Lakes","FS","+","Sharbot Lake","Frontenac","ON","5","44 44 17","-076 38 53","01S","Web - Google E.","NAD83",44.73806,-76.64806,"x",200,28,12,"mixed forest/wetland",,,,,,,,,,,,,,,,,,,,,,,,,"X","X","X","X",,,,,,,,,,,,,,,"10-11",2
"15690 - WSED - BIXB - Bixby Hill","WSED",15690,"15690U","BIXB","Bixby Hill","P","+","Arcade","Cattaraugus","NY","5","42 29 59","-078 26 03","01S","GPS","NAD83",42.49972,-78.43417,"x",581,24,28,"mixed woodlands with open fields",,,,,,,,,,,,,,,,,,,,,,,,,,,"X","X","X","X","X","X","X","X","X","X","X","X","X","X","X","X","11-",12
"15691 - JANY - JANY - Jamestown Audubon NY","JANY",15691,"15691U","JANY","Jamestown Audubon NY","P","+","Kiantone","Chautauqua","NY","5","42 01 10","-079 10 20","01S","Web - Google E","NAD83",42.01944,-79.17222,"x",380,24,13,"shrubby, swamp/mixed forest/field",,,,,,,,,,,,,,,,,,,,,,,,,,,"X","X","X","X","X","X","X","X","X","X","X","X","X","X","X","X","11-",12
"15692 - ALFR - PINE - Alfred - Pine Hill","ALFR",15692,"15692U","PINE","Alfred - Pine Hill","P","+","Alfred","Allegany","NY","5","42 14 42","-077 47 02","01S","Web - Google E","NAD83",42.245,-77.78389,"x",635,24,28,"second growth hardwood/shrubby oldfield",,,,,,,,,,,,,,,,,,,,,,,,,,,"X","X","X","X","X","X","X","X","X","X","X","X","X","X",,,"11-17",7
"15693 - NBNC - NBNC - N. Branch Nature Center","NBNC",15693,"15693U","NBNC","N. Branch Nature Center","P","+","Montpelier","Washington","VT","5","44 17 13","-072 34 26","01S","GPS","NAD83",44.28694,-72.57389,"x",164,28,14,"riparian woods bordering meadow",,,,,,,,,,,,,,,,,,,,,,,,,,,"X","X","X","X","X","X","X","X","X","X","X","X","X","X","X","X","11-",12
"15694 - MARV - SKIF - KLT Skiff Mountain Pres.","MARV",15694,"15630S","SKIF","KLT Skiff Mountain Pres.","P","+","Kent","Litchfield","CT","5","41 46 14","-073 27 24","01S","Web - Google E.","NAD83",41.77056,-73.45667,"x",378,27,28,"northern transitional hardwood/field",,,,,,,,,,,,,,,,,,,,,,,,,,,"X","X","X","X","X","X","X","X","X","X","X","X","X","X","X","X","11-19,22-",10
"15695 - HANA - HANA - High Acres Nature Area","HANA",15695,"15695U","HANA","High Acres Nature Area","P","+","Fairport","Monroe","NY","5","43 05 25","-077 22 33","01S","Web - Google E.","NAD83",43.09028,-77.37583,"x",150,16,13,"mxd hardwood/scrub shrubld/emergnt marsh",,,,,,,,,,,,,,,,,,,,,,,,,,,"X","X","X","X","X","X","X","X","X",,,,,,,,"11-15",5
"15696 - RWPR - RWPR - Rushton Farm","RWPR",15696,"15696U","RWPR","Rushton Farm","P","+","Newtown Square","Chester","PA","5","39 59 05","-075 29 04","01S","Web - Google E.","NAD83",39.98472,-75.48444,"x",104,4,29,"mature hardwood, softwood,riparian coor.",,,,,,,,,,,,,,,,,,,,,,,,,,,"X","X","X","X","X","X","X","X","X","X","X","X","X","X","X","X","11-",12
"15697 - MSHI - LAFA - Lafarge","MSHI",15697,"15697U","LAFA","Lafarge","FC","+","Mont-Saint-Hilaire","Monteregie","QC","5","45 31 52","-073 08 51","01S","GPS","NAD83",45.53111,-73.1475,"x",133,18,13,"deciduous woodland in rural environment",,,,,,,,,,,,,,,,,,,,,,,,,,,,,"X","X","X","X","X","X","X","X","X","X","X","X","X","X","12-",11
"15698 - BBBS - BBBS - Big Bald Banding Station","BBBS",15698,"15698U","BBBS","Big Bald Banding Station","AF","+","Erwin","Unicoi","TN","5","35 59 38","-082 29 02","01S","GPS","NAD83",35.99389,-82.48389,"x",1643,23,28,"mesic grassy bald ecotone w hardwood",,,,,,,,,,,,,,,,,,,,,,,"X","X","X","X","X","X","X","X","X",,"X",,"X",,"X",,"X",,"X",,"09-",14
"15699 - TESS - TESS - Tessentee Bottomland Pres","TESS",15699,"15699U","TESS","Tessentee Bottomland Pres","P","+","Franklin","Macon","NC","5","35 04 10","-083 23 02","01S","Google Earth","NAD83",35.06944,-83.38389,"x",610,23,28,"mixed woodland/oldfield/shrub suc./rip.",,,,,,,,,,,,,,,,,,,,,,,,,"X","X","X","X","X","X","X",,"X",,"X",,"X",,"X",,"X",,"10-",13
"15700 - COWE - COWE - Cowee MAPS","COWE",15700,"15700U","COWE","Cowee MAPS","II","+","Franklin","Macon","NC","5","35 15 55","-083 25 06","01S","Web - Itouchmap","NAD83",35.26528,-83.41833,"x",610,23,28,"riparian corridor/grassland/tree & shrub",,,,,,,,,,,,,,,,,,,,,,,,,,,,,"X","X","X",,"X",,"X",,"X",,"X",,"X",,"12-",11
"15701 - CLDC - SWAT - Allegany State Park","CLDC",15701,"15701U","SWAT","Allegany State Park","S","+","Red House","Cattaraugus","NY","5","42 06 25","-078 45 30","01S","GPS","NAD83",42.10694,-78.75833,"x",420,24,28,"willow-rubus-riparian zone",,,,,,,,,,,,,,,,,,,"X","X","X","X","X","X","X","X","X","X","X","X","X","X","X","X","X","X","X",,,,,,"07-16",10
"15702 - APBP - AKBW - APBPC Karner Barrens West","APBP",15702,"15702S","AKBW","APBPC Karner Barrens West","C","+","Guilderland","Albany","NY","5","42 43 06","-073 52 18","01S","ARC GIS","NAD83",42.71833,-73.87167,"x",103,13,13,"pitch pine - scrub oak barrens",,,,,,,,,,,,,,,,,,,,,,,,,,,,,"X","X","X","X","X","X","X","X","X","X","X","X","X","X","12-19",8
"15703 - APBP - AKRB - APBPC King's Road Barrens","APBP",15703,"15702S","AKRB","APBPC King's Road Barrens","P","+","Guilderland","Albany","NY","5","42 43 29","-073 52 38","01S","ARC GIS","NAD83",42.72472,-73.87722,"x",105,13,13,"pitch pine - scrub oak barrens",,,,,,,,,,,,,,,,,,,,,,,,,,,,,"X","X","X","X","X","X","X","X","X","X","X","X","X","X","12-19,21-",10
"15704 - KOFF - KSRA - Koffler Sci. Reserve A","KOFF",15704,"15704S","KSRA","Koffler Sci. Reserve A","FS","+","Newmarket","N/A","ON","5","44 01 29","-079 32 09","01S","Web - Google E.","NAD83",44.02472,-79.53583,"x",295,18,13,"marsh/dogwood thicket swamp/oldfield/for",,,,,,,,,,,,,,,,,,,,,,,,,,,,,,,"X","X","X","X","X","X","X","X","X","X","X","X","13-19,21-",9
"15705 - KOFF - KSRB - Koffler Sci. Reserve B","KOFF",15705,"15704S","KSRB","Koffler Sci. Reserve B","FS","+","Newmarket","N/A","ON","5","44 02 02","-079 32 24","01S","Web - Google E.","NAD83",44.03389,-79.54,"x",302,18,13,"sugar maple for./pine plantation/oldfld",,,,,,,,,,,,,,,,,,,,,,,,,,,,,,,"X","X","X","X","X","X","X","X","X","X","X","X","13-19,21-",9
"15706 - WCES - WCTD - Thomas Darling Preserve","WCES",15706,"15653S","WCTD","Thomas Darling Preserve","P","+","Blakeslee","Monroe","PA","5","41 06 38","-075 34 53","01S","Web - Google E.","NAD83",41.11056,-75.58139,"x",525,24,28,"Beech forest converted to GWWA habitat",,,,,,,,,,,,,,,,,,,,,,,,,,,,,,,,,"X","X",,,"X","X",,,,,"14,16",2
"15707 - HPSA - HPSA - Hunt-Parker Sanctuary","HPSA",15707,"15707U","HPSA","Hunt-Parker Sanctuary","P","+","Katonah","Westchester","NY","5","41 16 31","-073 39 16","01S","itouchmap","NAD83",41.27528,-73.65444,"x",130,12,30,"mixed deciduous forest/red maple swamp",,,,,,,,,,,,,,,,,,,,,,,"X","X","X",,"X",,"X",,"X",,"X",,"X",,"X",,"X",,"X",,"09-",14
"15708 - MING - MING - Mingo County Park Res Stn","MING",15708,"15708U","MING","Mingo County Park Res Stn","C","+","Venetia","Washington","PA","5","40 12 36","-080 01 15","01S","Web - Google E.","NAD83",40.21,-80.02083,"x",339,22,28,"mixed woodland/grassy county park",,,,,,,,,,,,,,,,,,,,,,,,,,,,,,,,,,,"X","X","X","X","X","X","X","X","15-",8
"15709 - CROS - CROS - Crossways","CROS",15709,"CROSU","CROS","Crossways","P","+","Bluebell","Montgomery","PA","5","40 10 28","-075 16 02","01S","GPS","NAD83",40.17444,-75.26722,"x",84,10,29,"old mixed & successional for./mead./wetl",,,,,,,,,,,,,,,,,,,,,,,,,,,,,,,,,,,"X","X","X","X","X","X","X","X","15-",8
"15710 - MARV - TOPR - Tobin Preserve","MARV",15710,"15710U","TOPR","Tobin Preserve","P","+","Kent","Litchfield","CT","5","41 46 41","-073 23 32","01S","Web - Google E.","NAD83",41.77806,-73.39222,"x",342,27,14,"mixed oak-hemlock forest/vernal pools",,,,,,,,,,,,,,,,,,,,,,,,,,,,,,,,,,,"X","X","X","X","X","X","X","X","15-19,22-",6
"15711 - MACP - MACP - MacPhail Woods","MACP",15711,"15668S","MACP","MacPhail Woods","FS","+","Orwell","Queens","PE","5","46 09 43","-062 49 36","01S","Web - Google E.","NAD83",46.16194,-62.82667,"x",33,28,14,"mixed woodland",,,,,,,,,,,,,,,,,,,,,,,,,,,,,,,,,,,"X","X","X","X","X","X",,,"15-17,19,21-",6
"15712 - SELK - SELK - Selkirk Road","SELK",15712,"15712U","SELK","Selkirk Road","FS","+","Iona","Queens","PE","5","46 03 29","-062 47 23","01S","Web - Google E.","NAD83",46.05806,-62.78972,"x",85,28,14,"mixed woodland",,,,,,,,,,,,,,,,,,,,,,,,,,,,,,,,,,,"X","X","X","X",,,"X","X","15-16,18,21-",5
"15713 - DUKE - DUBA - Duke Farms Barn & Wetlnds","DUKE",15713,"15713U","DUBA","Duke Farms Barn & Wetlnds","P","+","Hillsborough","Somerset","NJ","5","40 32 42","-074 37 27","01S","Web - Google E.","NAD83",40.545,-74.62417,"x",30,10,29,"field edges in reclaimed wetlands",,,,,,,,,,,,,,,,,,,,,,,,,,,,,,,,,,,,,"X","X","X","X","X","X","16-",7
"15714 - BOUS - BOUS - Bousson Env. Res. Reserve","BOUS",15714,"15714U","BOUS","Bousson Env. Res. Reserve","P","+","East Mead","Crawford","PA","5","41 35 59","-080 02 40","01S","Web - Google E.","NAD83",41.59972,-80.04444,"x",370,24,13,"mixed hardwoods in rural area",,,,,,,,,,,,,,,,,,,,,,,,,,,,,,,,,,,,,"X","X","X","X","X","X","16-18,20-",6
"15715 - BEHI - BEHI - Beech Hill","BEHI",15715,"BEHIU","BEHI","Beech Hill","P","+","Warwick","Franklin","MA","5","42 38 57","-072 18 51","01S","Web - Google E.","NAD83",42.64917,-72.31417,"x",326,27,14,"grassy fields/small orchard/hardwood for",,,,,,,,,,,,,,,,,,,,,,,,,,,,,,,,,,,,,"X","X","X","X","X","X","16-18,21-",5
"15716 - OHBO - OHBO - Old Hemlock Bird Obs.","OHBO",15716,"15716U","OHBO","Old Hemlock Bird Obs.","P","+","Brandonville","Preston","WV","5","39 38 52","-079 36 59","01S","Web - Google E.","NAD83",39.64778,-79.61639,"x",590,24,28,"upland successional deciduous forest",,,,,,,,,,,,,,,,,,,,,,,,,,,,,,,,,,,,,"X","X","X","X","X","X","16-",7
"15717 - MDSF - MDSF - Douglas State Forest","MDSF",15717,"15717U","MDSF","Douglas State Forest","S","+","Douglas","Worcester","MA","5","42 01 23","-071 46 08","01S","Web - Google E.","NAD83",42.02306,-71.76889,"x",186,12,30,"mixed hardwood upland/hemlock lowlands",,,,,,,,,,,,,,,,,,,,,,,,,,,,,,,,,,,,,,,"X","X","X","X","17-",6
"15718 - NRBO - WCBW - New River Bird Obs.","NRBO",15718,"15718U","WCBW","New River Bird Obs.","C","+","Fayetteville","Fayette","WV","5","38 01 04","-081 06 41","01S","Web-Google E.","NAD83",38.01778,-81.11139,"x",579,22,28,"mixed deciduous woodland, wetland, rip.",,,,,,,,,,,,,,,,,,,,,,,,,,,,,,,,,,,,,,,"X","X","X","X","17-",6
"15719 - DEWA - FTRD - Freeman Tract Road","DEWA",15719,"15719U","FTRD","Freeman Tract Road","IP","+","Bushkill","Monroe","PA","5","41 05 14","-074 58 33","01S","Web - Google E.","NAD83",41.08722,-74.97583,"x",100,24,28,"mixed woodland along major river",,,,,,,,,,,,,,,,,,,,,,,,,,,,,,,,,,,,,,,"X","X","X","X","17-",6
"15720 - CUTL - NAVL - Cutler MAPS","CUTL",15720,"15720U","NAVL","Cutler MAPS","DN","+","Cutler","Washington","ME","5","44 39 39","-067 17 58","01S","Web - Google E.","NAD83",44.66083,-67.29944,"x",17,28,14,"oldfield/wetland/conifer & decid forest",,,,,,,,,,,,,,,,,,,,,,,,,,,,,,,,,,,"X","X","X",,"X",,"X",,"15-",8
"15721 - MDSF - FARM - Foxfire Farm","MDSF",15721,"15721U","FARM","Foxfire Farm","P","+","Uxbridge","Uxbridge","MA","5","42 04 51","-071 39 03","01S","Web - Google E.","NAD83",42.08083,-71.65083,"x",98,12,30,"horse pasture, wildflower meadow,wetland",,,,,,,,,,,,,,,,,,,,,,,,,,,,,,,,,,,,,,,,,"X","X","18-",5
"15722 - CIES - NLOW - CIES North Lowlands","CIES",15722,"15722U","NLOW","CIES North Lowlands","P","+","Washington","Dutchess","NY","5","41 47 45","-073 45 05","01S","Web - Google E.","NAD83",41.79583,-73.75139,"x",91,13,13,"riparian corridor/ upland forest",,,,,,,,,,,,,,,,,,,,,,,,,,,,,,,,,,,,,,,,,"X","X","18-19,21-",4
"15723 - PINF - TNCA - North Carolina Arboretum","PINF",15723,"15723U","TNCA","North Carolina Arboretum","AF","+","Asheville","Buncombe","NC","5","35 29 26","-082 36 17","01S","Web - Google E.","NAD83",35.49056,-82.60472,"x",610,23,28,"temperate mixed mesophytic forest",,,,,,,,,,,,,,,,,,,,,,,,,,,,,,,,,,,,,,,,,"X","X","18-",5
"15724 - HSB1 - TUTI - HSB TUTI Banding","HSB1",15724,"15724U","TUTI","HSB TUTI Banding","FS","+","Chateauguay","N/A","QC","5","45 23 30","-073 45 39","01S","www.latlong.net","NAD83",45.39167,-73.76083,"x",23,18,13,"opening between two mature forests",,,,,,,,,,,,,,,,,,,,,,,,,,,,,,,,,,,,,,,"X","X","X","X","17-18",2
"15725 - UNCO - UNCO - Ungers Corner","UNCO",15725,"15725U","UNCO","Ungers Corner","FR","+","St. Williams","Norfolk","ON","5","42 42 04","-080 24 48","01S","Web - Google E.","NAD83",42.70111,-80.41333,"x",217,16,13,"successional & mature decid forest/ag",,,,,,,,,,,,,,,,,,,,,,,,,,,,,,,,,,,,,"X","X","X","X","X","X","16-",7
"15726 - NPNY - MHBF - Mohonk Brook Farm","NPNY",15726,"15726U","MHBF","Mohonk Brook Farm","P","+","New Paltz","Ulster","NY","5","41 45 07","-074 08 20","01S","Web - Google E.","NAD83",41.75194,-74.13889,"x",372,13,28,"mixed woodland/pasture edge",,,,,,,,,,,,,,,,,,,,,,,,,,,,,,,,,,,,,"X","X","X","X","X","X","16-20",6
"15727 - NPNY - NPCF - SUNY New Paltz Campus For","NPNY",15727,"15727U","NPCF","SUNY New Paltz Campus For","S","+","New Paltz","Ulster","NY","5","41 43 53","-074 05 16","01S","Web - Google E.","NAD83",41.73139,-74.08778,"x",393,13,28,"mixed woodland/old apple orchard",,,,,,,,,,,,,,,,,,,,,,,,,,,,,,,,,,,,,"X","X","X","X","X","X","16-20",6
"15728 - ENHP - ENHP - Edmund Niles Huyck Pres.","ENHP",15728,"15728U","ENHP","Edmund Niles Huyck Pres.","P","+","Rensselaerville","Albany","NY","5","42 31 27","-074 09 01","01S","GPS","NAD83",42.52417,-74.15028,"x",487,24,28,"Hardwood, shrub habitat along lake",,,,,,,,,,,,,,,,,,,,,,,,,,,,,,,,,,,"X","X",,,,,,,"15",1
"15729 - FORI - FORI - Fort River","FORI",15729,"15729U","FORI","Fort River","IW","+","Hadley","Hampshire","MA","5","42 20 35","-072 33 58","01S","Web - Google E.","NAD83",42.34306,-72.56611,"x",36,12,30,"hardwood forest/early suc.shrub-scrub",,,,,,,,,,,,,,,,,,,,,,,,,,,,,,,,,,,,,"X","X","X","X","X","X","16-",7
"15730 - FKSI - FKSI - Fresh Kills Park","FKSI",15730,"15730U","FKSI","Fresh Kills Park","C","+","Staten Island","Richmond","NY","5","-","-","-","-","-",99.99999,999.99999,"-",9999,9,30,,,,,,,,,,,,,,,,,,,,,,,,,,,,,,,,,,,,,,"X","X","X","X","X","H","16-",7
"15732 - ALFR - FSTR - Foster Lake","ALFR",15732,"15732U","FSTR","Foster Lake","P","+","Alfred","Allegany","NY","5","42 13 58","-077 49 18","01S","Web - Google E","NAD83",42.23278,-77.82167,"x",686,24,28,"mixed woodland with shrubby understory",,,,,,,,,,,,,,,,,,,,,,,,,,,,,,,,,,,,,,,,,"X","X","18-",5
"16601 - DISM - DISM - Dismal Swamp 2","DISM",16601,"16601U","DISM","Dismal Swamp 2","IW","+","Suffolk","Suffolk","VA","6","36 43 00","-076 31 40","10S","-","-",36.71667,-76.52778,"-",6,3,27,"red maple/black gum",,"X","X","X","X","X","X","X","X","X","X","X",,"X","X","X","X","X","X","X","X","X","X","X","X","X","X","X","X","X","X","X","X","X",,,,,,,,,"90-00,02-14",24
"16602 - SKJG - SKJG - Scott King-Jordan","SKJG",16602,"16602U","SKJG","Scott King-Jordan","S","+","Lowes Grove","Durham","NC","6","35 52 30","-078 55 00","10S","-","-",35.875,-78.91667,"-",76,11,29,"secondary successional forest",,"X","X","X","X","X","X","X","X","X","X",,,,,,,,,,,,,,,,,,,,,,,,,,,,,,,,"90-99",10
"16603 - JBWS - JBWS - Jug Bay Wetland Sanctuary","JBWS",16603,"16603U","JBWS","Jug Bay Wetland Sanctuary","C","+","Bristol","Anne Arundel","MD","6","38 46 50","-076 42 14","01S","GIS-Terrain Nav","NAD83",38.78056,-76.70389,"x",6,4,30,"mixed deciduous forest",,"X","X","X","X","X","X","X","X","X","X","X","X","X","X","X","X","X","X","X","X","X","X","X","X","X","X","X","X","X","X","X","X","X","X","X","X","X","X","X","X","X","90-19,21-",32
"16604 - KYRI - ROHI - Rockcress Hills","KYRI",16604,"16604U","ROHI","Rockcress Hills","S","+","Frankfort","Franklin","KY","6","38 13 59","-084 54 01","01S","GPS","NAD83",38.23306,-84.90028,"x",148,15,24,"oak-hickory forest/riparian corridor",,,,,,,,,,,,,,,,,,,,,,,,,,,,,,,"X","X","X","X","X","X","X","X",,,,,"13-16",4
"16605 - CONG - CONG - Congaree Swamp","CONG",16605,"16605U","CONG","Congaree Swamp","IP","+","Gadsden","Richland","SC","6","33 48 40","-080 49 15","01S","-","-",33.81111,-80.82083,"-",24,4,27,"old growth bottomland hardwoods",,,"X","X","X","X","X","X","X","X","X","X","X","X",,,,,,,,,,,,,,,,,,,,,,,,,,,,,"91-02",12
"16606 - WPNC - WPNC - Warner Park","WPNC",16606,"16606U","WPNC","Warner Park","C","+","Belle Meade","Davidson","TN","6","36 03 39","-086 54 19","01S","GPS","NAD83",36.06083,-86.90528,"x",190,14,24,"successional creek bottom",,,"X","X","X","X","X","X","X","X","X","X","X","X","X","X","X","X","X","X","X","X","X","X","X","X","X","X","X","X","X","X","X","X","X","X","X","X","X","X","X","X","91-",32
"16607 - DUCR - DUCR - Dutch Creek","DUCR",16607,"16607U","DUCR","Dutch Creek","P",,"Jonesboro","Union","IL","6","37 26 00","-089 20 00","01M","-","-",37.43333,-89.33333,"-",120,14,24,"upland mixed deciduous forest","X","X","X","X","X","X","X",,,,,,,,,,,,,,,,,,,,,,,,,,,,,,,,,,,,"89-95",7
"16608 - GRAS - GRAS - Grassmere","GRAS",16608,"16608U","GRAS","Grassmere","P",,"Nashville","Davidson","TN","6","36 05 20","-086 44 20","10S","-","-",36.08889,-86.73889,"-",172,14,24,"oldfield/fencerows",,,,"X","X","X","X","X",,,,,,,,,,,,,,,,,,,,,,,,,,,,,,,,,,,"92-96",5
"16609 - PWRC - PWRC - Patuxent","PWRC",16609,"16609U","PWRC","Patuxent","IG","+","Glenn Dale","Prince Georges","MD","6","39 01 36","-076 47 00","01S","Web - Google E.","NAD83",39.02667,-76.78333,"x",12,4,30,"swampy decid. forest/pines/scrub",,,,"X","X","X","X","X","X","X",,,,,,,,,,,"X","X","X","X","X","X","X","X","X","X","X","X","X","X","X","X","X","X",,,,,"92-98,08-16",16
"16610 - NAVY - PLOW - Patuxent Lowland","NAVY",16610,"16610U","PLOW","Patuxent Lowland","DN","+","Lexington Park","St. Mary's","MD","6","38 16 07","-076 26 17","01S","-","NAD27",38.26861,-76.43778,"x",30,4,30,"mixed deciduous forest",,,,"X","X","X","X","X","X","X","X","X","X","X","X","X","X","X","X","X",,,,,,,,,,,,,,,,,,,,,,,"92-07",16
"16611 - NAVY - PUP1 - Patuxent Upland 1","NAVY",16611,"16611S","PUP1","Patuxent Upland 1","DN","+","Lexington Park","St. Mary's","MD","6","38 15 11","-076 25 22","01S","-","NAD27",38.25333,-76.4225,"x",21,4,30,"mixed deciduous forest",,,,"X","X","X","X","X","X","X","X","X","X","X","X","X","X","X","X","X",,,,,,,,,,,,,,,,,,,,,,,"92-07",16
"16612 - NAVY - PUP2 - Patuxent Upland 2","NAVY",16612,"16611S","PUP2","Patuxent Upland 2","DN","+","Lexington Park","St. Mary's","MD","6","38 15 20","-076 25 17","01S","-","NAD27",38.25583,-76.42111,"x",30,4,30,"mixed deciduous forest",,,,"X","X","X","X","X","X","X","X","X","X","X","X","X","X","X","X","X",,,,,,,,,,,,,,,,,,,,,,,"92-07",16
"16613 - NAVY - DHLG - Dahlgren","NAVY",16613,"16613S","DHLG","Dahlgren","DN","+","Dahlgren","King George","VA","6","38 20 40","-077 03 00","10S","-","-",38.34444,-77.05,"-",7,4,30,"mixed deciduous forest",,,,"X","X","X","X","X","X","X","X","X","X","X",,,,,,,,,,,,,,,,,,,,,,,,,,,,,"92-02",11
"16614 - NAVY - INHE - Indian Head","NAVY",16614,"16614U","INHE","Indian Head","DN","+","Marbury","Charles","MD","6","38 34 32","-077 11 58","01S","Web - Google E","NAD83",38.57556,-77.19944,"x",6,4,30,"mixed deciduous forest",,,,"X","X","X","X","X","X","X","X","X","X","X","X",,,,,,,,,,,,,,,,,,,,,,,,,,,,"92-03",12
"16616 - BIGS - BIGS - Big Sandy","BIGS",16616,"16616U","BIGS","Big Sandy","IW","+","Elkhorn","Henry","TN","6","36 22 32","-088 03 12","01S","-","NAD27",36.37556,-88.05333,"x",137,14,24,"oak-hickory forest",,,,,"X","X","X","X","X","X","X","X","X","X","X","X","X",,,,,,,,,,,,,,,,,,,,,,,,,,"93-05",13
"16617 - PEAR - PEAR - Pearl River","PEAR",16617,"16617U","PEAR","Pearl River","P",,"Gluckstadt","Madison","MS","6","32 32 30","-089 58 00","10S","-","-",32.54167,-89.96667,"-",99,4,27,"mixed upland forest",,,,,"X","X","X","X",,,,,,,,,,,,,,,,,,,,,,,,,,,,,,,,,,,"93-96",4
"16618 - SVWA - SVWA - Spring Valley","SVWA",16618,"16618U","SVWA","Spring Valley","S","+","Roxanna","Greene/Warren","OH","6","39 34 10","-084 01 01","01S","GPS","NAD83",39.56944,-84.01694,"x",224,15,22,"cattail marsh perim./dec. thick.",,,,,"X","X","X","X","X","X","X","X","X","X","X","X","X","X","X","X","X","X","X","X","X","X","X","X","X","X","X","X","X","X","X","X","X","X","X","X","X","X","93-",30
"16619 - NAVY - STNE - Stump Neck","NAVY",16619,"16619S","STNE","Stump Neck","DN","+","Rison","Charles","MD","6","38 33 08","-077 11 41","01S","Web - Google E","NAD83",38.55222,-77.19472,"x",9,4,30,"upland deciduous forest/riparian",,,,,"X","X","X","X","X","X","X","X","X","X","X",,,,,,,,,,,,,,,,,,,,,,,,,,,,"93-03",11
"16620 - JEFF - AR54 - Area 54","JEFF",16620,"16620U","AR54","Area 54","IW","+","Bryantsburg","Jefferson","IN","6","38 53 46","-085 22 36","01S","GPS -GPSMAP 76","NAD83",38.89611,-85.37667,"x",268,15,24,"successional upland forest",,,,,,"X","X","X","X","X","X","X","X","X",,"X","X","X","X","X","X","X",,,,,,,,,,,,,,,,,,,,,"94-02,04-08",14
"16621 - JEFF - AR27 - Area 27","JEFF",16621,"16621S","AR27","Area 27","IW","+","New Marion","Ripley","IN","6","38 59 52","-085 22 31","01S","-","-",38.99778,-85.37528,"-",277,15,24,"riparian/upland decid./oldfield",,,,,,"X","X","X","X","X","X","X","X","X",,,,,,,,,,,,,,,,,,,,,,,,,,,,,"94-02",9
"16622 - JEFF - AR66 - Area 66","JEFF",16622,"16622U","AR66","Area 66","IW","+","Wirt","Jefferson","IN","6","38 49 50","-085 26 48","01S","-","-",38.83056,-85.44667,"-",258,15,24,"mature lowland deciduous forest",,,,,,"X","X",,,,,,,,,,,,,,,,,,,,,,,,,,,,,,,,,,,,"94-95",2
"16623 - JEFF - AR16 - Area 16","JEFF",16623,"16623U","AR16","Area 16","IW","+","New Marion","Ripley","IN","6","39 00 52","-085 23 40","01S","-","-",39.01444,-85.39444,"-",274,15,24,"upland deciduous forest",,,,,,"X","X","X","X","X","X","X","X","X",,"X",,,,,,,,,,,,,,,,,,,,,,,,,,,"94-02,04",10
"16624 - JEFF - AR31 - Area 31","JEFF",16624,"16624U","AR31","Area 31","IW","+","San Jacinto","Jennings","IN","6","38 58 11","-085 27 39","01S","GPS -GPSMAP 76","NAD83",38.96972,-85.46083,"x",259,15,24,"mature upland deciduous/oldfield",,,,,,"X","X","X","X","X","X","X","X","X",,"X","X","X","X","X","X","X",,,,,"X","X","X","X","X","X","X","X",,,,,,,,,"94-02,04-08,11-14",18
"16625 - JEFF - AR07 - Area 07","JEFF",16625,"16625S","AR07","Area 07","IW","+","Nebraska","Ripley","IN","6","39 02 09","-085 26 14","01S","GPS -GPSMAP 76","NAD83",39.03583,-85.43722,"x",259,15,24,"mature/succ. upland deciduous",,,,,,"X","X","X","X","X","X","X","X","X",,"X","X","X","X","X","X","X",,,,,"X","X","X","X","X","X","X","X",,,,,,,,,"94-02,04-08,11-14",18
"16626 - CRAN - FIRS - First Creek","CRAN",16626,"16626U","FIRS","First Creek","DN","+","Burns City","Martin","IN","6","38 52 17","-086 54 09","01S","GPS -GPSMAP 76","NAD83",38.87139,-86.9025,"x",162,15,24,"mature decid. bottomland forest",,,,,,"X","X","X","X","X","X","X","X","X",,"X","X","X","X","X","X","X",,,,,"X","X","X","X","X","X","X","X",,,,,,,,,"94-02,04-08,11-14",18
"16627 - CRAN - WICE - Williams Cemetery","CRAN",16627,"16627U","WICE","Williams Cemetery","DN","+","Burns City","Martin","IN","6","38 48 35","-086 52 55","01S","GPS -GPSMAP 76","NAD83",38.80972,-86.88194,"x",219,15,24,"deciduous upland forest",,,,,,"X","X","X","X","X","X","X","X","X",,"X","X","X","X","X","X","X",,,,,,,,,,,,,,,,,,,,,"94-02,04-08",14
"16628 - CRAN - SEED - Seedtick Creek","CRAN",16628,"16628U","SEED","Seedtick Creek","DN","+","Loogootee","Martin","IN","6","38 45 35","-086 53 05","01S","GPS -GPSMAP 76","NAD83",38.75972,-86.88472,"x",149,15,24,"mature decid. bottomland forest",,,,,,"X","X","X","X","X","X","X","X","X",,"X","X","X","X","X","X","X",,,,,"X","X","X","X","X","X","X","X",,,,,,,,,"94-02,04-08,11-14",18
"16629 - CRAN - SULP - Sulphur Creek","CRAN",16629,"16629U","SULP","Sulphur Creek","DN","+","Owensburg","Martin","IN","6","38 53 07","-086 44 14","01S","GPS -GPSMAP 76","NAD83",38.88528,-86.73722,"x",177,14,24,"upland decid./oldfield/riparian",,,,,,"X","X","X","X","X","X","X","X","X",,"X","X","X","X","X","X","X",,,,,"X","X","X","X","X","X","X","X",,,,,,,,,"94-02,04-08,11-14",18
"16630 - CRAN - EABO - East Boggs","CRAN",16630,"16630U","EABO","East Boggs","DN","+","Burns City","Martin","IN","6","38 47 39","-086 50 08","01S","GPS -GPSMAP 76","NAD83",38.79417,-86.83556,"x",152,15,24,"upland decid./riparian/grassy",,,,,,"X","X","X","X","X","X","X","X","X",,"X","X","X","X","X","X","X",,,,,"X","X","X","X","X","X","X","X",,,,,,,,,"94-02,04-08,11-14",18
"16631 - CRAN - AR14 - Area 14","CRAN",16631,"16631U","AR14","Area 14","DN","+","Cale","Martin","IN","6","38 50 27","-086 47 41","01S","GPS -GPSMAP 76","NAD83",38.84083,-86.79472,"x",198,14,24,"upland decid./riparian/oldfield",,,,,,"X","X","X","X","X","X","X","X","X",,"X","X","X","X","X","X","X",,,,,"X","X","X","X","X","X","X","X",,,,,,,,,"94-02,04-08,11-14",18
"16632 - KNOX - OHRI - Ohio River","KNOX",16632,"16632U","OHRI","Ohio River","DA","+","Muldraugh","Meade","KY","6","37 58 38","-086 01 43","01S","-","-",37.97722,-86.02861,"-",131,14,24,"bottomland deciduous forest",,,,,,"X","X","X","X","X","X","X","X","X",,"X","X","X",,,,,,,,,,,,,,,,,,,,,,,,,"94-02,04-06",12
"16633 - KNOX - MCSP - McCracken Springs","KNOX",16633,"16633U","MCSP","McCracken Springs","DA","+","Muldraugh","Meade","KY","6","37 53 30","-086 01 44","01S","GPS -GPSMAP 76","NAD83",37.89167,-86.02889,"x",171,14,24,"mature upland deciduous forest",,,,,,"X","X","X","X","X","X","X","X","X",,"X","X","X","X","X","X","X",,,,,,,,,,,,,,,,,,,,,"94-02,04-08",14
"16634 - KNOX - CEDA - Cedar Creek","KNOX",16634,"16634U","CEDA","Cedar Creek","DA","+","Radcliff","Hardin","KY","6","37 48 43","-085 49 46","01S","GPS -GPSMAP 76","NAD83",37.81194,-85.82944,"x",151,14,24,"riparian deciduous woods",,,,,,"X","X","X","X","X","X","X","X","X",,"X","X","X","X","X","X","X",,,,,,,,,,,,,,,,,,,,,"94-02,04-08",14
"16635 - KNOX - SARI - Salt River","KNOX",16635,"16635U","SARI","Salt River","DA","+","Bardstown Junction","Bullitt","KY","6","37 56 30","-085 46 15","01S","GPS -GPSMAP 76","NAD83",37.94167,-85.77083,"x",140,14,24,"disturbed mature upland forest",,,,,,"X","X","X","X","X","X","X","X","X",,"X","X","X","X","X","X","X",,,,,,,,,,,,,,,,,,,,,"94-02,04-08",14
"16636 - KNOX - DULA - Duck Lake","KNOX",16636,"16636U","DULA","Duck Lake","DA","+","Shepherdsville","Bullitt","KY","6","37 58 00","-085 46 46","01S","-","-",37.96667,-85.77944,"-",131,14,24,"upland deciduous forest/oldfield",,,,,,"X","X","X","X","X","X","X","X","X",,,,,,,,,,,,,,,,,,,,,,,,,,,,,"94-02",9
"16637 - KNOX - LDLA - Lower Douglas Lake","KNOX",16637,"16637U","LDLA","Lower Douglas Lake","DA","+","Radcliff","Hardin","KY","6","37 49 33","-085 52 34","01S","-","-",37.82583,-85.87611,"-",221,14,24,"upland deciduous forest",,,,,,"X","X","X","X","X","X","X","X","X",,"X",,,,,,,,,,,,,,,,,,,,,,,,,,,"94-02,04",10
"16638 - NHW- - ONHW - Nags Head Woods","NHW-",16638,"16638U","ONHW","Nags Head Woods","P",,"Kill Devil Hills","Dare","NC","6","35 59 10","-075 39 40","10S","-","-",35.98611,-75.66111,"-",12,3,27,"deciduous maritime forest/ponds",,,,,,"X","X","X","X","X",,,,,,,,,,,,,,,,,,,,,,,,,,,,,,,,,"94-98",5
"16640 - PCSF - TRFA - Tree Farm","PCSF",16640,"16640U","TRFA","Tree Farm","P",,"Signal Mountain","Marion","TN","6","35 05 20","-085 26 00","10S","-","-",35.08889,-85.43333,"-",549,21,28,"mixed hardwood/pine nursery",,,,,,"X","X","X","X","X","X","X",,,,,,,,,,,,,,,,,,,,,,,,,,,,,,,"94-00",7
"16641 - BLSF - BLSF - Bladen Lakes","BLSF",16641,"16641U","BLSF","Bladen Lakes","S",,"White Lake","Bladen","NC","6","34 45 00","-078 25 00","BLK","-","-",34.75,-78.41667,"-",18,3,27,"evergreen shrub/carolina bay",,,,,,"X",,,,,,,,,,,,,,,,,,,,,,,,,,,,,,,,,,,,,"94",1
"16642 - NEWA - UDWN - Delaware Woods North","NEWA",16642,"16642S","UDWN","Delaware Woods North","S","+","Newark","New Castle","DE","6","39 39 47","-075 44 45","01S","-","-",39.66306,-75.74583,"-",29,4,30,"upland deciduous forest",,,,,,"X","X","X","X","X","X",,,,,,,,,,,,,,,,,,,,,,,,,,,,,,,,"94-99",6
"16643 - NEWA - UDWS - Delaware Woods South","NEWA",16643,"16642S","UDWS","Delaware Woods South","S","+","Newark","New Castle","DE","6","39 39 38","-075 44 46","01S","-","-",39.66056,-75.74611,"-",29,4,30,"upland deciduous forest",,,,,,"X","X","X","X","X","X",,,,,,,,,,,,,,,,,,,,,,,,,,,,,,,,"94-99",6
"16644 - BELV - BUPL - Belvoir Upland","BELV",16644,"16644U","BUPL","Belvoir Upland","DA","+","Lorton","Fairfax","VA","6","38 44 10","-077 09 00","10S","-","-",38.73611,-77.15,"-",38,4,30,"mixed upland forest",,,,,,,"X","X","X","X","X","X","X","X",,,,,,,,,,,,,,,,,,,,,,,,,,,,,"95-02",8
"16645 - BELV - BLOW - Belvoir Lowland","BELV",16645,"16645U","BLOW","Belvoir Lowland","DA","+","Lorton","Fairfax","VA","6","38 44 20","-077 08 00","10S","-","-",38.73889,-77.13333,"-",9,4,30,"deciduous bottomland forest",,,,,,,"X","X","X","X","X","X","X","X",,,,,,,,,,,,,,,,,,,,,,,,,,,,,"95-02",8
"16646 - BELV - MAS1 - Mason Neck 1","BELV",16646,"16646U","MAS1","Mason Neck 1","IW","+","Woodbridge","Fairfax","VA","6","38 37 34","-077 10 24","01S","GPS","NAD83",38.62611,-77.17333,"x",6,4,27,"mid-successional decid. forest",,,,,,,"X","X","X","X","X","X","X","X","X","X","X","X","X","X","X","X","X","X","X","X","X","X",,,,,,,,,,,,,,,"95-11",17
"16647 - BELV - MAS2 - Mason Neck 2","BELV",16647,"16647U","MAS2","Mason Neck 2","IW","+","Woodbridge","Fairfax","VA","6","38 37 35","-077 12 03","01S","GPS","NAD83",38.62639,-77.20083,"x",6,4,30,"mountain-laurel thicket",,,,,,,"X","X","X","X","X","X","X","X","X","X","X","X","X","X","X","X","X","X","X","X","X","X",,,,,,,,,,,,,,,"95-11",17
"16648 - APHI - APH1 - A.P. Hill 1","APHI",16648,"16648S","APH1","A.P. Hill 1","DA","+","Bowling Green","Caroline","VA","6","38 08 24","-077 20 20","01S","GPSMAP 64S","NAD83",38.14,-77.33889,"x",69,4,27,"Mixed deciduous and coniferous forest",,,,,,,"X","X","X","X","X","X","X","X","X",,,,,,,,,,,,,,,,,,,,,,,,,,,,"95-03,19-",13
"16649 - APHI - APH2 - A.P. Hill 2","APHI",16649,"16648S","APH2","A.P. Hill 2","DA","+","Bowling Green","Caroline","VA","6","38 08 58","-077 20 24","01S","GPSMAP 64S","NAD83",38.14944,-77.34,"x",63,4,27,"Mixed deciduous forest",,,,,,,"X","X","X","X","X","X","X","X","X",,,,,,,,,,,,,,,,,,,,,,,,,,,,"95-03,19-",13
"16650 - TIDE - FENT - Fentress","TIDE",16650,"16650U","FENT","Fentress","DN","+","Fentress","Chesapeake","VA","6","36 41 01","-076 08 59","01S","-","-",36.68361,-76.14972,"-",4,3,27,"mixed forest",,,,,,,"X","X","X","X","X","X","X","X",,,,,,,,,,,,,,,,,,,,,,,,,,,,,"95-02",8
"16651 - TIDE - CPEN - Pendleton","TIDE",16651,"16651U","CPEN","Pendleton","S","+","Virginia Beach","Virginia Beach","VA","6","36 48 19","-075 58 44","01S","-","-",36.80528,-75.97889,"-",3,3,27,"mixed forest",,,,,,,"X","X","X","X","X","X","X","X",,,,,,,,,,,,,,,,,,,,,,,,,,,,,"95-02",8
"16652 - TIDE - OWLS - Owls Creek","TIDE",16652,"16652U","OWLS","Owls Creek","DN","+","Virginia Beach","Virginia Beach","VA","6","36 49 20","-075 59 28","01S","-","-",36.82222,-75.99111,"-",3,3,27,"mixed forest",,,,,,,"X","X","X","X","X","X","X","X",,,,,,,,,,,,,,,,,,,,,,,,,,,,,"95-02",8
"16653 - TIDE - BOAR - Boardwalk","TIDE",16653,"16653U","BOAR","Boardwalk","DN","+","Moyock","Currituck","NC","6","36 32 09","-076 15 55","01S","-","-",36.53583,-76.26528,"-",5,3,27,"swampy mixed forest",,,,,,,"X","X","X","X","X","X","X","X",,,,,,,,,,,,,,,,,,,,,,,,,,,,,"95-02",8
"16654 - TIDE - POND - Oceana Pond","TIDE",16654,"16654U","POND","Oceana Pond","DN","+","Virginia Beach","Virginia Beach","VA","6","36 48 42","-076 00 04","01S","-","-",36.81167,-76.00111,"-",6,3,27,"mixed forest",,,,,,,"X","X","X","X","X","X","X","X",,,,,,,,,,,,,,,,,,,,,,,,,,,,,"95-02",8
"16655 - TIDE - ROTH - Rothr Antenna","TIDE",16655,"16655U","ROTH","Rothr Antenna","DN","+","Fentress","Chesapeake","VA","6","36 33 31","-076 16 42","01S","-","-",36.55861,-76.27833,"-",6,3,27,"mixed forest",,,,,,,"X","X","X","X","X","X","X","X",,,,,,,,,,,,,,,,,,,,,,,,,,,,,"95-02",8
"16656 - BRAG - I102 - I102","BRAG",16656,"16656U","I102","I102","DA","+","Ashley Heights","Hoke","NC","6","35 08 20","-079 19 40","10S","-","-",35.13889,-79.32778,"-",94,4,27,"riparian scrub/pine savanna",,,,,,,"X","X","X","X","X","X","X","X",,,,,,,,,,,,,,,,,,,,,,,,,,,,,"95-02",8
"16657 - BRAG - I104 - I104","BRAG",16657,"16657S","I104","I104","DA","+","Ashley Heights","Hoke","NC","6","35 06 58","-079 19 11","01S","GPS -GPSMAP 76","NAD83",35.11611,-79.31972,"x",88,4,27,"riparian scrub/pine savanna",,,,,,,"X","X","X","X","X","X","X","X","X","X","X","X","X","X","X","X","X","X",,,,,,,,,,,,,,,,,,,"95-09",15
"16658 - BRAG - I113 - I113","BRAG",16658,"16658U","I113","I113","DA","+","Ashley Heights","Hoke","NC","6","35 05 33","-079 19 25","01S","GPS -GPSMAP 76","NAD83",35.0925,-79.32361,"x",107,4,27,"riparian woodland/pine savanna",,,,,,,"X","X","X","X","X","X","X","X","X","X","X","X","X","X","X","X","X","X",,,,,,,,,,,"X","X","X","X",,,,,"95-09,15-16",17
"16659 - BRAG - S110 - S110","BRAG",16659,"16657S","S110","S110","DA","+","Ashley Heights","Hoke","NC","6","35 07 08","-079 20 12","01S","GPS -GPSMAP 76","NAD83",35.11889,-79.33667,"x",94,4,27,"riparian/mixed woodland, savanna",,,,,,,"X","X","X","X","X","X","X","X","X","X","X","X","X","X","X","X","X","X",,,,,,,,,,,"X","X","X","X",,,,,"95-09,15-16",17
"16660 - BRAG - S112 - S112","BRAG",16660,"16660U","S112","S112","DA","+","Ashley Heights","Hoke","NC","6","35 06 43","-079 21 46","01S","GPS -GPSMAP 76","NAD83",35.11194,-79.36278,"x",121,4,27,"riparian/upland woods, savanna",,,,,,,"X","X","X","X","X","X","X","X","X","X","X","X","X","X","X","X","X","X",,,,,,,,,,,,,,,,,,,"95-09",15
"16661 - BRAG - S114 - S114","BRAG",16661,"16661U","S114","S114","DA","+","Silver City","Hoke","NC","6","35 02 55","-079 16 16","01S","GPS -GPSMAP 76","NAD83",35.04861,-79.27111,"x",81,4,27,"mixed riparian/upland woods",,,,,,,"X","X","X","X","X","X","X","H","X","X","X","X","X","X","X","X","X","X",,,,,,,,,,,,,,,,,,,"95-09",15
"16662 - CSWR - CSWR - Carolina Sandhills NWR","CSWR",16662,"16662U","CSWR","Carolina Sandhills NWR","IW","+","McBee","Chesterfield","SC","6","34 32 50","-080 12 10","10S","-","-",34.54722,-80.20278,"-",122,4,27,"stream pocosin",,,,,,,"X","X","X","X",,,,,,,,,,,,,,,,,,,,,,,,,,,,,,,,,"95-98",4
"16663 - SLAD - SLAD - Slades Swamp","SLAD",16663,"16663U","SLAD","Slades Swamp","P","+","Clarkton","Bladen","NC","6","34 27 40","-078 38 00","10S","-","-",34.46111,-78.63333,"-",23,4,27,"bottomland hardwood forest",,,,,,,"X","X","X","X","X",,,,,,,,,,,,,,,,,,,,,,,,,,,,,,,,"95-99",5
"16664 - QUAN - AMMO - Ammunition Storage","QUAN",16664,"16664S","AMMO","Ammunition Storage","DM","+","Triangle","Stafford","VA","6","38 31 40","-077 23 40","10S","-","-",38.52778,-77.39444,"-",76,4,29,"deciduous forest",,,,,,,"X","X","X","X","X","X","X","X","X","X","X",,"X","X","X","X","X","X",,,"X","X","X","X",,,"X","X","X","X",,,,,,,"95-05,07-09,11-12,14-15",18
"16665 - QUAN - NEWB - New Breckinridge Road","QUAN",16665,"16665U","NEWB","New Breckinridge Road","DM","+","Independent Hill","Prince William/Stafford","VA","6","38 33 10","-077 24 40","10S","-","-",38.55278,-77.41111,"-",76,11,29,"deciduous forest",,,,,,,"X","X","X","X","X","X","X","X","X","X","X",,"X","X","X","X","X","X",,,,,,,,,,,,,,,,,,,"95-05,07-09",14
"16666 - QUAN - HOTP - Hotpatch Road","QUAN",16666,"16664S","HOTP","Hotpatch Road","DM","+","Triangle","Stafford","VA","6","38 32 10","-077 24 20","10S","-","-",38.53611,-77.40556,"-",76,11,29,"deciduous forest",,,,,,,"X","X",,,,,,,,,,,,,,,,,,,,,,,,,,,,,,,,,,,"95-96",2
"16667 - DIVI - BEAR - Bear Swamp","DIVI",16667,"16667S","BEAR","Bear Swamp","S","+","Dividing Creek","Cumberland","NJ","6","39 18 00","-075 05 45","01S","GPS","NAD83",39.3,-75.09583,"x",6,4,30,"mixed deciduous forested wetland",,,,,,"X","X","X","X","X","X","X","X","X","X","X","X","X","X","X","X","X","X","X","X","X","X","X","X","X",,,,,,,,,,,,,"94-12",19
"16668 - DIVI - RAIL - Railroad","DIVI",16668,"16667S","RAIL","Railroad","S","+","Dividing Creek","Cumberland","NJ","6","39 18 40","-075 05 30","10S","-","-",39.31111,-75.09167,"-",15,4,30,"mixed deciduous scrub",,,,,,"X",,,,,,,,,,,,,,,,,,,,,,,,,,,,,,,,,,,,,"94",1
"16669 - JEFF - AR64 - Area 64","JEFF",16669,"16669U","AR64","Area 64","IW","+","Bryantsburg","Jefferson","IN","6","38 51 30","-085 22 48","01S","GPS -GPSMAP 76","NAD83",38.85833,-85.38,"x",270,15,24,"succ. upland forest, oldfield",,,,,,,,"X","X","X","X","X","X","X",,"X","X","X","X","X","X","X",,,,,,,,,,,,,,,,,,,,,"96-02,04-08",12
"16670 - MIMA - MIMA - Midge Manor","MIMA",16670,"16670U","MIMA","Midge Manor","P",,"Ridgeville","McIntosh","GA","6","31 25 39","-081 23 58","01S","-","-",31.4275,-81.39944,"-",6,3,27,"small stream swamp",,,,,,,,"X",,,,,,,,,,,,,,,,,,,,,,,,,,,,,,,,,,,"96",1
"16671 - HANE - HANE - Hanes","HANE",16671,"16671U","HANE","Hanes","P","+","Trent Woods","Craven","NC","6","34 43 54","-076 54 56","01S","GPS","NAD83",34.73167,-76.91556,"x",6,3,27,"upland pine forest",,,,,,,,"X","X","X","X","X",,,"X","X","X","X","X","X","X","X",,,,,,,,,,,,,,,,,,,,,"96-00,03-08",11
"16672 - FERN - FERN - Fernbank Forest","FERN",16672,"16672U","FERN","Fernbank Forest","P","+","Decatur","DeKalb","GA","6","33 46 35","-084 19 22","01S","GPS","NAD83",33.77639,-84.32278,"x",328,11,29,"old-growth deciduous forest",,,,,,,,"X","X","X","X","X","X","X","X","X","X","X","X","X","X","X","X","X","X","X","X","X","X",,,,,,,,,,,,,,"96-12",17
"16673 - PEDE - PEDE - Pee Dee NWR","PEDE",16673,"16673U","PEDE","Pee Dee NWR","IW","+","Ansonville","Anson","NC","6","35 03 50","-080 05 30","10S","-","-",35.06389,-80.09167,"-",200,11,29,"bottomland and upland hardwoods",,,,,,,,"X","X","X","X","X","X","X",,,,,,,,,,,,,,,,,,,,,,,,,,,,,"96-02",7
"16674 - ROHO - ROHO - Rochoc","ROHO",16674,"16674U","ROHO","Rochoc","S",,"Rockyhock","Chowan","NC","6","36 12 10","-076 42 30","10S","-","-",36.20278,-76.70833,"-",3,3,27,"bottomland deciduous forest",,,,,,,,"X","X","X","X","X","X","X","X",,,,,,,,,,,,,,,,,,,,,,,,,,,,"96-03",8
"16676 - QUAN - LOGC - MCBQ-LOGC","QUAN",16676,"16676S","LOGC","MCBQ-LOGC","DM","+","Garrisonville","Stafford","VA","6","38 30 40","-077 23 30","10S","-","-",38.51111,-77.39167,"-",76,4,29,"deciduous forest",,,,,,,,,"X","X","X","X","X","X","X","X","X",,"X","X","X","X",,,,,,,,,,,,,,,,,,,,,"97-05,07-08",11
"16677 - DILL - DILL - Dill Sanctuary","DILL",16677,"16677U","DILL","Dill Sanctuary","P",,"Charleston","Charleston","SC","6","32 42 30","-079 58 00","01M","-","-",32.70833,-79.96667,"-",1,3,27,"shrub thicket",,,,,,,,,"X","H",,,,,,,,,,,,,,,,,,,,,,,,,,,,,,,,,"97-98",2
"16678 - RADN - RADN - Radnor Lake","RADN",16678,"16678U","RADN","Radnor Lake","S","+","Brentwood","Davidson","TN","6","36 03 20","-086 47 50","10S","-","-",36.05556,-86.79722,"-",240,14,24,"deciduous woodland/grassland",,,,,,,,,"X","X","X","X","X","X","X","X","X","X",,,,,,,,,,,,,,,,,,,,,,,,,"97-06",10
"16679 - HOLL - HOLL - Hollins Station","HOLL",16679,"16679U","HOLL","Hollins Station","P",,"Hollins","Clay","AL","6","33 07 00","-086 08 20","10S","-","-",33.11667,-86.13889,"-",180,11,28,"forest/field/pasture/riparian",,,,,,,,,"X","X","X","X","X","X","X","X","X","X","X","X","X","X","X","X","X","X","X","X",,,,,,,,,,,,,,,"97-11",15
"16680 - WNWR - WHSP - Wheeler NWR","WNWR",16680,"16680U","WHSP","Wheeler NWR","IW","+","Decatur","Morgan","AL","6","34 45 25","-087 47 16","01S","-","-",34.75694,-87.78778,"-",150,14,24,"mixed forest",,,,,,,,,"X","X","X",,,,,,,,,,,,,,,,,,,,,,,,,,,,,,,,"97-99",3
"16681 - RIVE - RIVE - Tennessee River Gorge","RIVE",16681,"16681U","RIVE","Tennessee River Gorge","S","?","Signal Mountain","Marion","TN","6","35 05 20","-085 23 50","10S","-","-",35.08889,-85.39722,"-",198,21,28,"riparian forest",,,,,"X",,"X","X","X",,,,,,,,,,,,,,,,,,,,,,,,,,,,,,,,,,"93,95-97",4
"16682 - IVYK - IVYK - Ivy Knob","IVYK",16682,"16682U","IVYK","Ivy Knob","S","+","Arnett","Raleigh/Wyoming","WV","6","37 47 10","-081 29 50","10S","-","-",37.78611,-81.49722,"-",1077,21,28,"second-growth forest",,,,,,,,"X",,,,,,,,,,,,,,,,,,,,,,,,,,,,,,,,,,,"96",1
"16683 - PALI - PALI - Kentucky River","PALI",16683,"16683U","PALI","Kentucky River","S","+","Camp Nelson","Garrard","KY","6","37 45 58","-084 37 20","01S","Web - topozone","NAD83",37.76611,-84.62222,"x",240,15,24,"decid. forest/pasture/cliff",,,,,,,,,"X",,,,,,,,,,,,,,,,,,,,,,,,,,,,,,,,,,"97",1
"16684 - BOWL - BOWL - Bowles Woods","BOWL",16684,"16684S","BOWL","Bowles Woods","C","+","Harrison","Hamilton","OH","6","39 15 01","-084 45 39","01S","GPS","NAD83",39.25028,-84.76083,"x",200,15,24,"deciduous forest/grassland",,,,,,,,,,"X","X","X","X","X","X","X","X","X","X","X","X","X","X","X","X","X",,,,,,,,,,,,,,,,,"98-10",13
"16686 - WEST - WEST - Westview","WEST",16686,"16686U","WEST","Westview","P","+","Jefferson","Goochland","VA","6","37 38 40","-078 00 20","10S","-","-",37.64444,-78.00556,"-",53,11,29,"deciduous woodland/evergreen wood",,,,,,,,,,"X","X","X","X","X",,,,,,,,,,,,,,,,,,,,,,,,,,,,,"98-02",5
"16687 - PILO - PILO - Pilot Knob","PILO",16687,"16687S","PILO","Pilot Knob","S","+","Westbend","Powell","KY","6","37 54 50","-083 56 33","01S","Web - topozone","NAD83",37.91389,-83.9425,"x",259,14,28,"deciduous forest",,,,,,,,,,"X",,,,,,,,,,,,,,,,,,,,,,,,,,,,,,,,,"98",1
"16688 - AAFB - SPCR - Spring Creek","AAFB",16688,"16688U","SPCR","Spring Creek","DO","+","Tullahoma","Franklin","TN","6","35 19 26","-086 09 00","01S","GIS - ArcMAP","NAD83",35.32389,-86.15,"x",345,14,24,"fire managed post &red oak,loblolly pine",,,,,,,,,,,"X","X","X","X","X","X","X","X","X","X","X","X","X","X","X","X","X","X",,,,,,,,,,,,,,,"99-11",13
"16689 - CFWR - CFWR - Cowan's Ford Wildlife Ref","CFWR",16689,"16689U","CFWR","Cowan's Ford Wildlife Ref","C","+","Huntersville","Mecklenburg","NC","6","35 22 30","-080 58 10","01S","Web - Google E.","NAD83",35.375,-80.96944,"x",221,11,29,"mixed woodland/grassland",,,,,,,,,,,"X","X","X","X","X","X",,,,,,,,,,,,,,,,,,,,,,,,,,,"99-04",6
"16690 - WASS - WASS - Wassaw Island, South","WASS",16690,"16690U","WASS","Wassaw Island, South","IW","+","Isle of Hope","Chatham","GA","6","31 52 50","-080 58 47","01S","GPS","NAD83",31.88056,-80.97972,"x",3,3,27,"salt marsh to oak-pine forest",,,,,,,,,,,"X","X","X","X","X","X","X","X","X","X","X","X",,,,,,,,,,,,,,,,,,,,,"99-08",10
"16691 - SIBO - SIBO - South. Illinois Bird Obs.","SIBO",16691,"16691U","SIBO","South. Illinois Bird Obs.","P","+","Makanda","Jackson","IL","6","37 36 31","-089 14 46","01S","-","-",37.60861,-89.24611,"-",183,14,24,"deciduous forest/mixed shrubland",,,,,,,,,,,"X","X","X","X","X",,,,,,,,,,,,,,,,,,,,,,,,,,,,"99-03",5
"16692 - PILO - SAGE - Sage Point","PILO",16692,"16687S","SAGE","Sage Point","S","+","Westbend","Powell","KY","6","37 54 24","-083 56 14","01S","Web - topozone","NAD83",37.90667,-83.93722,"x",274,14,28,"oak-hickory forest w/ utility row",,,,,,,,,,,"X","X","X",,,,,,,,,,,,,,,,,,,,,,,,,,,,,,"99-01",3
"16693 - JCRF - WOLA - Woodcock Lane","JCRF",16693,"16693U","WOLA","Woodcock Lane","IW","+","Dias Creek","Cape May","NJ","6","39 05 37","-074 53 19","01S","-","-",39.09361,-74.88861,"-",3,4,30,"deciduous woodland/dec. shrubland",,,,,,,,,,,"X","X","X",,,,,,,,,,,,,,,,,,,,,,,,,,,,,,"99-01",3
"16694 - JCRF - FNWR - E.B. Forsythe NWR","JCRF",16694,"16694U","FNWR","E.B. Forsythe NWR","IW","+","Oceanville","Atlantic","NJ","6","39 27 58","-074 27 19","01S","-","-",39.46611,-74.45528,"-",5,4,30,"marsh and adjacent woods",,,,,,,,,,,"X","X","X",,,,,,,,,,,,,,,,,,,,,,,,,,,,,,"99-01",3
"16695 - DODA - DODA - North Montgomery County","DODA",16695,"16695U","DODA","North Montgomery County","C",,"Montgomery","Montgomery","AL","6","32 27 33","-086 12 31","01S","-","-",32.45917,-86.20861,"-",50,4,27,"mixed woodland/riparian corridor",,,,,,,,,,,,,"X","X","X","X",,,,,,,,,,,,,,,,,,,,,,,,,,,"01-04",4
"16696 - POIN - POIN - Poinsett Elec. Combat Stn","POIN",16696,"16696U","POIN","Poinsett Elec. Combat Stn","DO","+","Wedgefield","Sumter","SC","6","33 48 02","-080 27 30","01S","ArcMap","NAD83",33.80056,-80.45833,"x",61,4,27,"Carolina bay/mixed pine hardwood forest",,,,,,,,,,,,,"X",,,,,,"X","X","X","X","X","X","X","X","X","X","X","X","X","X","X","X","X","X","X","X",,,,,"01,07-16,21-",13
"16697 - FOST - FSA7 - Fort Stewart A-7","FOST",16697,"16697U","FSA7","Fort Stewart A-7","DA","+","Flemington","Liberty","GA","6","31 55 38","-081 27 15","01S","-","-",31.92722,-81.45417,"-",7,3,27,"longleaf pine/wiregrass flatwoods",,,,,,,,,,,"X","X","X","X",,,,,,,,,,,,,,,,,,,,,,,,,,,,,"99-02",4
"16699 - ICHA - ICHA - Ichauway","ICHA",16699,"16699U","ICHA","Ichauway","P","+","Newton","Baker","GA","6","31 12 14","-084 24 37","01S","-","NAD83",31.20389,-84.41028,"x",120,4,27,"mature longleaf pine forest",,,,,,,,,,,,,"X","X","X","X","X","X","X","X","X","X","X","X","X","X",,,,,,,,,,,,,,,,,"01-10",10
"16700 - HWLC - RMTR - Reedy Marsh Trail","HWLC",16700,"16700U","RMTR","Reedy Marsh Trail","S","+","Four Oaks","Johnston","NC","6","35 23 55","-078 17 22","01S","GPS","NAD83",35.39861,-78.28944,"x",29,4,27,"bottomland hardwood forest",,,,,,,,,,,,"X","X","X","X","X","X","X","X","X","X","X","X","X","X",,"X","X","X",,,,,,,,,,,,,,"00-12",13
"16703 - CLEM - CEFA - Clemson Exp. Forest #A","CLEM",16703,"16703U","CEFA","Clemson Exp. Forest #A","S","+","Clemson","Anderson","SC","6","34 37 48","-082 47 24","01S","-","-",34.63,-82.79,"-",250,11,29,"pine-hardwood forest",,,,,,,,,,,,,,"X",,,,,,,,,,,,,,,,,,,,,,,,,,,,,"02",1
"16704 - NCWC - NCWC - N. Carolina Wesleyan Col.","NCWC",16704,"16704U","NCWC","N. Carolina Wesleyan Col.","P","+","Rocky Mount","Nash","NC","6","36 01 00","-077 46 50","01S","-","-",36.01667,-77.78056,"-",28,4,27,"oldfield/mixed woodland/suburbia",,,,,,,,,,,,,"X","X","X","X","X","X",,,,,,,,,,,,,,,,,,,,,,,,,"01-06",6
"16705 - FOXF - FOXF - Foxsparrow Farms","FOXF",16705,"16705U","FOXF","Foxsparrow Farms","P",,"Steele","St.Clair","AL","6","33 56 03","-086 16 01","01S","-","-",33.93417,-86.26694,"-",400,13,28,"mature oldfield",,,,,,,,,,,,,"X","X","X","X","X","X","X","X","X","X",,,"X","X","X","X",,,,,,,,,,,,,,,"01-08,10-11",10
"16706 - BRAG - SAHI - Sandstone Hill","BRAG",16706,"16706U","SAHI","Sandstone Hill","DA","+","Ashley Heights","Hoke","NC","6","35 03 05","-079 19 31","01S","GPS -GPSMAP 76","NAD83",35.05139,-79.32528,"x",141,4,27,"pine savana/mixed woodland",,,,,,,,,,,,,,,"X","X","X","X","X","X","X","X","X","X",,,,,,,,,,,,,,,,,,,"03-09",7
"16707 - SPAL - SPAL - Cahaba Mountain","SPAL",16707,"16707U","SPAL","Cahaba Mountain","P","+","Springville","St.Clair","AL","6","33 45 43","-086 31 08","01S","-","NAD83",33.76194,-86.51889,"x",48,13,28,"pine & hardwood hillside/meadow",,,,,,,,,,,,,"X","X","X","X","X","X","X","X","X","X","?",,"?",,"?",,"?",,"?",,"?",,,,,,,,,,"01-14",14
"16708 - CLKR - CLK1 - Clark's River NWR #1","CLKR",16708,"16708S","CLK1","Clark's River NWR #1","IW","+","Benton","Marshal","KY","6","36 55 40","-088 27 51","01S","GPS","NAD83",36.92778,-88.46417,"x",102,4,27,"bottomland hardwoods/post oak prairie",,,,,,,,,,,,,,,"X","X","X","X","X","X","X","X","X","X","X","X","X","X","X","X","X","X","X","X","X","X","X","X","X","X","X","X","03-20",18
"16709 - BSFH - BSFH - Buford St. Fish Hatchery","BSFH",16709,"16709U","BSFH","Buford St. Fish Hatchery","S","+","Cumming","Forsyth","GA","6","34 08 17","-084 05 32","01S","-","-",34.13806,-84.09222,"-",272,11,29,"Mixed woodland along Chattahoochee River",,,,,,,,,,,,,,,"X","X","X",,,,,,,,,,,,,,,,,,,,,,,,,,"03-05",3
"16710 - FMNF - TIBW - Tibwin Plantation","FMNF",16710,"16710U","TIBW","Tibwin Plantation","AF","+","McClellanville","Charleston","SC","6","33 04 45","-079 30 30","01S","-","-",33.07917,-79.50833,"-",3,3,27,"maritime forest thickets/field edge",,,,,,,,,,,,,,,"X","X","X",,,,,,,,,,,,,,,,,,,,,,,,,,"03-05",3
"16711 - POWA - POWA - Powhatan","POWA",16711,"16711U","POWA","Powhatan","S","+","Powhatan","Powhatan","VA","6","37 31 31","-078 00 20","01S","-","-",37.52528,-78.00556,"-",73,11,29,"mixed deciduous woodland/scrub/field",,,,,,,,,,,,,,,"X","X","X","X","X","X","X","X","X","X","X","X","X","X","X","X","X","X","X","X","X","X",,,,,,,"03-15",13
"16712 - JEFF - AR03 - Area 03","JEFF",16712,"16625S","AR03","Area 03","IW","+","Nebraska","Ripley","IN","6","39 02 47","-085 26 20","01S","GPS -GPSMAP 76","NAD83",39.04639,-85.43889,"x",235,15,24,"riparian corridor in deciduous forest",,,,,,,,,,,,,,,,"X","X","X","X","X","X","X",,,,,"X","X","X","X","X","X","X","X",,,,,,,,,"04-08,11-14",9
"16713 - KNOX - COWL - Cowley Cemetery","KNOX",16713,"16713U","COWL","Cowley Cemetery","DA","+","Radcliff","Hardin","KY","6","37 51 39","-085 55 09","01S","GPS -GPSMAP 76","NAD83",37.86083,-85.91917,"x",163,14,24,"oldfield complex/riparian cor./upl.fores",,,,,,,,,,,,,,,,"X","X","X","X","X","X","X",,,,,,,,,,,,,,,,,,,,,"04-08",5
"16714 - NABR - LHBR - Natural Bridge","NABR",16714,"16714U","LHBR","Natural Bridge","S","+","Slade","Powell","KY","6","37 46 37","-083 41 45","01S","Web - topozone","NAD83",37.77694,-83.69583,"x",245,14,28,"hemlock-mixed mesophytic forest",,,,,,,,,,,,,,,"X","X","X","X","X","X","X","X","X","X","X","X","X","X",,,,,,,,,,,,,,,"03-11",9
"16715 - MACA - DEFE - Dennison Ferry","MACA",16715,"16715U","DEFE","Dennison Ferry","IP","+","Mammoth Cave","Hart","KY","6","37 13 09","-086 02 54","01S","GPS","NAD83",37.21917,-86.04833,"x",142,14,24,"temperate deciduous riparian corridor",,,,,,,,,,,,,,,,"X","X","X","X","X","X","X","X","X","X","X","X","X","X","X","X","X","X","X","X","X","X","X","X","X","X","X","04-",19
"16716 - LOBR - LOBR - Long Branch","LOBR",16716,"16716U","LOBR","Long Branch","P","+","Greenville","Greenville","SC","6","34 51 25","-082 25 51","01S","-","-",34.85694,-82.43083,"-",306,11,29,"young riparian habitat - restored 03",,,,,,,,,,,,,,,,"X",,,,,,,,,,,,,,,,,,,,,,,,,,,"04",1
"16717 - JEFF - AR46 - Area 46","JEFF",16717,"16717U","AR46","Area 46","IW","+","New Marion","Ripley","IN","6","38 55 15","-085 22 01","01S","GPS -GPSMAP 76","NAD83",38.92083,-85.36694,"x",273,15,24,"walnut forest surrounded by grassland",,,,,,,,,,,,,,,,,"X","X","X","X","X","X",,,,,,,,,,,,,,,,,,,,,"05-08",4
"16718 - KNOX - ORLA - Ordinance Lake","KNOX",16718,"16718U","ORLA","Ordinance Lake","DA","+","Muldraugh","Hardin","KY","6","37 57 02","-085 58 46","01S","GPS -GPSMAP 76","NAD83",37.95056,-85.97944,"x",213,14,24,,,,,,,,,,,,,,,,,,"X","X","X","X","X","X",,,,,,,,,,,,,,,,,,,,,"05-08",4
"16719 - ESAA - CLFM - Clifton Farm","ESAA",16719,"16719U","CLFM","Clifton Farm","P","+","Warrenton","Fauquier","VA","5","38 46 57","-077 48 06","01S","GPS","NAD83",38.7825,-77.80167,"x",623,10,29,"mixed deciduous for./riparian cor./mead.",,,,,,,,,,,,,,,,"X","X","X","X","X","X","X","X","X","X","X","X","X","X","X","X","X","X","X","X","X","X","X","X","X","X","X","04-",19
"16720 - NCPR - ENRI - Eno River State Park","NCPR",16720,"16720U","ENRI","Eno River State Park","S","+","Hillsborough","Orange","NC","6","36 05 07","-079 01 56","01S","-","-",36.08528,-79.03222,"-",143,11,29,"mixed hardwoods; riparian corridor",,,,,,,,,,,,,,,,"X","X","X","X","X","X","X","X","X","X","X",,,,,,,,,,,,,,,,,"04-10",7
"16721 - BANC - BANC - Banshee Reeks","BANC",16721,"16721U","BANC","Banshee Reeks","C","+","Leesburg","Loudoun","VA","6","39 01 26","-077 35 49","01S","online topo","NAD27",39.02389,-77.59667,"x",117,10,29,"deciduous woodlands/successional fields",,,,,,,,,,,,,,,"X",,"X","X","X","X","X","X","X","X","X","X","X","X","X","X","X","X","X","X","X","X","X","X",,,"X","X","03,05-16,18-",18
"16722 - SIWR - BARN - Seven Islands WR","SIWR",16722,"16722U","BARN","Seven Islands WR","C","+","Seven Islands","Knox","TN","5","35 56 28","-083 41 21","01S","Google Earth","NAD83",35.94111,-83.68917,"x",266,13,28,"managed native grassland/scrub-shrub/rip",,,,,,,,,,,,,,,,,"X","X","X","X","X",,"X",,"X",,"X",,"X",,"X",,"?",,"?",,,,,,,,"05-15",11
"16723 - GPNS - GPNS - Greenburry Point N. Sev.","GPNS",16723,"16723U","GPNS","Greenburry Point N. Sev.","DN","+","Annapolis","Anne Arundel","MD","6","38 59 07","-076 27 26","01S","GIS-Terrain Nav","NAD27",38.98528,-76.45694,"x",5,4,30,"maturing oldfield",,,,,,,,,,,,,,,,,"X","X",,,,,,,,,,,,,,,,,,,,,,,,,"05-06",2
"16724 - HILL - FOBS - Forked Oaks","HILL",16724,"16724U","FOBS","Forked Oaks","S","+","Rougemont","Durham","NC","6","36 12 36","-078 53 14","01S","Google Earth","NAD83",36.21,-78.88722,"x",128,11,29,"mixed pine/hardwood for.in riparian corr",,,,,,,,,,,,,,,,,"X","X","X","X","X","X","X",,"X",,"X",,"X",,,,,,,,,,,,,,"05-12",8
"16725 - CLEM - CEFB - Clemson Exp. Forest #B","CLEM",16725,"16725U","CEFB","Clemson Exp. Forest #B","S","+","Clemson","Anderson","SC","6","-","-","-","-","-",99.99999,999.99999,"-",9999,11,29,"pine-hardwood forest",,,,,,,,,,,,,,,"X","X",,,,,,,,,,,,,,,,,,,,,,,,,,,"03-04",2
"16726 - WAJE - WAJE - Walls of Jerico","WAJE",16726,"16726U","WAJE","Walls of Jerico","S","+","Scottsboro","Jackson","AL","6","34 58 51","-086 05 42","01S","GPS","NAD83",34.98083,-86.095,"x",215,21,28,"deciduous bottomland hardwood",,,,,,,,,,,,,,,,,"X","X","X","X",,,,,,,,,,,,,,,,,,,,,,,"05-07",3
"16727 - MIDW - WEHL - Wehle ForeverWild Nat. Pr","MIDW",16727,"16727U","WEHL","Wehle ForeverWild Nat. Pr","S","+","Midway","Bullock","AL","6","32 02 19","-085 28 18","01S","GPS","NAD27",32.03889,-85.47167,"x",104,4,27,"hardwood bottoms adj to pine sandhills",,,,,,,,,,,,,,,,,,"X","X","X","X","X","X","X","X","X","X","X","X","X","X","X","X","X","X","X","X","X","X","X","X","X","06-",17
"16728 - PRWM - HISW - Honey Island Swamp","PRWM",16728,"16728U","HISW","Honey Island Swamp","S","+","Pearl River","St. Tammany","LA","6","30 24 13","-089 42 26","01S","-","-",30.40361,-89.70722,"-",4,3,27,"bottomland hardwood forest",,,,,,,,,,,,,,,,,"X","X","X","X","X","X","X","X","X","X","X","X","X","X","X","X","X","X","X","X","X","X","X","X","X",,"05-18,21-",16
"16729 - KNOX - GAPI - Gas Pipes","KNOX",16729,"16729U","GAPI","Gas Pipes","DA","+","Muldraugh","Meade","KY","6","37 55 32","-086 00 25","01S","GPS -GPSMAP 76","NAD83",37.92556,-86.00694,"x",230,14,24,,,,,,,,,,,,,,,,,,,,"X","X","X","X",,,,,,,,,,,,,,,,,,,,,"07-08",2
"16730 - MUIS - JOKU - Joe Kurz WMA","MUIS",16730,"16730U","JOKU","Joe Kurz WMA","S","+","Gay","Meriwether","GA","6","33 05 58","-084 32 09","01S","GPS","NAD83",33.09944,-84.53583,"x",275,11,29,"managed grassl./hedgerow & shrub islands",,,,,,,,,,,,,,,,,,,"X","X","X","X","X","X","X","X","X","X","X","X","X","X","X","X","X","X","X","X",,,,,"07-16",10
"16731 - CONG - CON2 - Congaree National Park","CONG",16731,"16731U","CON2","Congaree National Park","IP","+","Gadsden","Richland","SC","6","33 48 49","-080 46 56","01S","Park GIS","NAD83",33.81361,-80.78222,"x",34,4,27,"upland pine/mixed hardwd forest on bluff",,,,,,,,,,,,,,,,,,"H","X","X","X","X","X","X","X","X","X","X","X","X","X",,,,,,,,,,,,"06-13",8
"16732 - PULS - PULS - Pulsipher homesite","PULS",16732,"16732U","PULS","Pulsipher homesite","P","+","Linden","Cumberland","NC","6","35 13 21","-078 49 03","01S","Google Earth","NAD83",35.2225,-78.8175,"x",51,4,27,"mixed woodland in rural residential/pond",,,,,,,,,,,,,,,,,,,,,"X","X","X","X","X","X","X","X","X","X","X","X","X","X","X","X","X","X","X","X","X",,"08-18",11
"16733 - VNMP - VICK - Vicksburg Nat. Mil. Prk","VNMP",16733,"16733U","VICK","Vicksburg Nat. Mil. Prk","IP","+","Vicksburg","Warren","MS","6","32 22 39","-090 50 25","01S","GPS","NAD83",32.3775,-90.84028,"x",102,4,27,"mixed mesophytic forest",,,,,,,,,,,,,,,,,,,,,,,"X","X","X","X","X","X","X","X",,,,,,,,,,,,,"09-12",4
"16734 - CBOP - CBOP - Center for Birds of Prey","CBOP",16734,"16734U","CBOP","Center for Birds of Prey","P","+","Awendaw","Charleston","SC","6","32 55 11","-079 42 28","01S","Google Earth","NAD83",32.91972,-79.70778,"x",2,3,27,"pines, mixed hardwoods, wetland, lake",,,,,,,,,,,,,,,,,,,,,,,"X","X","X","X","X","X","X","X","X","X","X","X","X","X","X","X",,,,,"09-16",8
"16735 - SKVI - SKVI - Shaker Village","SKVI",16735,"16735U","SKVI","Shaker Village","P","+","Harrodsburg","Mercer","KY","6","37 48 41","-084 45 35","01S","GPS","NAD83",37.81139,-84.75972,"x",250,15,24,"cool season grassland w Osage-orange",,,,,,,,,,,,,,,,,,,,,,,"X","X","X","X","X","X","X","X","X","X","X","X","X","X","X","X","X","X","X","X","09-",14
"16736 - FTJK - FTJK - Colonel's Creek 23A","FTJK",16736,"16736U","FTJK","Colonel's Creek 23A","DA","+","Columbia","Richland","SC","6","34 03 43","-080 46 26","01S","GIS/GPS","NAD83",34.06194,-80.77389,"x",80,4,27,"riparian/canebreak/longleaf pine",,,,,,,,,,,,,,,,,,,,,,,"X","X","X","X","X","X","X","X","X","X","X","X","X","X","X","X",,,"X","X","09-16,18,20-",12
"16737 - HOOS - MRTN - Martin State Forest","HOOS",16737,"16737U","MRTN","Martin State Forest","S","+","Park","Greene","IN","6","38 58 17","-086 51 20","01S","GPS","NAD83",38.97139,-86.85556,"x",190,15,24,"-",,,,,,,,,,,,,,,,,,,,,,,,,,,"X","X","X","X","X","X","X","X",,,,,,,,,"11-14",4
"16738 - HOOS - MSTP - McCormick State Park","HOOS",16738,"16738U","MSTP","McCormick State Park","S","+","Spencer","Owen","IN","6","39 18 03","-086 42 49","01S","GPS","NAD83",39.30083,-86.71361,"x",194,15,24,"-",,,,,,,,,,,,,,,,,,,,,,,,,,,"X","X","X","X","X","X","X","X",,,,,,,,,"11-14",4
"16739 - HOOS - MCRI - McCormick River","HOOS",16739,"16739U","MCRI","McCormick River","S","+","Spencer","Owen","IN","6","39 18 11","-086 44 02","01S","GPS","NAD83",39.30306,-86.73389,"x",183,15,24,"-",,,,,,,,,,,,,,,,,,,,,,,,,,,"X","X","X","X","X","X","X","X",,,,,,,,,"11-14",4
"16740 - HOOS - MRTS - Martin State Forest South","HOOS",16740,"16740U","MRTS","Martin State Forest South","S","+","Loogootee","Martin","IN","6","38 43 44","-086 53 38","01S","GPS","NAD83",38.72889,-86.89389,"x",175,14,24,"-",,,,,,,,,,,,,,,,,,,,,,,,,,,"X","X","X","X","X","X","X","X",,,,,,,,,"11-14",4
"16741 - HOOS - OWEN - Owen-Putnam State Forest","HOOS",16741,"16741U","OWEN","Owen-Putnam State Forest","S","+","Vandalia","Owen","IN","6","39 19 17","-086 51 09","01S","GPS","NAD83",39.32139,-86.8525,"x",237,15,24,"-",,,,,,,,,,,,,,,,,,,,,,,,,,,"X","X","X","X","X","X","X","X",,,,,,,,,"11-14",4
"16742 - HOOS - SPMI - Spring Mill State Park","HOOS",16742,"16742U","SPMI","Spring Mill State Park","S","+","Mitchell","Lawrence","IN","6","38 43 40","-086 25 47","01S","GPS","NAD83",38.72778,-86.42972,"x",200,14,24,"-",,,,,,,,,,,,,,,,,,,,,,,,,,,"X","X","X","X","X","X","X","X",,,,,,,,,"11-14",4
"16743 - CRAN - SYCA - Sycamore","CRAN",16743,"16743U","SYCA","Sycamore","DN","+","Silverville","Martin","IN","6","38 51 14","-086 44 03","01S","GPS -GPSMAP 76","NAD83",38.85389,-86.73417,"x",173,14,24,"riparian corr./upland cold decid. forest",,,,,,,,,,,,,,,,,,,,,,,,,,,"X","X","X","X","X","X","X","X",,,,,,,,,"11-14",4
"16744 - MUIS - PANO - Panola Mountain SP","MUIS",16744,"16744U","PANO","Panola Mountain SP","S","+","Conyers","Rockdale","GA","6","33 38 30","-084 09 22","01S","GPS","NAD83",33.64167,-84.15611,"x",270,11,29,"grassland being restored to NWSG",,,,,,,,,,,,,,,,,,,"X","X",,,"X","X","X","X","X","X","X","X","X","X","X","X","X","X","X","X","X","X","X","X","07,09-",15
"16745 - JEFF - AR41 - Area 41","JEFF",16745,"16745U","AR41","Area 41","IW","+","Dupont","Ripley","IN","6","38 56 03","-085 22 12","01S","GPS -GPSMAP 76","NAD83",38.93417,-85.37,"x",273,15,24,"mature cold deciduous forest",,,,,,,,,,,,,,,,,,,,,,,,,,,"X","X","X","X","X","X","X","X",,,,,,,,,"11-14",4
"16746 - JEFF - AR58 - Area 58","JEFF",16746,"16746U","AR58","Area 58","IW","+","Dupont","Jefferson","IN","6","38 50 53","-085 27 19","01S","GPS -GPSMAP 76","NAD83",38.84806,-85.45528,"x",252,15,24,"cold deciduous forest/riparian forest",,,,,,,,,,,,,,,,,,,,,,,,,,,"X","X","X","X","X","X","X","X",,,,,,,,,"11-14",4
"16747 - JEFF - A27A - Area 27 A","JEFF",16747,"16621S","A27A","Area 27 A","IW","+","New Marion","Ripley","IN","6","39 00 01","-085 22 38","01S","GPS -GPSMAP 76","NAD83",39.00028,-85.37722,"x",280,15,24,"cold deciduous forest",,,,,,,,,,,,,,,,,,,,,,,,,,,"X","X","X","X","X","X","X","X",,,,,,,,,"11-14",4
"16748 - NWRK - NWRK - Newark","NWRK",16748,"16748U","NWRK","Newark","P","+","Solsberry","Greene","IN","6","39 08 02","-086 48 31","01S","GPS","NAD83",39.13389,-86.80861,"x",229,15,24,"deciduous hardwood forest",,,,,,,,,,,,,,,,,,,,,,,,,,,"X","X","X","X","X","X","X","X","X","X","X","X","X","X","X","X","11-20",10
"16749 - BECO - BECO - Berry College","BECO",16749,"16749U","BECO","Berry College","P","+","Rome","Floyd","GA","6","34 18 23","-085 15 13","01S","GPS","NAD83",34.30639,-85.25361,"x",200,13,28,"pine woodland",,,,,,,,,,,,,,,,,,,,,,,,,,,"X","X","X","X","X","X","X","X","X","X","X","X","X","X","X","X","11-18",8
"16750 - SHFA - SHFA - Shelby Farms","SHFA",16750,"16750U","SHFA","Shelby Farms","C","+","Memphis","Shelby","TN","6","35 08 18","-089 51 01","01S","Web - Google E","NAD83",35.13833,-89.85028,"x",75,4,27,"early successional mixed woodland/urban",,,,,,,,,,,,,,,,,,,,,,,,,,,"X","X",,,,,,,,,,,,,,,"11",1
"16751 - GRSW - BOPI - Green Swamp Borrow Pit","GRSW",16751,"16751U","BOPI","Green Swamp Borrow Pit","P","+","Supply","Brunswick","NC","6","34 05 34","-078 17 50","01S","Web - Google E.","NAD83",34.09278,-78.29722,"x",20,3,27,"longleaf pine with peatland pocosin",,,,,,,,,,,,,,,,,,,,,,,,,,,"X","X","X","X","X","X",,,,,,,,,,,"11-13",3
"16752 - QUAN - STOR - Storage Area","QUAN",16752,"16676S","STOR","Storage Area","DN","+","Garrisonville","Stafford","VA","6","38 30 48","-077 23 33","01S","Web - Google E.","NAD83",38.51333,-77.3925,"x",62,4,29,"mxd VA pine & hardwood/pine plantation",,,,,,,,,,,,,,,,,,,,,,,"X","X",,,"X","X","X","X",,,"X","X","X","X","X","X","X","X","X","X","09,11-12,14-",12
"16753 - INHD - RUPT - Rum Point","INHD",16753,"16619S","RUPT","Rum Point","DN","+","Indian Head","Charles","VA","6","38 33 13","-077 11 48","01S","Web - Google E.","NAD83",38.55361,-77.19667,"x",15,4,30,"oak/beech upland/maple, syc creek bottom",,,,,,,,,,,,,,,,,,,,,,,,,,,"X","X","X","X","X","X","X","X","X","X","X","X",,,"X","X","11-16,18-",11
"16754 - INHD - WAWI - Watchable Wildlife","INHD",16754,"16619S","WAWI","Watchable Wildlife","DN","+","Indian Head","Charles","VA","6","38 32 31","-077 12 09","01S","Web - Google E.","NAD83",38.54194,-77.2025,"x",33,4,30,"oak/beech woodland",,,,,,,,,,,,,,,,,,,,,,,,,,,"X","X","X","X","X","X","X","X","X","X","X","X",,,"X","X","11-16,18-",11
"16755 - DGAP - DGAP - Dutch Gap","DGAP",16755,"16755U","DGAP","Dutch Gap","C","+","Chester","Chesterfield","VA","6","37 22 03","-077 23 14","01S","GPS","NAD83",37.3675,-77.38722,"x",2,4,29,"bottomland rip. hardwood/tidal wetland",,,,,,,,,,,,,,,,,,,"X","X","X","X","X","X","X","X","X","X","X","X","X","X","X","X","X","X","X","X","X","X","X",,"07-19,22-",14
"16756 - DAHL - NINE - Nine","DAHL",16756,"16613S","NINE","Nine","DN","+","Dahlgren","King George","VA","6","38 20 58","-077 02 52","01S","Web - Google E.","NAD83",38.34944,-77.04778,"x",10,4,30,"Mixed bottomland hardwood and pine",,,,,,,,,,,,,,,,,,,,,,,,,,,,,"X","X","X","X","X","X","X","X","X","X",,,"X","X","12-16,18-",10
"16757 - SEAR - SEAR - Southeastern Avian Res.","SEAR",16757,"16757U","SEAR","Southeastern Avian Res.","P","+","Clarksville","Montgomery","TN","6","36 25 57","-087 27 38","01S","Web - Google E.","NAD83",36.4325,-87.46056,"x",120,14,24,"deciduous woodland/cedar grove",,,,,,,,,,,,,,,,,,,,,,,,,,,,,,,,,,,"X","X","X","X",,,,,"15-16",2
"16758 - BECO - BHOD - B.Coll. House of Dreams","BECO",16758,"16758U","BHOD","B.Coll. House of Dreams","P","+","Mount Berry","Floyd","GA","6","34 20 06","-085 14 16","01S","GPS","NAD83",34.335,-85.23778,"x",353,13,28,"mixed woodland on SE slope",,,,,,,,,,,,,,,,,,,,,,,,,,,,,,,,,"X","X","X","X","X","X",,,,,"14-16",3
"16759 - AWEA - TIBS - Tank Island Banding Stn.","AWEA",16759,"16759U","TIBS","Tank Island Banding Stn.","S","+","Eastpoint","Franklin","FL","6","29 48 08","-084 53 41","01S","ArcGIS","NAD83",29.80222,-84.89472,"x",1,3,27,"old pine plantation/wet flatwoods",,,,,,,,,,,,,,,,,,,,,,,,,,,,,,,,,,,"X","X","X","X","X","X","X","X","15-",8
"16760 - BRAG - CANE - Canebreak","BRAG",16760,"16760U","CANE","Canebreak","DA","+","Ashley Heights","Hoke","NC","6","35 08 10","-079 18 28","01S","-","NAD83",35.13611,-79.30778,"x",111,4,27,"riparian woodland/pine savanna",,,,,,,,,,,,,,,,,,,,,,,,,,,,,,,,,,,"X","X","X","X",,,,,"15-16",2
"16761 - BRAG - HOLZ - Holland Landing Zone","BRAG",16761,"16761U","HOLZ","Holland Landing Zone","DA","+","Southern Pines","Hoke","NC","6","35 09 50","-079 18 17","01S","-","NAD83",35.16389,-79.30472,"x",126,4,27,"pine savana/mixed woodland",,,,,,,,,,,,,,,,,,,,,,,,,,,,,,,,,,,"X","X","X","X",,,,,"15-16",2
"16762 - BRAG - POCR - Polecat Creek","BRAG",16762,"16762U","POCR","Polecat Creek","DA","+","Lakeview","Hoke","NC","6","35 11 01","-079 16 25","01S","-","NAD83",35.18361,-79.27361,"x",97,4,27,"riparian woodland/pine savanna",,,,,,,,,,,,,,,,,,,,,,,,,,,,,,,,,,,"X","X","X","X",,,,,"15-16",2
"16763 - BRAG - SWFB - Southwest Fort Bragg","BRAG",16763,"16763U","SWFB","Southwest Fort Bragg","DA","+","Ashley Heights","Hoke","NC","6","35 04 06","-079 19 36","01S","-","NAD83",35.06833,-79.32667,"x",110,4,27,"pine savana/mixed woodland",,,,,,,,,,,,,,,,,,,,,,,,,,,,,,,,,,,"X","X","X","X",,,,,"15-16",2
"16764 - UOFM - MEEM - Edward J. Meeman Bio. Stn","UOFM",16764,"16764U","MEEM","Edward J. Meeman Bio. Stn","S","+","Millington","Shelby","TN","6","35 21 37","-090 00 51","01S","Web - Google E.","NAD83",35.36028,-90.01417,"x",102,5,27,"Upland hardwood forest on loess soil",,,,,,,,,,,,,,,,,,,,,,,,,,,,,,,,,,,,,"X","X","X","X","X","X","16-",7
"16765 - SPAC - SPAC - Strawberry Plains Audubon","SPAC",16765,"16765U","SPAC","Strawberry Plains Audubon","P","+","Holly Springs","Marshall","MS","6","34 50 10","-089 28 03","01S","Web-Google E.","NAD83",34.83611,-89.4675,"x",1,4,27,"upland forest/native prairie/pond",,,,,,,,,,,,,,,,,,,,,,,,,,,,,,,,,,,,,,,"X","X","X","X","17-19,21-",5
"16766 - ASCB - ASCB - Francis Beidler Forest","ASCB",16766,"16766U","ASCB","Francis Beidler Forest","P","+","Harleyville","Dorchester","SC","6","33 13 10","-080 21 21","01S","Web - Google E.","NAD83",33.21944,-80.35583,"x",37,3,27,"mixed hardwood",,,,,,,,,,,,,,,,,,,,,,,,,,,,,,,,,,,,,,,"X","X","X","X","17-",0
"16767 - DFHC - DFME - Dry Fork Meadow","DFHC",16767,"16684S","DFME","Dry Fork Meadow","C","+","Harrison","Hamilton","OH","6","39 15 19","-084 45 39","01S","GPS","NAD83",39.25528,-84.76083,"x",163,15,24,"prairie meadow/forest & creek edges",,,,,,,,,,,,,,,,,,,,,,,,,,,,,,,,,,,,,"X","X","X","X","X","X","16-",7
"16768 - PWRC - HANC - Hance Pond","PWRC",16768,"16768U","HANC","Hance Pond","IG","+","Laurel","Prince Georges","MD","6","39 03 10","-076 48 07","01S","Web - Google E.","NAD83",39.05278,-76.80194,"x",28,4,30,"mixed woodland",,,,,,,,,,,,,,,,,,,,,,,,,,,,,,,,,,,,,,,"X","X","X","X","17-19,21-",5
"16769 - FLPO - FLPO - Flag Ponds Nature Park","FLPO",16769,"16769U","FLPO","Flag Ponds Nature Park","C","+","St. Leonard","Calvert","MD","6","38 26 57","-076 27 34","01S","Web - Google E.","NAD83",38.44917,-76.45944,"x",15,4,30,"coastal scrub/upland mixed forest",,,,,,,,,,,,,,,,,,,,,,,,,,,,,,,"X","X",,,"X","X","X","X",,,,,"13,15-16",3
"16770 - WARD - WARD - Ward Road","WARD",16770,"16770U","WARD","Ward Road","C","+","Dunkirk","Calvert","MD","6","38 43 02","-076 38 35","01S","Web - Google E.","NAD83",38.71722,-76.64306,"x",7,4,30,"mixed woodland/field/wetland-marsh",,,,,,,,,,,,,,,,,,,,,,,,,,,,,,,,,,,,,,,"X","X","X","X","17-",6
"18804 - THCA - THCA - Thunder Cape","THCA",18804,"18804U","THCA","Thunder Cape","FS","+","Thunder Bay","Thunder Bay","ON","8","48 18 18","-088 56 09","01S","-","NAD83",48.305,-88.93583,"x",198,29,12,"boreal forest (fir & birch)",,,,,"X",,"X","X","X","X","X","X","X","X","X","X","X","X","X","X","X","X","X","X","X","X","X","X","X","X",,,,,,,,,,,,,"93,95-12",19
