"Year","y_temp","y_precip","STATION_NAME","mean_temp","mean_precip","y_anomaly_temp","y_anomaly_precip","n_years"
1992,16.2450543478261,1.91576086956522,"Schlitz",18.0722589792061,3.14912334593573,-1.82720463137996,-1.23336247637051,46
1993,17.3709239130435,3.30510869565217,"Schlitz",18.0722589792061,3.14912334593573,-0.701335066162574,0.155985349716446,46
1994,18.2536413043478,1.95684782608696,"Schlitz",18.0722589792061,3.14912334593573,0.181382325141776,-1.19227551984877,46
1995,19.0624456521739,1.84869565217391,"Schlitz",18.0722589792061,3.14912334593573,0.990186672967862,-1.30042769376181,46
1996,16.246847826087,3.89565217391304,"Schlitz",18.0722589792061,3.14912334593573,-1.8254111531191,0.746528827977316,46
1997,16.4699456521739,4.3970652173913,"Schlitz",18.0722589792061,3.14912334593573,-1.60231332703214,1.24794187145558,46
1998,18.8272826086957,2.3979347826087,"Schlitz",18.0722589792061,3.14912334593573,0.7550236294896,-0.751188563327032,46
1999,19.3158695652174,5.1470652173913,"Schlitz",18.0722589792061,3.14912334593573,1.24361058601134,1.99794187145558,46
2000,17.5475,4.32326086956522,"Schlitz",18.0722589792061,3.14912334593573,-0.524758979206052,1.17413752362949,46
2001,17.9147282608696,3.20934782608696,"Schlitz",18.0722589792061,3.14912334593573,-0.157530718336485,0.0602244801512284,46
2002,18.3004891304348,2.44304347826087,"Schlitz",18.0722589792061,3.14912334593573,0.228230151228733,-0.706079867674859,46
2003,16.8941847826087,2.79021739130435,"Schlitz",18.0722589792061,3.14912334593573,-1.17807419659735,-0.35890595463138,46
2004,16.83375,5.26934782608696,"Schlitz",18.0722589792061,3.14912334593573,-1.23850897920605,2.12022448015123,46
2005,18.7315217391304,2.09760869565217,"Schlitz",18.0722589792061,3.14912334593573,0.659262759924385,-1.05151465028355,46
2006,18.7061413043478,2.79467391304348,"Schlitz",18.0722589792061,3.14912334593573,0.633882325141776,-0.35444943289225,46
2007,18.8585869565217,2.19445652173913,"Schlitz",18.0722589792061,3.14912334593573,0.78632797731569,-0.954666824196598,46
2008,16.7315760869565,5.00891304347826,"Schlitz",18.0722589792061,3.14912334593573,-1.34068289224953,1.85978969754253,46
2009,17.1555434782609,2.33402173913043,"Schlitz",18.0722589792061,3.14912334593573,-0.91671550094518,-0.815101606805293,46
2010,19.2497282608696,5.79423913043478,"Schlitz",18.0722589792061,3.14912334593573,1.17746928166351,2.64511578449906,46
2011,18.1647282608696,3.40402173913043,"Schlitz",18.0722589792061,3.14912334593573,0.0924692816635151,0.254898393194707,46
2012,20.4778804347826,2.1804347826087,"Schlitz",18.0722589792061,3.14912334593573,2.40562145557656,-0.968688563327032,46
2013,17.623152173913,3.87065217391304,"Schlitz",18.0722589792061,3.14912334593573,-0.449106805293006,0.721528827977316,46
2014,16.6448369565217,3.83391304347826,"Schlitz",18.0722589792061,3.14912334593573,-1.42742202268431,0.684789697542533,46
2015,17.4244565217391,2.58869565217391,"Schlitz",18.0722589792061,3.14912334593573,-0.64780245746692,-0.560427693761815,46
2016,18.5467934782609,2.51652173913043,"Schlitz",18.0722589792061,3.14912334593573,0.474534499054819,-0.632601606805293,46
2017,17.9598913043478,3.89358695652174,"Schlitz",18.0722589792061,3.14912334593573,-0.112367674858223,0.744463610586011,46
2018,19.0052173913043,3.7270652173913,"Schlitz",18.0722589792061,3.14912334593573,0.932958412098298,0.577941871455576,46
1992,19.69375,3.11934782608696,"Fontenelle Forest",21.364640831758,3.78191871455577,-1.67089083175803,-0.662570888468809,46
1993,20.2465217391304,7.72978260869565,"Fontenelle Forest",21.364640831758,3.78191871455577,-1.1181190926276,3.94786389413989,46
1994,21.1159782608696,3.75565217391304,"Fontenelle Forest",21.364640831758,3.78191871455577,-0.24866257088847,-0.0262665406427223,46
1995,20.3935326086957,2.98532608695652,"Fontenelle Forest",21.364640831758,3.78191871455577,-0.971108223062384,-0.796592627599244,46
1996,19.9040760869565,4.22391304347826,"Fontenelle Forest",21.364640831758,3.78191871455577,-1.46056474480151,0.441994328922495,46
1997,20.4677717391304,2.70945652173913,"Fontenelle Forest",21.364640831758,3.78191871455577,-0.8968690926276,-1.07246219281664,46
1998,21.6427717391304,6.47913043478261,"Fontenelle Forest",21.364640831758,3.78191871455577,0.2781309073724,2.69721172022684,46
1999,21.3346195652174,4.01413043478261,"Fontenelle Forest",21.364640831758,3.78191871455577,-0.0300212665406434,0.232211720226843,46
2000,21.329347826087,4.02836956521739,"Fontenelle Forest",21.364640831758,3.78191871455577,-0.035293005671079,0.246450850661626,46
2001,21.6008695652174,3.73858695652174,"Fontenelle Forest",21.364640831758,3.78191871455577,0.236228733459356,-0.0433317580340269,46
2002,22.1994565217391,2.20195652173913,"Fontenelle Forest",21.364640831758,3.78191871455577,0.834815689981095,-1.57996219281664,46
2003,20.3844565217391,2.98032608695652,"Fontenelle Forest",21.364640831758,3.78191871455577,-0.980184310018906,-0.801592627599244,46
2004,19.9877173913043,4.31739130434783,"Fontenelle Forest",21.364640831758,3.78191871455577,-1.37692344045369,0.53547258979206,46
2005,21.9473369565217,3.55673913043478,"Fontenelle Forest",21.364640831758,3.78191871455577,0.582696124763704,-0.225179584120983,46
2006,22.28875,2.01978260869565,"Fontenelle Forest",21.364640831758,3.78191871455577,0.924109168241966,-1.76213610586011,46
2007,22.230597826087,3.87010869565217,"Fontenelle Forest",21.364640831758,3.78191871455577,0.865956994328922,0.0881899810964084,46
2008,20.5599456521739,5.71119565217391,"Fontenelle Forest",21.364640831758,3.78191871455577,-0.804695179584122,1.92927693761815,46
2009,20.1554891304348,3.55510869565217,"Fontenelle Forest",21.364640831758,3.78191871455577,-1.20915170132325,-0.226810018903592,46
2010,21.286847826087,5.20141304347826,"Fontenelle Forest",21.364640831758,3.78191871455577,-0.0777930056710794,1.41949432892249,46
2011,21.8949456521739,3.42032608695652,"Fontenelle Forest",21.364640831758,3.78191871455577,0.530304820415878,-0.361592627599244,46
2012,23.7591304347826,1.93967391304348,"Fontenelle Forest",21.364640831758,3.78191871455577,2.39448960302457,-1.84224480151229,46
2013,20.4466847826087,3.61597826086957,"Fontenelle Forest",21.364640831758,3.78191871455577,-0.917956049149339,-0.165940453686201,46
2014,20.6796195652174,5.09760869565217,"Fontenelle Forest",21.364640831758,3.78191871455577,-0.685021266540645,1.31568998109641,46
2015,20.6684782608696,3.7895652173913,"Fontenelle Forest",21.364640831758,3.78191871455577,-0.696162570888468,0.00764650283553836,46
2016,21.6590217391304,3.62195652173913,"Fontenelle Forest",21.364640831758,3.78191871455577,0.2943809073724,-0.159962192816635,46
2017,21.7666847826087,3.55978260869565,"Fontenelle Forest",21.364640831758,3.78191871455577,0.402043950850661,-0.222136105860113,46
2018,23.0965760869565,4.2525,"Fontenelle Forest",21.364640831758,3.78191871455577,1.73193525519849,0.470581285444235,46
1992,18.21,1.9570652173913,"Waterfall Glen",20.0771550094518,3.63341918714556,-1.8671550094518,-1.67635396975425,46
1993,20.0138043478261,4.59782608695652,"Waterfall Glen",20.0771550094518,3.63341918714556,-0.0633506616257087,0.964406899810964,46
1994,19.6785326086957,2.56804347826087,"Waterfall Glen",20.0771550094518,3.63341918714556,-0.398622400756146,-1.06537570888469,46
1995,20.5185869565217,2.85989130434783,"Waterfall Glen",20.0771550094518,3.63341918714556,0.44143194706994,-0.773527882797731,46
1996,18.2477173913043,6.74054347826087,"Waterfall Glen",20.0771550094518,3.63341918714556,-1.82943761814745,3.10712429111531,46
1997,18.6211956521739,2.66304347826087,"Waterfall Glen",20.0771550094518,3.63341918714556,-1.45595935727788,-0.970375708884688,46
1998,21.0041847826087,3.25902173913043,"Waterfall Glen",20.0771550094518,3.63341918714556,0.927029773156899,-0.374397448015123,46
1999,21.603152173913,3.73173913043478,"Waterfall Glen",20.0771550094518,3.63341918714556,1.52599716446124,0.098319943289225,46
2000,19.6444565217391,4.64054347826087,"Waterfall Glen",20.0771550094518,3.63341918714556,-0.432698487712667,1.00712429111531,46
2001,20.21375,3.07521739130435,"Waterfall Glen",20.0771550094518,3.63341918714556,0.136594990548204,-0.55820179584121,46
2002,20.0744565217391,3.11978260869565,"Waterfall Glen",20.0771550094518,3.63341918714556,-0.00269848771266723,-0.513636578449905,46
2003,18.4778260869565,4.43967391304348,"Waterfall Glen",20.0771550094518,3.63341918714556,-1.59932892249527,0.80625472589792,46
2004,19.3559782608696,4.20402173913044,"Waterfall Glen",20.0771550094518,3.63341918714556,-0.721176748582231,0.570602551984877,46
2005,20.6746739130435,1.7025,"Waterfall Glen",20.0771550094518,3.63341918714556,0.597518903591681,-1.93091918714556,46
2006,20.0752717391304,3.12913043478261,"Waterfall Glen",20.0771550094518,3.63341918714556,-0.00188327032136115,-0.504288752362949,46
2007,20.7652173913043,2.2570652173913,"Waterfall Glen",20.0771550094518,3.63341918714556,0.68806238185255,-1.37635396975425,46
2008,19.1429891304348,3.7245652173913,"Waterfall Glen",20.0771550094518,3.63341918714556,-0.934165879017016,0.0911460302457465,46
2009,18.8452173913043,3.20445652173913,"Waterfall Glen",20.0771550094518,3.63341918714556,-1.23193761814745,-0.428962665406427,46
2010,21.0977173913043,5.80760869565217,"Waterfall Glen",20.0771550094518,3.63341918714556,1.02056238185255,2.17418950850662,46
2011,20.723097826087,5.01619565217391,"Waterfall Glen",20.0771550094518,3.63341918714556,0.645942816635159,1.38277646502836,46
2012,22.2416304347826,2.57413043478261,"Waterfall Glen",20.0771550094518,3.63341918714556,2.16447542533081,-1.05928875236295,46
2013,19.6471195652174,3.16826086956522,"Waterfall Glen",20.0771550094518,3.63341918714556,-0.430035444234406,-0.46515831758034,46
2014,19.6180434782609,4.81423913043478,"Waterfall Glen",20.0771550094518,3.63341918714556,-0.459111531190928,1.18081994328923,46
2015,19.8000543478261,4.06152173913044,"Waterfall Glen",20.0771550094518,3.63341918714556,-0.27710066162571,0.428102551984877,46
2016,20.3914130434783,5.10413043478261,"Waterfall Glen",20.0771550094518,3.63341918714556,0.314258034026462,1.47071124763705,46
2017,19.7636956521739,3.24586956521739,"Waterfall Glen",20.0771550094518,3.63341918714556,-0.313459357277885,-0.387549621928166,46
2018,21.5852173913043,4.23173913043478,"Waterfall Glen",20.0771550094518,3.63341918714556,1.50806238185255,0.598319943289225,46
1992,19.3938586956522,3.38271739130435,"MacBride Nature Area",20.5670073251418,3.89257797731569,-1.1731486294896,-0.509860586011342,46
1993,19.86375,8.26989130434783,"MacBride Nature Area",20.5670073251418,3.89257797731569,-0.703257325141777,4.37731332703214,46
1994,20.2091304347826,3.12086956521739,"MacBride Nature Area",20.5670073251418,3.89257797731569,-0.357876890359169,-0.771708412098298,46
1995,20.4308695652174,4.08934782608696,"MacBride Nature Area",20.5670073251418,3.89257797731569,-0.136137759924384,0.196769848771266,46
1996,19.049402173913,4.31576086956522,"MacBride Nature Area",20.5670073251418,3.89257797731569,-1.51760515122873,0.423182892249527,46
1997,19.4136413043478,2.78315217391304,"MacBride Nature Area",20.5670073251418,3.89257797731569,-1.15336602079395,-1.10942580340265,46
1998,21.0614130434783,3.62228260869565,"MacBride Nature Area",20.5670073251418,3.89257797731569,0.494405718336484,-0.270295368620038,46
1999,21.2678260869565,3.82228260869565,"MacBride Nature Area",20.5670073251418,3.89257797731569,0.700818761814745,-0.0702953686200378,46
2000,19.9534782608696,4.73304347826087,"MacBride Nature Area",20.5670073251418,3.89257797731569,-0.61352906427221,0.84046550094518,46
2001,20.4922282608696,3.84163043478261,"MacBride Nature Area",20.5670073251418,3.89257797731569,-0.0747790642722101,-0.050947542533081,46
2002,20.6238586956522,5.09652173913044,"MacBride Nature Area",20.5670073251418,3.89257797731569,0.0568513705103975,1.20394376181475,46
2003,19.2023369565217,3.07391304347826,"MacBride Nature Area",20.5670073251418,3.89257797731569,-1.36467036862004,-0.818664933837429,46
2004,19.705597826087,3.98228260869565,"MacBride Nature Area",20.5670073251418,3.89257797731569,-0.861409499054819,0.0897046313799623,46
2005,20.7733695652174,2.32597826086957,"MacBride Nature Area",20.5670073251418,3.89257797731569,0.206362240075613,-1.56659971644612,46
2006,20.7479347826087,2.61413043478261,"MacBride Nature Area",20.5670073251418,3.89257797731569,0.180927457466918,-1.27844754253308,46
2007,21.1536413043478,4.69804347826087,"MacBride Nature Area",20.5670073251418,3.89257797731569,0.586633979206049,0.805465500945179,46
2008,19.5365760869565,6.4404347826087,"MacBride Nature Area",20.5670073251418,3.89257797731569,-1.03043123818525,2.54785680529301,46
2009,19.125652173913,4.44739130434783,"MacBride Nature Area",20.5670073251418,3.89257797731569,-1.44135515122873,0.554813327032136,46
2010,21.1010869565217,5.78467391304348,"MacBride Nature Area",20.5670073251418,3.89257797731569,0.534079631379964,1.89209593572779,46
2011,21.1273913043478,4.16554347826087,"MacBride Nature Area",20.5670073251418,3.89257797731569,0.560383979206048,0.27296550094518,46
2012,22.7357065217391,1.27152173913043,"MacBride Nature Area",20.5670073251418,3.89257797731569,2.16869919659735,-2.62105623818525,46
2013,19.9641847826087,4.59673913043478,"MacBride Nature Area",20.5670073251418,3.89257797731569,-0.60282254253308,0.704161153119093,46
2014,19.6523369565217,4.96021739130435,"MacBride Nature Area",20.5670073251418,3.89257797731569,-0.914670368620037,1.06763941398866,46
2015,20.0375,4.47413043478261,"MacBride Nature Area",20.5670073251418,3.89257797731569,-0.529507325141775,0.581552457466919,46
2016,20.5014130434783,5.10652173913043,"MacBride Nature Area",20.5670073251418,3.89257797731569,-0.0655942816635147,1.21394376181475,46
2017,20.2625,3.36869565217391,"MacBride Nature Area",20.5670073251418,3.89257797731569,-0.304507325141778,-0.523882325141777,46
2018,22.0634239130435,3.74163043478261,"MacBride Nature Area",20.5670073251418,3.89257797731569,1.4964165879017,-0.150947542533081,46
1992,19.6888043478261,3.69065217391304,"Newport Chemical Depot",21.3226429584121,3.891547731569,-1.63383861058601,-0.200895557655954,46
1993,21.4620652173913,3.95173913043478,"Newport Chemical Depot",21.3226429584121,3.891547731569,0.139422258979206,0.0601913988657845,46
1994,20.971902173913,2.60228260869565,"Newport Chemical Depot",21.3226429584121,3.891547731569,-0.350740784499056,-1.28926512287335,46
1995,21.176847826087,3.11032608695652,"Newport Chemical Depot",21.3226429584121,3.891547731569,-0.145795132325144,-0.781221644612476,46
1996,20.355597826087,5.54760869565217,"Newport Chemical Depot",21.3226429584121,3.891547731569,-0.967045132325143,1.65606096408318,46
1997,19.7973369565217,2.70141304347826,"Newport Chemical Depot",21.3226429584121,3.891547731569,-1.52530600189036,-1.19013468809074,46
1998,21.9177173913043,5.44586956521739,"Newport Chemical Depot",21.3226429584121,3.891547731569,0.595074432892247,1.55432183364839,46
1999,22.2224456521739,3.34217391304348,"Newport Chemical Depot",21.3226429584121,3.891547731569,0.899802693761814,-0.54937381852552,46
2000,20.9078804347826,3.99282608695652,"Newport Chemical Depot",21.3226429584121,3.891547731569,-0.414762523629491,0.101278355387524,46
2001,21.036902173913,3.90478260869565,"Newport Chemical Depot",21.3226429584121,3.891547731569,-0.285740784499055,0.0132348771266542,46
2002,21.4573369565217,3.91282608695652,"Newport Chemical Depot",21.3226429584121,3.891547731569,0.13469399810964,0.021278355387524,46
2003,20.1566847826087,4.98652173913043,"Newport Chemical Depot",21.3226429584121,3.891547731569,-1.1659581758034,1.09497400756144,46
2004,21.2171739130435,4.12163043478261,"Newport Chemical Depot",21.3226429584121,3.891547731569,-0.105469045368622,0.230082703213611,46
2005,21.3741847826087,2.59619565217391,"Newport Chemical Depot",21.3226429584121,3.891547731569,0.0515418241965975,-1.29535207939509,46
2006,20.9402717391304,4.45097826086957,"Newport Chemical Depot",21.3226429584121,3.891547731569,-0.382371219281666,0.559430529300567,46
2007,21.7735326086957,2.5770652173913,"Newport Chemical Depot",21.3226429584121,3.891547731569,0.450889650283553,-1.31448251417769,46
2008,20.2661956521739,7.00586956521739,"Newport Chemical Depot",21.3226429584121,3.891547731569,-1.05644730623819,3.11432183364839,46
2009,20.343152173913,4.7870652173913,"Newport Chemical Depot",21.3226429584121,3.891547731569,-0.979490784499056,0.895517485822306,46
2010,22.5504891304348,5.74869565217391,"Newport Chemical Depot",21.3226429584121,3.891547731569,1.22784617202268,1.85714792060491,46
2011,22.1876086956522,3.72489130434783,"Newport Chemical Depot",21.3226429584121,3.891547731569,0.864965737240073,-0.166656427221172,46
2012,23.3116847826087,1.04336956521739,"Newport Chemical Depot",21.3226429584121,3.891547731569,1.9890418241966,-2.84817816635161,46
2013,20.9521739130435,4.29032608695652,"Newport Chemical Depot",21.3226429584121,3.891547731569,-0.370469045368623,0.398778355387523,46
2014,20.4397282608696,3.61717391304348,"Newport Chemical Depot",21.3226429584121,3.891547731569,-0.882914697542535,-0.27437381852552,46
2015,21.3642391304348,5.02978260869565,"Newport Chemical Depot",21.3226429584121,3.891547731569,0.0415961720226825,1.13823487712665,46
2016,21.3025,4.83967391304348,"Newport Chemical Depot",21.3226429584121,3.891547731569,-0.0201429584121016,0.948126181474481,46
2017,21.293152173913,4.09782608695652,"Newport Chemical Depot",21.3226429584121,3.891547731569,-0.0294907844990568,0.206278355387524,46
2018,23.0134239130435,4.52630434782609,"Newport Chemical Depot",21.3226429584121,3.891547731569,1.69078095463138,0.634756616257089,46
1992,16.7454347826087,2.22304347826087,"Pewaukee",18.3599858223062,3.372797731569,-1.61455103969755,-1.14975425330813,46
1993,17.8501630434783,4.0675,"Pewaukee",18.3599858223062,3.372797731569,-0.509822778827978,0.694702268431002,46
1994,18.5832608695652,3.65836956521739,"Pewaukee",18.3599858223062,3.372797731569,0.22327504725898,0.285571833648393,46
1995,19.3965760869565,2.06119565217391,"Pewaukee",18.3599858223062,3.372797731569,1.03659026465028,-1.31160207939508,46
1996,16.6726630434783,4.28239130434783,"Pewaukee",18.3599858223062,3.372797731569,-1.68732277882798,0.909593572778828,46
1997,17.1245652173913,3.82130434782609,"Pewaukee",18.3599858223062,3.372797731569,-1.23542060491494,0.448506616257089,46
1998,19.2542391304348,2.8804347826087,"Pewaukee",18.3599858223062,3.372797731569,0.894253308128544,-0.492362948960302,46
1999,19.875652173913,4.93510869565217,"Pewaukee",18.3599858223062,3.372797731569,1.5156663516068,1.56231096408318,46
2000,17.8498913043478,5.14630434782609,"Pewaukee",18.3599858223062,3.372797731569,-0.510094517958414,1.77350661625709,46
2001,18.52125,3.26097826086957,"Pewaukee",18.3599858223062,3.372797731569,0.161264177693759,-0.111819470699433,46
2002,18.3385326086957,2.72565217391304,"Pewaukee",18.3599858223062,3.372797731569,-0.0214532136105881,-0.647145557655955,46
2003,17.1790217391304,2.88641304347826,"Pewaukee",18.3599858223062,3.372797731569,-1.18096408317581,-0.486384688090737,46
2004,16.945,4.99260869565217,"Pewaukee",18.3599858223062,3.372797731569,-1.41498582230624,1.61981096408318,46
2005,18.6954891304348,2.56054347826087,"Pewaukee",18.3599858223062,3.372797731569,0.335503308128544,-0.812254253308129,46
2006,18.6136956521739,3.42217391304348,"Pewaukee",18.3599858223062,3.372797731569,0.253709829867674,0.04937618147448,46
2007,19.165597826087,2.30945652173913,"Pewaukee",18.3599858223062,3.372797731569,0.805612003780716,-1.06334120982987,46
2008,17.0316847826087,4.72391304347826,"Pewaukee",18.3599858223062,3.372797731569,-1.32830103969754,1.35111531190926,46
2009,16.9848913043478,3.0179347826087,"Pewaukee",18.3599858223062,3.372797731569,-1.37509451795841,-0.354862948960303,46
2010,19.3658152173913,6.56902173913043,"Pewaukee",18.3599858223062,3.372797731569,1.00582939508507,3.19622400756144,46
2011,18.4727173913043,3.02336956521739,"Pewaukee",18.3599858223062,3.372797731569,0.112731568998107,-0.349428166351607,46
2012,20.5528804347826,2.34695652173913,"Pewaukee",18.3599858223062,3.372797731569,2.19289461247637,-1.02584120982987,46
2013,17.92125,4.64521739130435,"Pewaukee",18.3599858223062,3.372797731569,-0.438735822306239,1.27241965973535,46
2014,17.6748369565217,3.555,"Pewaukee",18.3599858223062,3.372797731569,-0.685148865784498,0.182202268431002,46
2015,17.7554347826087,2.75521739130435,"Pewaukee",18.3599858223062,3.372797731569,-0.604551039697544,-0.61758034026465,46
2016,18.5598913043478,3.28858695652174,"Pewaukee",18.3599858223062,3.372797731569,0.199905482041586,-0.0842107750472589,46
2017,17.8134239130435,4.86510869565217,"Pewaukee",18.3599858223062,3.372797731569,-0.54656190926276,1.49231096408318,46
2018,19.388152173913,4.09717391304348,"Pewaukee",18.3599858223062,3.372797731569,1.0281663516068,0.72437618147448,46
1992,18.0496739130435,4.52815217391304,"Van Buren Lake",20.0942982041588,3.37266776937618,-2.04462429111531,1.15548440453686,46
1993,19.746847826087,2.53076086956522,"Van Buren Lake",20.0942982041588,3.37266776937618,-0.347450378071834,-0.841906899810964,46
1994,19.4658695652174,2.11478260869565,"Van Buren Lake",20.0942982041588,3.37266776937618,-0.628428638941397,-1.25788516068053,46
1995,19.9933695652174,2.97891304347826,"Van Buren Lake",20.0942982041588,3.37266776937618,-0.100928638941397,-0.39375472589792,46
1996,18.9448913043478,3.50847826086957,"Van Buren Lake",20.0942982041588,3.37266776937618,-1.14940689981096,0.135810491493384,46
1997,18.1316847826087,4.88076086956522,"Van Buren Lake",20.0942982041588,3.37266776937618,-1.9626134215501,1.50809310018904,46
1998,20.7775,3.76304347826087,"Van Buren Lake",20.0942982041588,3.37266776937618,0.68320179584121,0.390375708884688,46
1999,21.2305434782609,2.86,"Van Buren Lake",20.0942982041588,3.37266776937618,1.13624527410208,-0.512667769376181,46
2000,19.5767934782609,4.11923913043478,"Van Buren Lake",20.0942982041588,3.37266776937618,-0.517504725897922,0.746571361058601,46
2001,19.9342391304348,2.73771739130435,"Van Buren Lake",20.0942982041588,3.37266776937618,-0.160059073724007,-0.634950378071833,46
2002,20.1498913043478,2.32663043478261,"Van Buren Lake",20.0942982041588,3.37266776937618,0.0555931001890357,-1.04603733459357,46
2003,18.485597826087,4.8704347826087,"Van Buren Lake",20.0942982041588,3.37266776937618,-1.60870037807183,1.49776701323251,46
2004,19.5945652173913,3.91369565217391,"Van Buren Lake",20.0942982041588,3.37266776937618,-0.499732986767487,0.541027882797732,46
2005,20.1113586956522,2.57119565217391,"Van Buren Lake",20.0942982041588,3.37266776937618,0.0170604914933854,-0.801472117202268,46
2006,19.7986956521739,4.58065217391304,"Van Buren Lake",20.0942982041588,3.37266776937618,-0.295602551984878,1.20798440453686,46
2007,20.5279347826087,1.75369565217391,"Van Buren Lake",20.0942982041588,3.37266776937618,0.433636578449907,-1.61897211720227,46
2008,19.3847826086957,3.765,"Van Buren Lake",20.0942982041588,3.37266776937618,-0.709515595463138,0.392332230623819,46
2009,19.0042391304348,2.67728260869565,"Van Buren Lake",20.0942982041588,3.37266776937618,-1.09005907372401,-0.695385160680529,46
2010,21.4352717391304,3.94521739130435,"Van Buren Lake",20.0942982041588,3.37266776937618,1.34097353497165,0.572549621928167,46
2011,21.4525543478261,3.41532608695652,"Van Buren Lake",20.0942982041588,3.37266776937618,1.3582561436673,0.0426583175803406,46
2012,22.2300543478261,2.26054347826087,"Van Buren Lake",20.0942982041588,3.37266776937618,2.1357561436673,-1.11212429111531,46
2013,20.4727173913043,4.38510869565217,"Van Buren Lake",20.0942982041588,3.37266776937618,0.378419187145557,1.01244092627599,46
2014,19.6730434782609,2.31597826086957,"Van Buren Lake",20.0942982041588,3.37266776937618,-0.421254725897921,-1.05668950850662,46
2015,20.3622826086957,4.79326086956522,"Van Buren Lake",20.0942982041588,3.37266776937618,0.267984404536861,1.42059310018904,46
2016,20.5145108695652,2.19815217391304,"Van Buren Lake",20.0942982041588,3.37266776937618,0.420212665406428,-1.17451559546314,46
2017,19.8628260869565,5.30119565217391,"Van Buren Lake",20.0942982041588,3.37266776937618,-0.231472117202269,1.92852788279773,46
2018,21.6767934782609,3.37989130434783,"Van Buren Lake",20.0942982041588,3.37266776937618,1.58249527410208,0.00722353497164496,46
1992,19.9353804347826,3.39608695652174,"Forest Lake 1",21.0081108223062,3.97413279773157,-1.07273038752363,-0.57804584120983,46
1993,20.5771739130435,7.54239130434783,"Forest Lake 1",21.0081108223062,3.97413279773157,-0.430936909262762,3.56825850661626,46
1994,20.7298369565217,3.16260869565217,"Forest Lake 1",21.0081108223062,3.97413279773157,-0.278273865784499,-0.811524102079395,46
1995,20.3988043478261,4.99413043478261,"Forest Lake 1",21.0081108223062,3.97413279773157,-0.609306474480153,1.01999763705104,46
1996,19.8847282608696,4.58467391304348,"Forest Lake 1",21.0081108223062,3.97413279773157,-1.12338256143667,0.61054111531191,46
1997,19.8952717391304,3.09380434782609,"Forest Lake 1",21.0081108223062,3.97413279773157,-1.1128390831758,-0.880328449905482,46
1998,21.4557065217391,4.33804347826087,"Forest Lake 1",21.0081108223062,3.97413279773157,0.447595699432892,0.363910680529301,46
1999,21.5520652173913,3.2495652173913,"Forest Lake 1",21.0081108223062,3.97413279773157,0.543954395085066,-0.724567580340264,46
2000,20.6379347826087,4.55423913043478,"Forest Lake 1",21.0081108223062,3.97413279773157,-0.370176039697544,0.580106332703214,46
2001,20.8436413043478,5.31510869565217,"Forest Lake 1",21.0081108223062,3.97413279773157,-0.164469517958413,1.34097589792061,46
2002,21.0913043478261,3.33717391304348,"Forest Lake 1",21.0081108223062,3.97413279773157,0.0831935255198459,-0.636958884688091,46
2003,19.9347282608696,2.96913043478261,"Forest Lake 1",21.0081108223062,3.97413279773157,-1.07338256143667,-1.00500236294896,46
2004,20.0365217391304,3.78380434782609,"Forest Lake 1",21.0081108223062,3.97413279773157,-0.971589083175804,-0.190328449905482,46
2005,21.2025543478261,2.57358695652174,"Forest Lake 1",21.0081108223062,3.97413279773157,0.194443525519848,-1.40054584120983,46
2006,21.3601630434783,2.20358695652174,"Forest Lake 1",21.0081108223062,3.97413279773157,0.35205222117202,-1.77054584120983,46
2007,21.5272282608696,3.72967391304348,"Forest Lake 1",21.0081108223062,3.97413279773157,0.519117438563324,-0.244458884688091,46
2008,19.8732608695652,6.56054347826087,"Forest Lake 1",21.0081108223062,3.97413279773157,-1.13484995274102,2.5864106805293,46
2009,19.6317391304348,4.66652173913043,"Forest Lake 1",21.0081108223062,3.97413279773157,-1.37637169187146,0.692388941398866,46
2010,21.3669565217391,7.52021739130435,"Forest Lake 1",21.0081108223062,3.97413279773157,0.358845699432891,3.54608459357278,46
2011,21.6572826086957,4.84228260869565,"Forest Lake 1",21.0081108223062,3.97413279773157,0.649171786389413,0.868149810964083,46
2012,23.0607065217391,2.18315217391304,"Forest Lake 1",21.0081108223062,3.97413279773157,2.05259569943289,-1.79098062381853,46
2013,20.1384782608696,4.39217391304348,"Forest Lake 1",21.0081108223062,3.97413279773157,-0.869632561436674,0.418041115311909,46
2014,20.0221739130435,3.87880434782609,"Forest Lake 1",21.0081108223062,3.97413279773157,-0.985936909262762,-0.0953284499054821,46
2015,20.5772282608696,6.54521739130435,"Forest Lake 1",21.0081108223062,3.97413279773157,-0.430882561436675,2.57108459357278,46
2016,20.8070652173913,3.10402173913043,"Forest Lake 1",21.0081108223062,3.97413279773157,-0.201045604914935,-0.870111058601134,46
2017,21.0709782608696,1.59576086956522,"Forest Lake 1",21.0081108223062,3.97413279773157,0.0628674385633268,-2.37837192816635,46
2018,22.7311956521739,2.60804347826087,"Forest Lake 1",21.0081108223062,3.97413279773157,1.72308482986767,-1.3660893194707,46
1992,19.9353804347826,3.39608695652174,"Forest Lake 2",21.0081108223062,3.97413279773157,-1.07273038752363,-0.57804584120983,46
1993,20.5771739130435,7.54239130434783,"Forest Lake 2",21.0081108223062,3.97413279773157,-0.430936909262762,3.56825850661626,46
1994,20.7298369565217,3.16260869565217,"Forest Lake 2",21.0081108223062,3.97413279773157,-0.278273865784499,-0.811524102079395,46
1995,20.3988043478261,4.99413043478261,"Forest Lake 2",21.0081108223062,3.97413279773157,-0.609306474480153,1.01999763705104,46
1996,19.8847282608696,4.58467391304348,"Forest Lake 2",21.0081108223062,3.97413279773157,-1.12338256143667,0.61054111531191,46
1997,19.8952717391304,3.09380434782609,"Forest Lake 2",21.0081108223062,3.97413279773157,-1.1128390831758,-0.880328449905482,46
1998,21.4557065217391,4.33804347826087,"Forest Lake 2",21.0081108223062,3.97413279773157,0.447595699432892,0.363910680529301,46
1999,21.5520652173913,3.2495652173913,"Forest Lake 2",21.0081108223062,3.97413279773157,0.543954395085066,-0.724567580340264,46
2000,20.6379347826087,4.55423913043478,"Forest Lake 2",21.0081108223062,3.97413279773157,-0.370176039697544,0.580106332703214,46
2001,20.8436413043478,5.31510869565217,"Forest Lake 2",21.0081108223062,3.97413279773157,-0.164469517958413,1.34097589792061,46
2002,21.0913043478261,3.33717391304348,"Forest Lake 2",21.0081108223062,3.97413279773157,0.0831935255198459,-0.636958884688091,46
2003,19.9347282608696,2.96913043478261,"Forest Lake 2",21.0081108223062,3.97413279773157,-1.07338256143667,-1.00500236294896,46
2004,20.0365217391304,3.78380434782609,"Forest Lake 2",21.0081108223062,3.97413279773157,-0.971589083175804,-0.190328449905482,46
2005,21.2025543478261,2.57358695652174,"Forest Lake 2",21.0081108223062,3.97413279773157,0.194443525519848,-1.40054584120983,46
2006,21.3601630434783,2.20358695652174,"Forest Lake 2",21.0081108223062,3.97413279773157,0.35205222117202,-1.77054584120983,46
2007,21.5272282608696,3.72967391304348,"Forest Lake 2",21.0081108223062,3.97413279773157,0.519117438563324,-0.244458884688091,46
2008,19.8732608695652,6.56054347826087,"Forest Lake 2",21.0081108223062,3.97413279773157,-1.13484995274102,2.5864106805293,46
2009,19.6317391304348,4.66652173913043,"Forest Lake 2",21.0081108223062,3.97413279773157,-1.37637169187146,0.692388941398866,46
2010,21.3669565217391,7.52021739130435,"Forest Lake 2",21.0081108223062,3.97413279773157,0.358845699432891,3.54608459357278,46
2011,21.6572826086957,4.84228260869565,"Forest Lake 2",21.0081108223062,3.97413279773157,0.649171786389413,0.868149810964083,46
2012,23.0607065217391,2.18315217391304,"Forest Lake 2",21.0081108223062,3.97413279773157,2.05259569943289,-1.79098062381853,46
2013,20.1384782608696,4.39217391304348,"Forest Lake 2",21.0081108223062,3.97413279773157,-0.869632561436674,0.418041115311909,46
2014,20.0221739130435,3.87880434782609,"Forest Lake 2",21.0081108223062,3.97413279773157,-0.985936909262762,-0.0953284499054821,46
2015,20.5772282608696,6.54521739130435,"Forest Lake 2",21.0081108223062,3.97413279773157,-0.430882561436675,2.57108459357278,46
2016,20.8070652173913,3.10402173913043,"Forest Lake 2",21.0081108223062,3.97413279773157,-0.201045604914935,-0.870111058601134,46
2017,21.0709782608696,1.59576086956522,"Forest Lake 2",21.0081108223062,3.97413279773157,0.0628674385633268,-2.37837192816635,46
2018,22.7311956521739,2.60804347826087,"Forest Lake 2",21.0081108223062,3.97413279773157,1.72308482986767,-1.3660893194707,46
1992,17.6583695652174,2.46771739130435,"Sand Bluff",19.3901358695652,3.57802221172023,-1.73176630434783,-1.11030482041588,46
1993,18.8619565217391,5.50282608695652,"Sand Bluff",19.3901358695652,3.57802221172023,-0.528179347826086,1.92480387523629,46
1994,19.0545652173913,3.10260869565217,"Sand Bluff",19.3901358695652,3.57802221172023,-0.335570652173914,-0.475413516068053,46
1995,19.6475543478261,3.5,"Sand Bluff",19.3901358695652,3.57802221172023,0.25741847826087,-0.0780222117202269,46
1996,17.4404347826087,5.91260869565217,"Sand Bluff",19.3901358695652,3.57802221172023,-1.94970108695652,2.33458648393195,46
1997,18.0191847826087,3.28369565217391,"Sand Bluff",19.3901358695652,3.57802221172023,-1.37095108695652,-0.294326559546314,46
1998,19.9278260869565,3.79184782608696,"Sand Bluff",19.3901358695652,3.57802221172023,0.537690217391305,0.213825614366729,46
1999,20.5844565217391,4.14532608695652,"Sand Bluff",19.3901358695652,3.57802221172023,1.19432065217391,0.567303875236295,46
2000,18.8146739130435,5.31739130434783,"Sand Bluff",19.3901358695652,3.57802221172023,-0.575461956521739,1.7393690926276,46
2001,19.6736413043478,2.89782608695652,"Sand Bluff",19.3901358695652,3.57802221172023,0.283505434782608,-0.680196124763705,46
2002,19.5508695652174,2.60304347826087,"Sand Bluff",19.3901358695652,3.57802221172023,0.160733695652173,-0.974978733459357,46
2003,18.3409239130435,3.44652173913043,"Sand Bluff",19.3901358695652,3.57802221172023,-1.04921195652174,-0.131500472589792,46
2004,18.4959782608696,4.66304347826087,"Sand Bluff",19.3901358695652,3.57802221172023,-0.894157608695654,1.08502126654064,46
2005,19.9629347826087,2.22826086956522,"Sand Bluff",19.3901358695652,3.57802221172023,0.572798913043478,-1.34976134215501,46
2006,19.6153804347826,3.47826086956522,"Sand Bluff",19.3901358695652,3.57802221172023,0.225244565217391,-0.0997613421550096,46
2007,20.2079347826087,2.7525,"Sand Bluff",19.3901358695652,3.57802221172023,0.817798913043479,-0.825522211720227,46
2008,18.5708695652174,4.63076086956522,"Sand Bluff",19.3901358695652,3.57802221172023,-0.819266304347828,1.05273865784499,46
2009,18.1188586956522,2.99423913043478,"Sand Bluff",19.3901358695652,3.57802221172023,-1.27127717391304,-0.583783081285445,46
2010,20.4322282608696,6.22608695652174,"Sand Bluff",19.3901358695652,3.57802221172023,1.04209239130435,2.64806474480151,46
2011,20.1715760869565,3.06989130434783,"Sand Bluff",19.3901358695652,3.57802221172023,0.781440217391303,-0.508130907372401,46
2012,21.83625,1.46760869565217,"Sand Bluff",19.3901358695652,3.57802221172023,2.44611413043478,-2.11041351606805,46
2013,19.2333152173913,4.05413043478261,"Sand Bluff",19.3901358695652,3.57802221172023,-0.156820652173913,0.476108223062382,46
2014,18.7433695652174,5.05739130434783,"Sand Bluff",19.3901358695652,3.57802221172023,-0.646766304347825,1.4793690926276,46
2015,18.7639673913043,4.65978260869565,"Sand Bluff",19.3901358695652,3.57802221172023,-0.626168478260869,1.08176039697543,46
2016,19.478097826087,3.65554347826087,"Sand Bluff",19.3901358695652,3.57802221172023,0.0879619565217382,0.0775212665406424,46
2017,18.9204891304348,5.72608695652174,"Sand Bluff",19.3901358695652,3.57802221172023,-0.469646739130436,2.14806474480151,46
2018,20.3778260869565,4.61978260869565,"Sand Bluff",19.3901358695652,3.57802221172023,0.987690217391304,1.04176039697542,46
1992,18.4389130434783,4.85934782608696,"Mary Gray Bird Sanctuary",20.4168549149338,4.08288516068053,-1.97794187145557,0.776462665406427,46
1993,20.1808695652174,4.1579347826087,"Mary Gray Bird Sanctuary",20.4168549149338,4.08288516068053,-0.235985349716444,0.0750496219281658,46
1994,19.7054347826087,2.39532608695652,"Mary Gray Bird Sanctuary",20.4168549149338,4.08288516068053,-0.711420132325141,-1.68755907372401,46
1995,20.1039673913043,4.33608695652174,"Mary Gray Bird Sanctuary",20.4168549149338,4.08288516068053,-0.312887523629488,0.25320179584121,46
1996,19.1272282608696,5.91326086956522,"Mary Gray Bird Sanctuary",20.4168549149338,4.08288516068053,-1.28962665406427,1.83037570888469,46
1997,18.5248913043478,4.05217391304348,"Mary Gray Bird Sanctuary",20.4168549149338,4.08288516068053,-1.89196361058601,-0.0307112476370515,46
1998,20.6714130434783,5.07217391304348,"Mary Gray Bird Sanctuary",20.4168549149338,4.08288516068053,0.254558128544424,0.989288752362949,46
1999,21.2640217391304,2.90478260869565,"Mary Gray Bird Sanctuary",20.4168549149338,4.08288516068053,0.847166824196599,-1.17810255198488,46
2000,20.0009782608696,4.27478260869565,"Mary Gray Bird Sanctuary",20.4168549149338,4.08288516068053,-0.41587665406427,0.191897448015123,46
2001,20.116847826087,4.92336956521739,"Mary Gray Bird Sanctuary",20.4168549149338,4.08288516068053,-0.300007088846879,0.840484404536862,46
2002,20.6272826086957,3.52108695652174,"Mary Gray Bird Sanctuary",20.4168549149338,4.08288516068053,0.210427693761815,-0.56179820415879,46
2003,19.3596739130435,5.29989130434783,"Mary Gray Bird Sanctuary",20.4168549149338,4.08288516068053,-1.05718100189036,1.2170061436673,46
2004,20.763097826087,4.72065217391304,"Mary Gray Bird Sanctuary",20.4168549149338,4.08288516068053,0.346242911153119,0.637767013232514,46
2005,20.3864673913043,3.78771739130435,"Mary Gray Bird Sanctuary",20.4168549149338,4.08288516068053,-0.0303875236294893,-0.295167769376182,46
2006,20.1114673913043,4.62173913043478,"Mary Gray Bird Sanctuary",20.4168549149338,4.08288516068053,-0.305387523629488,0.538853969754253,46
2007,20.9869565217391,1.9029347826087,"Mary Gray Bird Sanctuary",20.4168549149338,4.08288516068053,0.570101606805295,-2.17995037807183,46
2008,19.5330434782609,5.17173913043478,"Mary Gray Bird Sanctuary",20.4168549149338,4.08288516068053,-0.883811436672968,1.08885396975425,46
2009,19.8102173913043,4.45336956521739,"Mary Gray Bird Sanctuary",20.4168549149338,4.08288516068053,-0.606637523629487,0.370484404536862,46
2010,21.98,5.56239130434783,"Mary Gray Bird Sanctuary",20.4168549149338,4.08288516068053,1.56314508506616,1.4795061436673,46
2011,21.7600543478261,3.33891304347826,"Mary Gray Bird Sanctuary",20.4168549149338,4.08288516068053,1.34319943289225,-0.743972117202269,46
2012,22.6650543478261,1.56902173913043,"Mary Gray Bird Sanctuary",20.4168549149338,4.08288516068053,2.24819943289225,-2.51386342155009,46
2013,20.61875,2.94760869565217,"Mary Gray Bird Sanctuary",20.4168549149338,4.08288516068053,0.201895085066162,-1.13527646502836,46
2014,20.1392934782609,4.03858695652174,"Mary Gray Bird Sanctuary",20.4168549149338,4.08288516068053,-0.277561436672968,-0.0442982041587898,46
2015,21.0004347826087,4.5795652173913,"Mary Gray Bird Sanctuary",20.4168549149338,4.08288516068053,0.58357986767486,0.496680056710775,46
2016,20.4210326086957,4.15880434782609,"Mary Gray Bird Sanctuary",20.4168549149338,4.08288516068053,0.00417769376181454,0.0759191871455576,46
2017,20.1149456521739,6.39173913043478,"Mary Gray Bird Sanctuary",20.4168549149338,4.08288516068053,-0.301909262759924,2.30885396975425,46
2018,22.3995652173913,3.84141304347826,"Mary Gray Bird Sanctuary",20.4168549149338,4.08288516068053,1.98271030245747,-0.241472117202269,46
1992,17.945597826087,2.27717391304348,"Miller Woods",19.990686436673,3.49150283553875,-2.04508861058601,-1.21432892249527,46
1993,19.9948913043478,4.94173913043478,"Miller Woods",19.990686436673,3.49150283553875,0.00420486767486139,1.45023629489603,46
1994,19.36125,3.0745652173913,"Miller Woods",19.990686436673,3.49150283553875,-0.629436436672965,-0.416937618147448,46
1995,20.2125,2.67076086956522,"Miller Woods",19.990686436673,3.49150283553875,0.221813563327032,-0.820741965973535,46
1996,18.2667391304348,6.68,"Miller Woods",19.990686436673,3.49150283553875,-1.72394730623818,3.18849716446125,46
1997,18.4483152173913,3.70510869565217,"Miller Woods",19.990686436673,3.49150283553875,-1.54237121928166,0.213605860113421,46
1998,20.7874456521739,3.07184782608696,"Miller Woods",19.990686436673,3.49150283553875,0.796759215500945,-0.419655009451796,46
1999,21.578152173913,2.42989130434783,"Miller Woods",19.990686436673,3.49150283553875,1.58746573724008,-1.06161153119093,46
2000,19.7715760869565,3.9970652173913,"Miller Woods",19.990686436673,3.49150283553875,-0.219110349716445,0.505562381852552,46
2001,20.0697282608696,3.32369565217391,"Miller Woods",19.990686436673,3.49150283553875,0.0790418241965973,-0.16780718336484,46
2002,20.145597826087,2.37554347826087,"Miller Woods",19.990686436673,3.49150283553875,0.154911389413989,-1.11595935727788,46
2003,18.1766304347826,4.89891304347826,"Miller Woods",19.990686436673,3.49150283553875,-1.81405600189036,1.40741020793951,46
2004,19.2073913043478,3.9070652173913,"Miller Woods",19.990686436673,3.49150283553875,-0.78329513232514,0.415562381852552,46
2005,20.4547826086957,1.79271739130435,"Miller Woods",19.990686436673,3.49150283553875,0.464096172022685,-1.6987854442344,46
2006,19.7728260869565,3.30391304347826,"Miller Woods",19.990686436673,3.49150283553875,-0.217860349716446,-0.187589792060491,46
2007,20.6479347826087,3.53934782608696,"Miller Woods",19.990686436673,3.49150283553875,0.657248345935731,0.0478449905482039,46
2008,19.0552717391304,3.31815217391304,"Miller Woods",19.990686436673,3.49150283553875,-0.93541469754253,-0.173350661625709,46
2009,18.7725,2.83891304347826,"Miller Woods",19.990686436673,3.49150283553875,-1.21818643667297,-0.652589792060492,46
2010,20.9929891304348,5.57836956521739,"Miller Woods",19.990686436673,3.49150283553875,1.00230269376182,2.08686672967864,46
2011,20.3890760869565,4.49978260869565,"Miller Woods",19.990686436673,3.49150283553875,0.398389650283555,1.0082797731569,46
2012,21.9420108695652,3.09141304347826,"Miller Woods",19.990686436673,3.49150283553875,1.95132443289225,-0.400089792060492,46
2013,19.3976086956522,3.08467391304348,"Miller Woods",19.990686436673,3.49150283553875,-0.593077741020792,-0.406828922495274,46
2014,19.170652173913,4.97630434782609,"Miller Woods",19.990686436673,3.49150283553875,-0.820034262759922,1.48480151228733,46
2015,19.5871739130435,3.40358695652174,"Miller Woods",19.990686436673,3.49150283553875,-0.403512523629487,-0.0879158790170136,46
2016,20.1373913043478,3.8504347826087,"Miller Woods",19.990686436673,3.49150283553875,0.14670486767486,0.358931947069943,46
2017,19.6460326086957,2.95804347826087,"Miller Woods",19.990686436673,3.49150283553875,-0.344653827977314,-0.533459357277883,46
2018,21.2313586956522,3.07402173913043,"Miller Woods",19.990686436673,3.49150283553875,1.24067225897921,-0.417481096408318,46
1992,19.4207065217391,3.71880434782609,"Hitchcock Nature Area -Pk",20.9496313799622,3.91843336483932,-1.52892485822306,-0.199629017013232,46
1993,19.9740760869565,6.6875,"Hitchcock Nature Area -Pk",20.9496313799622,3.91843336483932,-0.975555293005669,2.76906663516068,46
1994,20.8429891304348,3.9320652173913,"Hitchcock Nature Area -Pk",20.9496313799622,3.91843336483932,-0.106642249527408,0.0136318525519847,46
1995,20.0767934782609,3.26445652173913,"Hitchcock Nature Area -Pk",20.9496313799622,3.91843336483932,-0.87283790170132,-0.653976843100189,46
1996,19.4454891304348,5.00445652173913,"Hitchcock Nature Area -Pk",20.9496313799622,3.91843336483932,-1.50414224952741,1.08602315689981,46
1997,20.196902173913,2.77130434782609,"Hitchcock Nature Area -Pk",20.9496313799622,3.91843336483932,-0.75272920604915,-1.14712901701323,46
1998,21.2777173913043,6.36413043478261,"Hitchcock Nature Area -Pk",20.9496313799622,3.91843336483932,0.328086011342155,2.44569706994329,46
1999,20.9883152173913,4.29597826086956,"Hitchcock Nature Area -Pk",20.9496313799622,3.91843336483932,0.0386838374291116,0.377544896030245,46
2000,20.8752717391304,4.13021739130435,"Hitchcock Nature Area -Pk",20.9496313799622,3.91843336483932,-0.0743596408317586,0.211784026465029,46
2001,21.2019565217391,4.86228260869565,"Hitchcock Nature Area -Pk",20.9496313799622,3.91843336483932,0.252325141776939,0.943849243856333,46
2002,21.6546195652174,2.9220652173913,"Hitchcock Nature Area -Pk",20.9496313799622,3.91843336483932,0.7049881852552,-0.996368147448015,46
2003,19.86125,3.36467391304348,"Hitchcock Nature Area -Pk",20.9496313799622,3.91843336483932,-1.08838137996219,-0.553759451795841,46
2004,19.4253260869565,5.22913043478261,"Hitchcock Nature Area -Pk",20.9496313799622,3.91843336483932,-1.52430529300567,1.31069706994329,46
2005,21.4245108695652,3.39760869565217,"Hitchcock Nature Area -Pk",20.9496313799622,3.91843336483932,0.474879489603026,-0.520824669187145,46
2006,21.8140760869565,1.86989130434783,"Hitchcock Nature Area -Pk",20.9496313799622,3.91843336483932,0.86444470699433,-2.04854206049149,46
2007,21.8213586956522,4.12652173913043,"Hitchcock Nature Area -Pk",20.9496313799622,3.91843336483932,0.871727315689981,0.208088374291115,46
2008,20.0933695652174,5.03684782608696,"Hitchcock Nature Area -Pk",20.9496313799622,3.91843336483932,-0.856261814744801,1.11841446124764,46
2009,19.6647826086957,4.24347826086957,"Hitchcock Nature Area -Pk",20.9496313799622,3.91843336483932,-1.28484877126654,0.325044896030246,46
2010,20.8251086956522,6.25358695652174,"Hitchcock Nature Area -Pk",20.9496313799622,3.91843336483932,-0.124522684310019,2.33515359168242,46
2011,21.3554891304348,4.0575,"Hitchcock Nature Area -Pk",20.9496313799622,3.91843336483932,0.405857750472592,0.139066635160681,46
2012,23.1172826086957,2.74510869565217,"Hitchcock Nature Area -Pk",20.9496313799622,3.91843336483932,2.16765122873346,-1.17332466918715,46
2013,19.9596195652174,3.61347826086957,"Hitchcock Nature Area -Pk",20.9496313799622,3.91843336483932,-0.9900118147448,-0.304955103969754,46
2014,20.3442934782609,4.67717391304348,"Hitchcock Nature Area -Pk",20.9496313799622,3.91843336483932,-0.605337901701322,0.758740548204158,46
2015,20.3117934782609,4.33891304347826,"Hitchcock Nature Area -Pk",20.9496313799622,3.91843336483932,-0.637837901701321,0.420479678638941,46
2016,21.2278260869565,3.91619565217391,"Hitchcock Nature Area -Pk",20.9496313799622,3.91843336483932,0.278194706994331,-0.00223771266540629,46
2017,21.3878804347826,3.1945652173913,"Hitchcock Nature Area -Pk",20.9496313799622,3.91843336483932,0.438249054820417,-0.723868147448015,46
2018,22.5138586956522,4.81684782608696,"Hitchcock Nature Area -Pk",20.9496313799622,3.91843336483932,1.56422731568998,0.898414461247637,46
1992,17.7347826086957,3.20065217391304,"Merry Lea Farmstead",19.5936755671078,3.52590973534972,-1.8588929584121,-0.325257561436673,46
1993,19.590652173913,3.77565217391304,"Merry Lea Farmstead",19.5936755671078,3.52590973534972,-0.00302339319470946,0.249742438563327,46
1994,19.2690760869565,2.61315217391304,"Merry Lea Farmstead",19.5936755671078,3.52590973534972,-0.324599480151232,-0.912757561436673,46
1995,19.6392934782609,3.41673913043478,"Merry Lea Farmstead",19.5936755671078,3.52590973534972,0.0456179111531192,-0.109170604914934,46
1996,18.4933152173913,5.39902173913043,"Merry Lea Farmstead",19.5936755671078,3.52590973534972,-1.10036034971645,1.87311200378072,46
1997,17.9916304347826,4.69836956521739,"Merry Lea Farmstead",19.5936755671078,3.52590973534972,-1.60204513232515,1.17245982986767,46
1998,20.3417934782609,3.33467391304348,"Merry Lea Farmstead",19.5936755671078,3.52590973534972,0.748117911153116,-0.191235822306238,46
1999,21.0510869565217,3.08771739130435,"Merry Lea Farmstead",19.5936755671078,3.52590973534972,1.45741138941399,-0.438192344045369,46
2000,18.9579347826087,3.98478260869565,"Merry Lea Farmstead",19.5936755671078,3.52590973534972,-0.635740784499056,0.458872873345936,46
2001,19.2545108695652,3.39619565217391,"Merry Lea Farmstead",19.5936755671078,3.52590973534972,-0.339164697542536,-0.129714083175803,46
2002,19.4827173913043,3.15282608695652,"Merry Lea Farmstead",19.5936755671078,3.52590973534972,-0.110958175803404,-0.373083648393195,46
2003,18.306902173913,4.68923913043478,"Merry Lea Farmstead",19.5936755671078,3.52590973534972,-1.28677339319471,1.16332939508507,46
2004,19.3004347826087,5.3304347826087,"Merry Lea Farmstead",19.5936755671078,3.52590973534972,-0.293240784499055,1.80452504725898,46
2005,19.9455434782609,2.54141304347826,"Merry Lea Farmstead",19.5936755671078,3.52590973534972,0.351867911153118,-0.984496691871456,46
2006,19.3275,4.4625,"Merry Lea Farmstead",19.5936755671078,3.52590973534972,-0.266175567107751,0.936590264650284,46
2007,20.3134782608696,1.95510869565217,"Merry Lea Farmstead",19.5936755671078,3.52590973534972,0.719802693761814,-1.57080103969754,46
2008,18.6682065217391,3.00923913043478,"Merry Lea Farmstead",19.5936755671078,3.52590973534972,-0.925469045368622,-0.516670604914934,46
2009,18.3463586956522,2.77597826086957,"Merry Lea Farmstead",19.5936755671078,3.52590973534972,-1.24731687145558,-0.749931474480151,46
2010,20.7163043478261,3.68478260869565,"Merry Lea Farmstead",19.5936755671078,3.52590973534972,1.12262878071834,0.158872873345936,46
2011,20.8086413043478,2.95489130434783,"Merry Lea Farmstead",19.5936755671078,3.52590973534972,1.21496573724007,-0.571018431001891,46
2012,21.7864130434783,1.89760869565217,"Merry Lea Farmstead",19.5936755671078,3.52590973534972,2.19273747637051,-1.62830103969754,46
2013,19.7909782608696,3.47423913043478,"Merry Lea Farmstead",19.5936755671078,3.52590973534972,0.197302693761813,-0.0516706049149338,46
2014,18.92125,3.04076086956522,"Merry Lea Farmstead",19.5936755671078,3.52590973534972,-0.672425567107751,-0.485148865784499,46
2015,19.43,4.8325,"Merry Lea Farmstead",19.5936755671078,3.52590973534972,-0.163675567107752,1.30659026465028,46
2016,19.4742391304348,2.62673913043478,"Merry Lea Farmstead",19.5936755671078,3.52590973534972,-0.11943643667297,-0.899170604914934,46
2017,19.0441847826087,4.43130434782609,"Merry Lea Farmstead",19.5936755671078,3.52590973534972,-0.549490784499056,0.90539461247637,46
2018,20.9041304347826,3.68228260869565,"Merry Lea Farmstead",19.5936755671078,3.52590973534972,1.31045486767486,0.156372873345936,46
1992,17.7347826086957,3.20065217391304,"Merry Lea Wilmer Meadow",19.5936755671078,3.52590973534972,-1.8588929584121,-0.325257561436673,46
1993,19.590652173913,3.77565217391304,"Merry Lea Wilmer Meadow",19.5936755671078,3.52590973534972,-0.00302339319470946,0.249742438563327,46
1994,19.2690760869565,2.61315217391304,"Merry Lea Wilmer Meadow",19.5936755671078,3.52590973534972,-0.324599480151232,-0.912757561436673,46
1995,19.6392934782609,3.41673913043478,"Merry Lea Wilmer Meadow",19.5936755671078,3.52590973534972,0.0456179111531192,-0.109170604914934,46
1996,18.4933152173913,5.39902173913043,"Merry Lea Wilmer Meadow",19.5936755671078,3.52590973534972,-1.10036034971645,1.87311200378072,46
1997,17.9916304347826,4.69836956521739,"Merry Lea Wilmer Meadow",19.5936755671078,3.52590973534972,-1.60204513232515,1.17245982986767,46
1998,20.3417934782609,3.33467391304348,"Merry Lea Wilmer Meadow",19.5936755671078,3.52590973534972,0.748117911153116,-0.191235822306238,46
1999,21.0510869565217,3.08771739130435,"Merry Lea Wilmer Meadow",19.5936755671078,3.52590973534972,1.45741138941399,-0.438192344045369,46
2000,18.9579347826087,3.98478260869565,"Merry Lea Wilmer Meadow",19.5936755671078,3.52590973534972,-0.635740784499056,0.458872873345936,46
2001,19.2545108695652,3.39619565217391,"Merry Lea Wilmer Meadow",19.5936755671078,3.52590973534972,-0.339164697542536,-0.129714083175803,46
2002,19.4827173913043,3.15282608695652,"Merry Lea Wilmer Meadow",19.5936755671078,3.52590973534972,-0.110958175803404,-0.373083648393195,46
2003,18.306902173913,4.68923913043478,"Merry Lea Wilmer Meadow",19.5936755671078,3.52590973534972,-1.28677339319471,1.16332939508507,46
2004,19.3004347826087,5.3304347826087,"Merry Lea Wilmer Meadow",19.5936755671078,3.52590973534972,-0.293240784499055,1.80452504725898,46
2005,19.9455434782609,2.54141304347826,"Merry Lea Wilmer Meadow",19.5936755671078,3.52590973534972,0.351867911153118,-0.984496691871456,46
2006,19.3275,4.4625,"Merry Lea Wilmer Meadow",19.5936755671078,3.52590973534972,-0.266175567107751,0.936590264650284,46
2007,20.3134782608696,1.95510869565217,"Merry Lea Wilmer Meadow",19.5936755671078,3.52590973534972,0.719802693761814,-1.57080103969754,46
2008,18.6682065217391,3.00923913043478,"Merry Lea Wilmer Meadow",19.5936755671078,3.52590973534972,-0.925469045368622,-0.516670604914934,46
2009,18.3463586956522,2.77597826086957,"Merry Lea Wilmer Meadow",19.5936755671078,3.52590973534972,-1.24731687145558,-0.749931474480151,46
2010,20.7163043478261,3.68478260869565,"Merry Lea Wilmer Meadow",19.5936755671078,3.52590973534972,1.12262878071834,0.158872873345936,46
2011,20.8086413043478,2.95489130434783,"Merry Lea Wilmer Meadow",19.5936755671078,3.52590973534972,1.21496573724007,-0.571018431001891,46
2012,21.7864130434783,1.89760869565217,"Merry Lea Wilmer Meadow",19.5936755671078,3.52590973534972,2.19273747637051,-1.62830103969754,46
2013,19.7909782608696,3.47423913043478,"Merry Lea Wilmer Meadow",19.5936755671078,3.52590973534972,0.197302693761813,-0.0516706049149338,46
2014,18.92125,3.04076086956522,"Merry Lea Wilmer Meadow",19.5936755671078,3.52590973534972,-0.672425567107751,-0.485148865784499,46
2015,19.43,4.8325,"Merry Lea Wilmer Meadow",19.5936755671078,3.52590973534972,-0.163675567107752,1.30659026465028,46
2016,19.4742391304348,2.62673913043478,"Merry Lea Wilmer Meadow",19.5936755671078,3.52590973534972,-0.11943643667297,-0.899170604914934,46
2017,19.0441847826087,4.43130434782609,"Merry Lea Wilmer Meadow",19.5936755671078,3.52590973534972,-0.549490784499056,0.90539461247637,46
2018,20.9041304347826,3.68228260869565,"Merry Lea Wilmer Meadow",19.5936755671078,3.52590973534972,1.31045486767486,0.156372873345936,46
1992,18.0454347826087,2.53282608695652,"Governors St. Un. Bird Ob",19.9353532608696,3.84362240075614,-1.88991847826087,-1.31079631379962,46
1993,19.9510869565217,5.20945652173913,"Governors St. Un. Bird Ob",19.9353532608696,3.84362240075614,0.0157336956521732,1.36583412098299,46
1994,19.3629347826087,3.61152173913043,"Governors St. Un. Bird Ob",19.9353532608696,3.84362240075614,-0.572418478260868,-0.232100661625709,46
1995,20.2525,3.32978260869565,"Governors St. Un. Bird Ob",19.9353532608696,3.84362240075614,0.317146739130436,-0.513839792060491,46
1996,18.3803804347826,6.52586956521739,"Governors St. Un. Bird Ob",19.9353532608696,3.84362240075614,-1.55497282608696,2.68224716446125,46
1997,18.4400543478261,3.75630434782609,"Governors St. Un. Bird Ob",19.9353532608696,3.84362240075614,-1.49529891304348,-0.0873180529300566,46
1998,20.8126086956522,3.87967391304348,"Governors St. Un. Bird Ob",19.9353532608696,3.84362240075614,0.877255434782608,0.0360515122873344,46
1999,21.43375,3.46913043478261,"Governors St. Un. Bird Ob",19.9353532608696,3.84362240075614,1.49839673913043,-0.374491965973535,46
2000,19.6075,4.91782608695652,"Governors St. Un. Bird Ob",19.9353532608696,3.84362240075614,-0.327853260869563,1.07420368620038,46
2001,19.98,3.19760869565217,"Governors St. Un. Bird Ob",19.9353532608696,3.84362240075614,0.0446467391304353,-0.64601370510397,46
2002,19.8969565217391,3.64380434782609,"Governors St. Un. Bird Ob",19.9353532608696,3.84362240075614,-0.0383967391304338,-0.199818052930057,46
2003,18.2796739130435,4.90195652173913,"Governors St. Un. Bird Ob",19.9353532608696,3.84362240075614,-1.65567934782609,1.05833412098299,46
2004,19.3959239130435,3.69,"Governors St. Un. Bird Ob",19.9353532608696,3.84362240075614,-0.539429347826086,-0.153622400756144,46
2005,20.63125,2.31576086956522,"Governors St. Un. Bird Ob",19.9353532608696,3.84362240075614,0.695896739130436,-1.52786153119093,46
2006,19.8519565217391,4.42195652173913,"Governors St. Un. Bird Ob",19.9353532608696,3.84362240075614,-0.0833967391304355,0.578334120982987,46
2007,20.5777717391304,2.92239130434783,"Governors St. Un. Bird Ob",19.9353532608696,3.84362240075614,0.642418478260868,-0.921231096408317,46
2008,19.0549456521739,3.49076086956522,"Governors St. Un. Bird Ob",19.9353532608696,3.84362240075614,-0.880407608695652,-0.352861531190926,46
2009,18.8611413043478,3.4229347826087,"Governors St. Un. Bird Ob",19.9353532608696,3.84362240075614,-1.07421195652174,-0.420687618147448,46
2010,21.0042391304348,5.45891304347826,"Governors St. Un. Bird Ob",19.9353532608696,3.84362240075614,1.06888586956522,1.61529064272212,46
2011,20.5900543478261,4.99032608695652,"Governors St. Un. Bird Ob",19.9353532608696,3.84362240075614,0.654701086956521,1.14670368620038,46
2012,21.8165760869565,3.18391304347826,"Governors St. Un. Bird Ob",19.9353532608696,3.84362240075614,1.88122282608696,-0.659709357277883,46
2013,19.4848369565217,3.0829347826087,"Governors St. Un. Bird Ob",19.9353532608696,3.84362240075614,-0.450516304347826,-0.760687618147448,46
2014,19.240652173913,4.93010869565217,"Governors St. Un. Bird Ob",19.9353532608696,3.84362240075614,-0.69470108695652,1.08648629489603,46
2015,19.6992934782609,5.06380434782609,"Governors St. Un. Bird Ob",19.9353532608696,3.84362240075614,-0.236059782608695,1.22018194706994,46
2016,20.123097826087,4.06521739130435,"Governors St. Un. Bird Ob",19.9353532608696,3.84362240075614,0.18774456521739,0.221594990548204,46
2017,19.6820108695652,4.03913043478261,"Governors St. Un. Bird Ob",19.9353532608696,3.84362240075614,-0.253342391304347,0.195508034026465,46
2018,21.5158152173913,3.9845652173913,"Governors St. Un. Bird Ob",19.9353532608696,3.84362240075614,1.58046195652174,0.140942816635161,46
1992,20.99375,2.6270652173913,"Eagle Bluffs",22.6753745274102,3.80259451795841,-1.68162452741021,-1.17552930056711,46
1993,22.3679891304348,6.05347826086957,"Eagle Bluffs",22.6753745274102,3.80259451795841,-0.307385396975427,2.25088374291115,46
1994,22.0123913043478,1.69782608695652,"Eagle Bluffs",22.6753745274102,3.80259451795841,-0.662983223062383,-2.10476843100189,46
1995,21.5088586956522,5.77315217391304,"Eagle Bluffs",22.6753745274102,3.80259451795841,-1.16651583175804,1.97055765595463,46
1996,21.8597282608696,3.82760869565217,"Eagle Bluffs",22.6753745274102,3.80259451795841,-0.815646266540643,0.0250141776937616,46
1997,21.4176630434783,2.83869565217391,"Eagle Bluffs",22.6753745274102,3.80259451795841,-1.25771148393195,-0.963898865784499,46
1998,23.5346739130435,4.24445652173913,"Eagle Bluffs",22.6753745274102,3.80259451795841,0.859299385633268,0.441862003780718,46
1999,23.0525,2.5045652173913,"Eagle Bluffs",22.6753745274102,3.80259451795841,0.377125472589789,-1.29802930056711,46
2000,22.5927173913043,4.4045652173913,"Eagle Bluffs",22.6753745274102,3.80259451795841,-0.0826571361058619,0.601970699432893,46
2001,22.9152717391304,5.33880434782609,"Eagle Bluffs",22.6753745274102,3.80259451795841,0.239897211720226,1.53620982986767,46
2002,22.6060869565217,4.74826086956522,"Eagle Bluffs",22.6753745274102,3.80259451795841,-0.0692875708884699,0.945666351606805,46
2003,21.7934782608696,3.06130434782609,"Eagle Bluffs",22.6753745274102,3.80259451795841,-0.881896266540643,-0.741290170132325,46
2004,21.8246739130435,4.02304347826087,"Eagle Bluffs",22.6753745274102,3.80259451795841,-0.85070061436673,0.220448960302457,46
2005,23.0663043478261,1.88163043478261,"Eagle Bluffs",22.6753745274102,3.80259451795841,0.390929820415877,-1.9209640831758,46
2006,23.1201086956522,2.97597826086957,"Eagle Bluffs",22.6753745274102,3.80259451795841,0.444734168241965,-0.826616257088847,46
2007,23.0995108695652,3.06260869565217,"Eagle Bluffs",22.6753745274102,3.80259451795841,0.424136342155009,-0.739985822306238,46
2008,21.8378260869565,5.93086956521739,"Eagle Bluffs",22.6753745274102,3.80259451795841,-0.837548440453688,2.12827504725898,46
2009,21.7324456521739,4.54869565217391,"Eagle Bluffs",22.6753745274102,3.80259451795841,-0.942928875236298,0.746101134215501,46
2010,23.39625,5.87315217391304,"Eagle Bluffs",22.6753745274102,3.80259451795841,0.720875472589793,2.07055765595463,46
2011,23.7177173913043,2.8354347826087,"Eagle Bluffs",22.6753745274102,3.80259451795841,1.04234286389414,-0.967159735349717,46
2012,24.993152173913,0.878260869565217,"Eagle Bluffs",22.6753745274102,3.80259451795841,2.31777764650283,-2.92433364839319,46
2013,21.7848913043478,4.5145652173913,"Eagle Bluffs",22.6753745274102,3.80259451795841,-0.890483223062382,0.711970699432892,46
2014,21.9671195652174,2.77586956521739,"Eagle Bluffs",22.6753745274102,3.80259451795841,-0.708254962192818,-1.02672495274102,46
2015,22.6615217391304,6.30684782608696,"Eagle Bluffs",22.6753745274102,3.80259451795841,-0.0138527882797739,2.50425330812854,46
2016,22.8411413043478,4.98771739130435,"Eagle Bluffs",22.6753745274102,3.80259451795841,0.165766776937616,1.18512287334594,46
2017,22.903097826087,3.78565217391304,"Eagle Bluffs",22.6753745274102,3.80259451795841,0.227723298676747,-0.0169423440453689,46
2018,25.0928260869565,2.46391304347826,"Eagle Bluffs",22.6753745274102,3.80259451795841,2.41745155954631,-1.33868147448015,46
1992,18.3678260869565,4.6779347826087,"Lippincott Bird Sanctuary",20.1827670132325,3.61571361058601,-1.81494092627599,1.06222117202268,46
1993,19.9291847826087,4.0125,"Lippincott Bird Sanctuary",20.1827670132325,3.61571361058601,-0.253582230623817,0.396786389413989,46
1994,19.7482608695652,2.31271739130435,"Lippincott Bird Sanctuary",20.1827670132325,3.61571361058601,-0.434506143667296,-1.30299621928166,46
1995,20.0083152173913,3.55510869565217,"Lippincott Bird Sanctuary",20.1827670132325,3.61571361058601,-0.174451795841211,-0.0606049149338377,46
1996,19.0285869565217,4.82032608695652,"Lippincott Bird Sanctuary",20.1827670132325,3.61571361058601,-1.15418005671077,1.20461247637051,46
1997,18.4047282608696,4.39402173913043,"Lippincott Bird Sanctuary",20.1827670132325,3.61571361058601,-1.77803875236295,0.778308128544423,46
1998,20.7346195652174,4.16586956521739,"Lippincott Bird Sanctuary",20.1827670132325,3.61571361058601,0.551852551984876,0.550155954631379,46
1999,21.3963586956522,2.68173913043478,"Lippincott Bird Sanctuary",20.1827670132325,3.61571361058601,1.21359168241966,-0.933974480151229,46
2000,19.725,4.00141304347826,"Lippincott Bird Sanctuary",20.1827670132325,3.61571361058601,-0.457767013232512,0.385699432892249,46
2001,19.9433152173913,3.08826086956522,"Lippincott Bird Sanctuary",20.1827670132325,3.61571361058601,-0.239451795841209,-0.527452741020794,46
2002,20.2825,2.0725,"Lippincott Bird Sanctuary",20.1827670132325,3.61571361058601,0.099732986767485,-1.54321361058601,46
2003,18.6401630434783,5.77402173913043,"Lippincott Bird Sanctuary",20.1827670132325,3.61571361058601,-1.54260396975425,2.15830812854442,46
2004,19.65125,5.16445652173913,"Lippincott Bird Sanctuary",20.1827670132325,3.61571361058601,-0.531517013232513,1.54874291115312,46
2005,20.1200543478261,2.26358695652174,"Lippincott Bird Sanctuary",20.1827670132325,3.61571361058601,-0.0627126654064263,-1.35212665406427,46
2006,19.7060326086957,3.50402173913043,"Lippincott Bird Sanctuary",20.1827670132325,3.61571361058601,-0.476734404536863,-0.111691871455577,46
2007,20.6280434782609,1.25510869565217,"Lippincott Bird Sanctuary",20.1827670132325,3.61571361058601,0.445276465028357,-2.36060491493384,46
2008,19.2602717391304,4.11913043478261,"Lippincott Bird Sanctuary",20.1827670132325,3.61571361058601,-0.922495274102079,0.503416824196597,46
2009,19.0864673913043,2.46184782608696,"Lippincott Bird Sanctuary",20.1827670132325,3.61571361058601,-1.09629962192817,-1.15386578449905,46
2010,21.3971195652174,4.20891304347826,"Lippincott Bird Sanctuary",20.1827670132325,3.61571361058601,1.21435255198488,0.593199432892249,46
2011,21.4646739130435,3.12739130434783,"Lippincott Bird Sanctuary",20.1827670132325,3.61571361058601,1.28190689981096,-0.488322306238185,46
2012,22.3320652173913,2.01054347826087,"Lippincott Bird Sanctuary",20.1827670132325,3.61571361058601,2.14929820415879,-1.60517013232514,46
2013,20.6013586956522,3.65913043478261,"Lippincott Bird Sanctuary",20.1827670132325,3.61571361058601,0.41859168241966,0.0434168241965973,46
2014,19.6675,3.76989130434783,"Lippincott Bird Sanctuary",20.1827670132325,3.61571361058601,-0.515267013232513,0.154177693761814,46
2015,20.32,6.95565217391304,"Lippincott Bird Sanctuary",20.1827670132325,3.61571361058601,0.137232986767486,3.33993856332703,46
2016,20.2404891304348,2.81032608695652,"Lippincott Bird Sanctuary",20.1827670132325,3.61571361058601,0.0577221172022675,-0.80538752362949,46
2017,19.6490760869565,5.99076086956522,"Lippincott Bird Sanctuary",20.1827670132325,3.61571361058601,-0.533690926275991,2.37504725897921,46
2018,21.5341847826087,3.65228260869565,"Lippincott Bird Sanctuary",20.1827670132325,3.61571361058601,1.35141776937618,0.0365689981096406,46
1992,18.9776630434783,4.39065217391304,"Eagle Creek Park A",20.8368265595463,3.88441871455577,-1.85916351606805,0.506233459357277,46
1993,20.691847826087,4.28945652173913,"Eagle Creek Park A",20.8368265595463,3.88441871455577,-0.144978733459357,0.405037807183365,46
1994,20.1497282608696,2.59695652173913,"Eagle Creek Park A",20.8368265595463,3.88441871455577,-0.687098298676748,-1.28746219281664,46
1995,20.589347826087,3.78989130434783,"Eagle Creek Park A",20.8368265595463,3.88441871455577,-0.247478733459356,-0.0945274102079399,46
1996,19.5708152173913,6.2245652173913,"Eagle Creek Park A",20.8368265595463,3.88441871455577,-1.26601134215501,2.34014650283554,46
1997,19.0823369565217,2.65597826086957,"Eagle Creek Park A",20.8368265595463,3.88441871455577,-1.75448960302457,-1.2284404536862,46
1998,21.1952173913043,5.25391304347826,"Eagle Creek Park A",20.8368265595463,3.88441871455577,0.358390831758033,1.3694943289225,46
1999,21.8580434782609,2.70913043478261,"Eagle Creek Park A",20.8368265595463,3.88441871455577,1.02121691871456,-1.17528827977316,46
2000,20.4204347826087,3.80195652173913,"Eagle Creek Park A",20.8368265595463,3.88441871455577,-0.416391776937619,-0.0824621928166356,46
2001,20.5651086956522,3.82304347826087,"Eagle Creek Park A",20.8368265595463,3.88441871455577,-0.271717863894139,-0.0613752362948961,46
2002,20.8646195652174,4.02108695652174,"Eagle Creek Park A",20.8368265595463,3.88441871455577,0.0277930056710787,0.136668241965974,46
2003,19.5152173913043,5.45315217391304,"Eagle Creek Park A",20.8368265595463,3.88441871455577,-1.32160916824197,1.56873345935728,46
2004,20.7061956521739,4.58054347826087,"Eagle Creek Park A",20.8368265595463,3.88441871455577,-0.130630907372399,0.696124763705104,46
2005,20.7565217391304,3.19815217391304,"Eagle Creek Park A",20.8368265595463,3.88441871455577,-0.0803048204158792,-0.686266540642722,46
2006,20.2773913043478,3.75652173913043,"Eagle Creek Park A",20.8368265595463,3.88441871455577,-0.559435255198487,-0.127896975425331,46
2007,21.401902173913,1.80282608695652,"Eagle Creek Park A",20.8368265595463,3.88441871455577,0.56507561436673,-2.08159262759924,46
2008,19.72125,7.21282608695652,"Eagle Creek Park A",20.8368265595463,3.88441871455577,-1.11557655954631,3.32840737240076,46
2009,19.7609239130435,4.64815217391304,"Eagle Creek Park A",20.8368265595463,3.88441871455577,-1.07590264650284,0.763733459357278,46
2010,21.9985869565217,5.94021739130435,"Eagle Creek Park A",20.8368265595463,3.88441871455577,1.16176039697542,2.05579867674858,46
2011,21.8525543478261,3.51510869565217,"Eagle Creek Park A",20.8368265595463,3.88441871455577,1.01572778827977,-0.369310018903592,46
2012,23.16375,1.15782608695652,"Eagle Creek Park A",20.8368265595463,3.88441871455577,2.32692344045369,-2.72659262759924,46
2013,20.7186956521739,3.79532608695652,"Eagle Creek Park A",20.8368265595463,3.88441871455577,-0.1181309073724,-0.0890926275992441,46
2014,20.200652173913,4.09554347826087,"Eagle Creek Park A",20.8368265595463,3.88441871455577,-0.636174385633272,0.211124763705103,46
2015,21.1301086956522,5.7454347826087,"Eagle Creek Park A",20.8368265595463,3.88441871455577,0.293282136105862,1.86101606805293,46
2016,20.8761413043478,5.02315217391304,"Eagle Creek Park A",20.8368265595463,3.88441871455577,0.0393147448015121,1.13873345935728,46
2017,20.5805434782609,5.30760869565217,"Eagle Creek Park A",20.8368265595463,3.88441871455577,-0.256283081285446,1.42318998109641,46
2018,22.9254891304348,3.21239130434783,"Eagle Creek Park A",20.8368265595463,3.88441871455577,2.08866257088847,-0.67202741020794,46
1992,18.9801086956522,4.4375,"Eagle Creek Park B",20.8145510396975,3.82747873345936,-1.83444234404537,0.610021266540643,46
1993,20.6770108695652,4.36760869565217,"Eagle Creek Park B",20.8145510396975,3.82747873345936,-0.137540170132322,0.540129962192816,46
1994,20.1420652173913,2.72978260869565,"Eagle Creek Park B",20.8145510396975,3.82747873345936,-0.672485822306236,-1.09769612476371,46
1995,20.5732065217391,3.69380434782609,"Eagle Creek Park B",20.8145510396975,3.82747873345936,-0.24134451795841,-0.13367438563327,46
1996,19.5507608695652,6.31597826086957,"Eagle Creek Park B",20.8145510396975,3.82747873345936,-1.26379017013232,2.48849952741021,46
1997,19.0673913043478,2.64173913043478,"Eagle Creek Park B",20.8145510396975,3.82747873345936,-1.74715973534972,-1.18573960302457,46
1998,21.1955434782609,5.26967391304348,"Eagle Creek Park B",20.8145510396975,3.82747873345936,0.380992438563329,1.44219517958412,46
1999,21.8548913043478,2.73467391304348,"Eagle Creek Park B",20.8145510396975,3.82747873345936,1.04034026465029,-1.09280482041588,46
2000,20.3972282608696,3.75989130434783,"Eagle Creek Park B",20.8145510396975,3.82747873345936,-0.417322778827977,-0.0675874291115313,46
2001,20.5570652173913,3.6929347826087,"Eagle Creek Park B",20.8145510396975,3.82747873345936,-0.257485822306236,-0.134543950850662,46
2002,20.8352717391304,4.12989130434783,"Eagle Creek Park B",20.8145510396975,3.82747873345936,0.0207206994328928,0.302412570888468,46
2003,19.4664130434783,5.39010869565217,"Eagle Creek Park B",20.8145510396975,3.82747873345936,-1.34813799621928,1.56262996219282,46
2004,20.654347826087,4.47695652173913,"Eagle Creek Park B",20.8145510396975,3.82747873345936,-0.160203213610583,0.649477788279773,46
2005,20.7347282608696,3.29902173913043,"Eagle Creek Park B",20.8145510396975,3.82747873345936,-0.0798227788279746,-0.528456994328923,46
2006,20.2621195652174,3.7904347826087,"Eagle Creek Park B",20.8145510396975,3.82747873345936,-0.552431474480152,-0.0370439508506619,46
2007,21.3609782608696,1.78847826086957,"Eagle Creek Park B",20.8145510396975,3.82747873345936,0.546427221172024,-2.03900047258979,46
2008,19.7207065217391,6.96782608695652,"Eagle Creek Park B",20.8145510396975,3.82747873345936,-1.09384451795841,3.14034735349716,46
2009,19.745,4.4045652173913,"Eagle Creek Park B",20.8145510396975,3.82747873345936,-1.06955103969754,0.577086483931947,46
2010,21.9463586956522,5.46586956521739,"Eagle Creek Park B",20.8145510396975,3.82747873345936,1.13180765595463,1.63839083175803,46
2011,21.811847826087,3.38586956521739,"Eagle Creek Park B",20.8145510396975,3.82747873345936,0.997296786389416,-0.441609168241966,46
2012,23.109402173913,1.12380434782609,"Eagle Creek Park B",20.8145510396975,3.82747873345936,2.2948511342155,-2.70367438563327,46
2013,20.6744565217391,3.60913043478261,"Eagle Creek Park B",20.8145510396975,3.82747873345936,-0.14009451795841,-0.218348298676749,46
2014,20.1501086956522,4.13717391304348,"Eagle Creek Park B",20.8145510396975,3.82747873345936,-0.664442344045366,0.309695179584121,46
2015,21.086847826087,5.89163043478261,"Eagle Creek Park B",20.8145510396975,3.82747873345936,0.272296786389415,2.06415170132325,46
2016,20.8454347826087,4.71086956521739,"Eagle Creek Park B",20.8145510396975,3.82747873345936,0.0308837429111541,0.883390831758033,46
2017,20.566902173913,5.14413043478261,"Eagle Creek Park B",20.8145510396975,3.82747873345936,-0.247648865784498,1.31665170132325,46
2018,22.8966847826087,3.25489130434783,"Eagle Creek Park B",20.8145510396975,3.82747873345936,2.08213374291115,-0.572587429111531,46
1992,20.9261413043478,2.50663043478261,"Rock Bridge State Park",22.4690512759924,3.9259050094518,-1.54290997164461,-1.41927457466919,46
1993,22.225597826087,5.99913043478261,"Rock Bridge State Park",22.4690512759924,3.9259050094518,-0.243453449905481,2.07322542533081,46
1994,21.9178804347826,1.65086956521739,"Rock Bridge State Park",22.4690512759924,3.9259050094518,-0.551170841209828,-2.2750354442344,46
1995,21.3874456521739,5.8720652173913,"Rock Bridge State Park",22.4690512759924,3.9259050094518,-1.08160562381853,1.94616020793951,46
1996,21.6470108695652,3.87978260869565,"Rock Bridge State Park",22.4690512759924,3.9259050094518,-0.82204040642722,-0.0461224007561438,46
1997,21.1928804347826,2.92326086956522,"Rock Bridge State Park",22.4690512759924,3.9259050094518,-1.27617084120983,-1.00264413988658,46
1998,23.2552173913043,4.44869565217391,"Rock Bridge State Park",22.4690512759924,3.9259050094518,0.786166115311911,0.522790642722117,46
1999,22.7874456521739,2.86467391304348,"Rock Bridge State Park",22.4690512759924,3.9259050094518,0.318394376181473,-1.06123109640832,46
2000,22.2740217391304,4.52282608695652,"Rock Bridge State Park",22.4690512759924,3.9259050094518,-0.195029536862002,0.596921077504725,46
2001,22.5814673913043,5.47510869565217,"Rock Bridge State Park",22.4690512759924,3.9259050094518,0.112416115311909,1.54920368620038,46
2002,22.3096195652174,4.77804347826087,"Rock Bridge State Park",22.4690512759924,3.9259050094518,-0.159431710775046,0.852138468809073,46
2003,21.5036413043478,3.32032608695652,"Rock Bridge State Park",22.4690512759924,3.9259050094518,-0.965409971644611,-0.605578922495274,46
2004,21.5742391304348,4.15869565217391,"Rock Bridge State Park",22.4690512759924,3.9259050094518,-0.894812145557655,0.232790642722117,46
2005,22.8486956521739,1.94728260869565,"Rock Bridge State Park",22.4690512759924,3.9259050094518,0.379644376181474,-1.97862240075614,46
2006,22.8835869565217,2.97739130434783,"Rock Bridge State Park",22.4690512759924,3.9259050094518,0.414535680529301,-0.94851370510397,46
2007,22.8852173913043,3.07,"Rock Bridge State Park",22.4690512759924,3.9259050094518,0.41616611531191,-0.855905009451796,46
2008,21.6135869565217,6.69989130434783,"Rock Bridge State Park",22.4690512759924,3.9259050094518,-0.855464319470698,2.77398629489603,46
2009,21.500652173913,4.78065217391304,"Rock Bridge State Park",22.4690512759924,3.9259050094518,-0.968399102079395,0.854747164461248,46
2010,23.0638043478261,6.3779347826087,"Rock Bridge State Park",22.4690512759924,3.9259050094518,0.594753071833647,2.4520297731569,46
2011,23.3582608695652,3.00641304347826,"Rock Bridge State Park",22.4690512759924,3.9259050094518,0.88920959357278,-0.919491965973535,46
2012,24.7796195652174,0.960326086956522,"Rock Bridge State Park",22.4690512759924,3.9259050094518,2.31056828922495,-2.96557892249527,46
2013,21.5432608695652,4.14630434782609,"Rock Bridge State Park",22.4690512759924,3.9259050094518,-0.925790406427222,0.220399338374291,46
2014,21.6138043478261,2.96478260869565,"Rock Bridge State Park",22.4690512759924,3.9259050094518,-0.855246928166352,-0.961122400756144,46
2015,22.4091304347826,6.7575,"Rock Bridge State Park",22.4690512759924,3.9259050094518,-0.0599208412098307,2.8315949905482,46
2016,22.7469565217391,4.7154347826087,"Rock Bridge State Park",22.4690512759924,3.9259050094518,0.277905245746691,0.7895297731569,46
2017,22.7128260869565,3.935,"Rock Bridge State Park",22.4690512759924,3.9259050094518,0.243774810964084,0.00909499054820406,46
2018,25.013097826087,2.54358695652174,"Rock Bridge State Park",22.4690512759924,3.9259050094518,2.54404655009452,-1.38231805293006,46
1992,18.8885326086957,3.84815217391304,"Van Ersvelde Farm",20.0682325141777,4.0228331758034,-1.17969990548204,-0.174681001890359,46
1993,19.6595652173913,6.80260869565217,"Van Ersvelde Farm",20.0682325141777,4.0228331758034,-0.40866729678639,2.77977551984877,46
1994,20.0101086956522,2.87271739130435,"Van Ersvelde Farm",20.0682325141777,4.0228331758034,-0.0581238185255195,-1.15011578449905,46
1995,19.7167934782609,3.77076086956522,"Van Ersvelde Farm",20.0682325141777,4.0228331758034,-0.351439035916826,-0.252072306238185,46
1996,18.7558695652174,4.94945652173913,"Van Ersvelde Farm",20.0682325141777,4.0228331758034,-1.3123629489603,0.926623345935728,46
1997,19.0564673913043,3.38684782608696,"Van Ersvelde Farm",20.0682325141777,4.0228331758034,-1.01176512287335,-0.635985349716446,46
1998,20.3034239130435,4.73847826086956,"Van Ersvelde Farm",20.0682325141777,4.0228331758034,0.235191398865783,0.715645085066162,46
1999,20.4503804347826,3.93130434782609,"Van Ersvelde Farm",20.0682325141777,4.0228331758034,0.382147920604915,-0.0915288279773154,46
2000,19.4957608695652,4.51934782608696,"Van Ersvelde Farm",20.0682325141777,4.0228331758034,-0.572471644612477,0.496514650283554,46
2001,19.7876086956522,3.3279347826087,"Van Ersvelde Farm",20.0682325141777,4.0228331758034,-0.28062381852552,-0.694898393194707,46
2002,20.0871195652174,3.52467391304348,"Van Ersvelde Farm",20.0682325141777,4.0228331758034,0.0188870510396981,-0.498159262759924,46
2003,18.8047282608696,3.95021739130435,"Van Ersvelde Farm",20.0682325141777,4.0228331758034,-1.26350425330813,-0.0726157844990545,46
2004,18.7653260869565,4.10663043478261,"Van Ersvelde Farm",20.0682325141777,4.0228331758034,-1.30290642722117,0.0837972589792066,46
2005,19.9248369565217,3.8354347826087,"Van Ersvelde Farm",20.0682325141777,4.0228331758034,-0.143395557655957,-0.187398393194707,46
2006,20.3216304347826,2.14163043478261,"Van Ersvelde Farm",20.0682325141777,4.0228331758034,0.253397920604915,-1.88120274102079,46
2007,20.6203804347826,3.61608695652174,"Van Ersvelde Farm",20.0682325141777,4.0228331758034,0.552147920604913,-0.406746219281663,46
2008,18.8728804347826,6.13836956521739,"Van Ersvelde Farm",20.0682325141777,4.0228331758034,-1.19535207939509,2.11553638941399,46
2009,18.5627717391304,4.1645652173913,"Van Ersvelde Farm",20.0682325141777,4.0228331758034,-1.50546077504726,0.141732041587902,46
2010,20.4020108695652,7.59532608695652,"Van Ersvelde Farm",20.0682325141777,4.0228331758034,0.333778355387523,3.57249291115312,46
2011,20.6095108695652,4.2104347826087,"Van Ersvelde Farm",20.0682325141777,4.0228331758034,0.541278355387522,0.187601606805293,46
2012,22.0376086956522,1.61836956521739,"Van Ersvelde Farm",20.0682325141777,4.0228331758034,1.96937618147448,-2.40446361058601,46
2013,19.1963586956522,5.77358695652174,"Van Ersvelde Farm",20.0682325141777,4.0228331758034,-0.871873818525522,1.75075378071834,46
2014,19.0047826086957,5.36815217391304,"Van Ersvelde Farm",20.0682325141777,4.0228331758034,-1.06344990548204,1.34531899810964,46
2015,19.5066304347826,5.37358695652174,"Van Ersvelde Farm",20.0682325141777,4.0228331758034,-0.561602079395087,1.35075378071834,46
2016,19.9530434782609,3.66097826086957,"Van Ersvelde Farm",20.0682325141777,4.0228331758034,-0.115189035916824,-0.361854914933837,46
2017,20.0520652173913,2.38336956521739,"Van Ersvelde Farm",20.0682325141777,4.0228331758034,-0.0161672967863886,-1.63946361058601,46
2018,21.8402717391304,4.37369565217391,"Van Ersvelde Farm",20.0682325141777,4.0228331758034,1.77203922495274,0.35086247637051,46
1992,20.5665760869565,2.98576086956522,"Sprinfield CWLP Hope Sch.",21.7291316162571,3.59816398865784,-1.16255552930057,-0.612403119092628,46
1993,21.7786956521739,4.91717391304348,"Sprinfield CWLP Hope Sch.",21.7291316162571,3.59816398865784,0.0495640359168235,1.31900992438563,46
1994,21.325652173913,3.0375,"Sprinfield CWLP Hope Sch.",21.7291316162571,3.59816398865784,-0.403479442344047,-0.560663988657845,46
1995,21.3345108695652,3.95141304347826,"Sprinfield CWLP Hope Sch.",21.7291316162571,3.59816398865784,-0.394620746691871,0.353249054820416,46
1996,20.8144565217391,4.20434782608696,"Sprinfield CWLP Hope Sch.",21.7291316162571,3.59816398865784,-0.914675094517957,0.606183837429112,46
1997,20.2939130434783,1.56652173913043,"Sprinfield CWLP Hope Sch.",21.7291316162571,3.59816398865784,-1.43521857277883,-2.03164224952741,46
1998,22.3654891304348,4.40304347826087,"Sprinfield CWLP Hope Sch.",21.7291316162571,3.59816398865784,0.636357514177693,0.804879489603024,46
1999,22.1829347826087,2.35391304347826,"Sprinfield CWLP Hope Sch.",21.7291316162571,3.59816398865784,0.453803166351605,-1.24425094517958,46
2000,21.0952717391304,3.65369565217391,"Sprinfield CWLP Hope Sch.",21.7291316162571,3.59816398865784,-0.633859877126653,0.0555316635160681,46
2001,21.4514130434783,2.97934782608696,"Sprinfield CWLP Hope Sch.",21.7291316162571,3.59816398865784,-0.277718572778827,-0.618816162570889,46
2002,21.6215217391304,5.06826086956522,"Sprinfield CWLP Hope Sch.",21.7291316162571,3.59816398865784,-0.107609877126652,1.47009688090737,46
2003,20.2021739130435,3.97152173913043,"Sprinfield CWLP Hope Sch.",21.7291316162571,3.59816398865784,-1.52695770321361,0.37335775047259,46
2004,21.0045108695652,3.77315217391304,"Sprinfield CWLP Hope Sch.",21.7291316162571,3.59816398865784,-0.724620746691873,0.174988185255199,46
2005,21.8699456521739,1.76576086956522,"Sprinfield CWLP Hope Sch.",21.7291316162571,3.59816398865784,0.140814035916826,-1.83240311909263,46
2006,21.7184782608696,2.57891304347826,"Sprinfield CWLP Hope Sch.",21.7291316162571,3.59816398865784,-0.0106533553875217,-1.01925094517958,46
2007,21.95125,2.51630434782609,"Sprinfield CWLP Hope Sch.",21.7291316162571,3.59816398865784,0.222118383742913,-1.08185964083176,46
2008,20.5654347826087,5.51663043478261,"Sprinfield CWLP Hope Sch.",21.7291316162571,3.59816398865784,-1.16369683364839,1.91846644612476,46
2009,20.6724456521739,3.90652173913043,"Sprinfield CWLP Hope Sch.",21.7291316162571,3.59816398865784,-1.05668596408318,0.30835775047259,46
2010,22.5376630434783,6.11782608695652,"Sprinfield CWLP Hope Sch.",21.7291316162571,3.59816398865784,0.808531427221173,2.51966209829868,46
2011,22.5859239130435,3.37934782608696,"Sprinfield CWLP Hope Sch.",21.7291316162571,3.59816398865784,0.856792296786388,-0.218816162570888,46
2012,23.5979347826087,1.12119565217391,"Sprinfield CWLP Hope Sch.",21.7291316162571,3.59816398865784,1.86880316635161,-2.47696833648393,46
2013,21.1754347826087,4.50010869565217,"Sprinfield CWLP Hope Sch.",21.7291316162571,3.59816398865784,-0.553696833648392,0.901944706994329,46
2014,21.0192391304348,3.09586956521739,"Sprinfield CWLP Hope Sch.",21.7291316162571,3.59816398865784,-0.709892485822305,-0.502294423440454,46
2015,21.8072282608696,5.79032608695652,"Sprinfield CWLP Hope Sch.",21.7291316162571,3.59816398865784,0.0780966446124758,2.19216209829868,46
2016,21.931847826087,3.65119565217391,"Sprinfield CWLP Hope Sch.",21.7291316162571,3.59816398865784,0.20271620982987,0.0530316635160681,46
2017,21.9346739130435,3.44086956521739,"Sprinfield CWLP Hope Sch.",21.7291316162571,3.59816398865784,0.20554229678639,-0.157294423440454,46
2018,23.6428804347826,4.40836956521739,"Sprinfield CWLP Hope Sch.",21.7291316162571,3.59816398865784,1.91374881852552,0.810205576559547,46
1992,18.0561413043478,2.51923913043478,"GSU Field Station",19.9457880434783,3.83849952741021,-1.88964673913043,-1.31926039697543,46
1993,19.9600543478261,5.20239130434783,"GSU Field Station",19.9457880434783,3.83849952741021,0.0142663043478279,1.36389177693762,46
1994,19.3788043478261,3.58467391304348,"GSU Field Station",19.9457880434783,3.83849952741021,-0.566983695652173,-0.25382561436673,46
1995,20.2626086956522,3.18684782608696,"GSU Field Station",19.9457880434783,3.83849952741021,0.316820652173913,-0.651651701323252,46
1996,18.3871739130435,6.54380434782609,"GSU Field Station",19.9457880434783,3.83849952741021,-1.55861413043478,2.70530482041588,46
1997,18.4495108695652,3.71445652173913,"GSU Field Station",19.9457880434783,3.83849952741021,-1.49627717391304,-0.124043005671078,46
1998,20.8241847826087,3.85576086956522,"GSU Field Station",19.9457880434783,3.83849952741021,0.878396739130437,0.0172613421550092,46
1999,21.449347826087,3.4675,"GSU Field Station",19.9457880434783,3.83849952741021,1.5035597826087,-0.370999527410208,46
2000,19.6178260869565,4.94010869565217,"GSU Field Station",19.9457880434783,3.83849952741021,-0.327961956521737,1.10160916824197,46
2001,19.9960326086957,3.18771739130435,"GSU Field Station",19.9457880434783,3.83849952741021,0.050244565217394,-0.65078213610586,46
2002,19.9066304347826,3.6329347826087,"GSU Field Station",19.9457880434783,3.83849952741021,-0.0391576086956498,-0.205564744801512,46
2003,18.291847826087,4.90402173913043,"GSU Field Station",19.9457880434783,3.83849952741021,-1.6539402173913,1.06552221172023,46
2004,19.4055434782609,3.69826086956522,"GSU Field Station",19.9457880434783,3.83849952741021,-0.540244565217389,-0.140238657844991,46
2005,20.6420652173913,2.30195652173913,"GSU Field Station",19.9457880434783,3.83849952741021,0.696277173913046,-1.53654300567108,46
2006,19.8677173913043,4.44097826086957,"GSU Field Station",19.9457880434783,3.83849952741021,-0.0780706521739098,0.602478733459357,46
2007,20.5958695652174,2.91423913043478,"GSU Field Station",19.9457880434783,3.83849952741021,0.650081521739132,-0.924260396975425,46
2008,19.0717391304348,3.50195652173913,"GSU Field Station",19.9457880434783,3.83849952741021,-0.874048913043477,-0.336543005671078,46
2009,18.8729891304348,3.40195652173913,"GSU Field Station",19.9457880434783,3.83849952741021,-1.07279891304348,-0.436543005671078,46
2010,21.0210869565217,5.47869565217391,"GSU Field Station",19.9457880434783,3.83849952741021,1.07529891304348,1.64019612476371,46
2011,20.6085869565217,4.97510869565217,"GSU Field Station",19.9457880434783,3.83849952741021,0.662798913043478,1.13660916824197,46
2012,21.8342934782609,3.18010869565217,"GSU Field Station",19.9457880434783,3.83849952741021,1.88850543478261,-0.658390831758034,46
2013,19.4989673913043,3.09739130434783,"GSU Field Station",19.9457880434783,3.83849952741021,-0.446820652173912,-0.741108223062382,46
2014,19.2547826086957,4.95891304347826,"GSU Field Station",19.9457880434783,3.83849952741021,-0.691005434782607,1.12041351606805,46
2015,19.7094565217391,5.05184782608696,"GSU Field Station",19.9457880434783,3.83849952741021,-0.236331521739128,1.21334829867675,46
2016,20.1366304347826,4.00532608695652,"GSU Field Station",19.9457880434783,3.83849952741021,0.190842391304351,0.166826559546313,46
2017,19.6908152173913,4.03347826086956,"GSU Field Station",19.9457880434783,3.83849952741021,-0.254972826086956,0.194978733459357,46
2018,21.5258695652174,3.99673913043478,"GSU Field Station",19.9457880434783,3.83849952741021,1.58008152173913,0.158239603024575,46
1992,19.2851630434783,3.79978260869565,"Kent Farm Banding Station",21.2267663043478,3.94263941398866,-1.94160326086957,-0.142856805293006,46
1993,21.1521195652174,3.74163043478261,"Kent Farm Banding Station",21.2267663043478,3.94263941398866,-0.0746467391304364,-0.201008979206049,46
1994,20.5053804347826,2.0829347826087,"Kent Farm Banding Station",21.2267663043478,3.94263941398866,-0.721385869565218,-1.85970463137996,46
1995,20.998097826087,4.36847826086957,"Kent Farm Banding Station",21.2267663043478,3.94263941398866,-0.228668478260872,0.425838846880908,46
1996,20.34875,4.94836956521739,"Kent Farm Banding Station",21.2267663043478,3.94263941398866,-0.878016304347828,1.00573015122873,46
1997,19.5025,4.07413043478261,"Kent Farm Banding Station",21.2267663043478,3.94263941398866,-1.72426630434783,0.131491020793951,46
1998,21.630597826087,6.19836956521739,"Kent Farm Banding Station",21.2267663043478,3.94263941398866,0.403831521739129,2.25573015122873,46
1999,22.1184239130435,2.82271739130435,"Kent Farm Banding Station",21.2267663043478,3.94263941398866,0.891657608695652,-1.11992202268431,46
2000,20.9861956521739,4.17880434782609,"Kent Farm Banding Station",21.2267663043478,3.94263941398866,-0.240570652173915,0.236164933837429,46
2001,20.9813043478261,4.3395652173913,"Kent Farm Banding Station",21.2267663043478,3.94263941398866,-0.245461956521741,0.396925803402647,46
2002,21.3320108695652,4.39923913043478,"Kent Farm Banding Station",21.2267663043478,3.94263941398866,0.10524456521739,0.456599716446125,46
2003,19.706902173913,5.55467391304348,"Kent Farm Banding Station",21.2267663043478,3.94263941398866,-1.51986413043478,1.61203449905482,46
2004,21.3596739130435,5.16282608695652,"Kent Farm Banding Station",21.2267663043478,3.94263941398866,0.132907608695653,1.22018667296786,46
2005,21.133152173913,3.56619565217391,"Kent Farm Banding Station",21.2267663043478,3.94263941398866,-0.0936141304347835,-0.376443761814745,46
2006,20.6622826086957,4.57597826086957,"Kent Farm Banding Station",21.2267663043478,3.94263941398866,-0.564483695652175,0.633338846880907,46
2007,21.4636413043478,2.5170652173913,"Kent Farm Banding Station",21.2267663043478,3.94263941398866,0.236874999999998,-1.42557419659735,46
2008,20.11125,6.20032608695652,"Kent Farm Banding Station",21.2267663043478,3.94263941398866,-1.11551630434783,2.25768667296786,46
2009,20.1559782608696,4.95923913043478,"Kent Farm Banding Station",21.2267663043478,3.94263941398866,-1.07078804347826,1.01659971644612,46
2010,22.3690217391304,4.01478260869565,"Kent Farm Banding Station",21.2267663043478,3.94263941398866,1.14225543478261,0.0721431947069946,46
2011,22.0872826086957,3.73173913043478,"Kent Farm Banding Station",21.2267663043478,3.94263941398866,0.860516304347826,-0.210900283553875,46
2012,23.4488043478261,1.33858695652174,"Kent Farm Banding Station",21.2267663043478,3.94263941398866,2.22203804347826,-2.60405245746692,46
2013,21.1715217391304,3.80978260869565,"Kent Farm Banding Station",21.2267663043478,3.94263941398866,-0.055244565217393,-0.132856805293005,46
2014,20.881847826087,3.70728260869565,"Kent Farm Banding Station",21.2267663043478,3.94263941398866,-0.344918478260869,-0.235356805293006,46
2015,21.6096739130435,5.10195652173913,"Kent Farm Banding Station",21.2267663043478,3.94263941398866,0.382907608695653,1.15931710775047,46
2016,21.225,3.91989130434783,"Kent Farm Banding Station",21.2267663043478,3.94263941398866,-0.0017663043478251,-0.022748109640832,46
2017,20.9767934782609,4.29391304347826,"Kent Farm Banding Station",21.2267663043478,3.94263941398866,-0.249972826086957,0.351273629489603,46
2018,23.1616847826087,3.21847826086957,"Kent Farm Banding Station",21.2267663043478,3.94263941398866,1.93491847826087,-0.724161153119093,46
1992,18.8384782608696,4.20858695652174,"Brukner Nature Center",20.6328201795841,3.68459593572779,-1.79434191871456,0.523991020793951,46
1993,20.5723369565217,3.65739130434783,"Brukner Nature Center",20.6328201795841,3.68459593572779,-0.0604832230623842,-0.0272046313799623,46
1994,20.274347826087,2.66152173913043,"Brukner Nature Center",20.6328201795841,3.68459593572779,-0.358472353497167,-1.02307419659735,46
1995,20.440597826087,4.28532608695652,"Brukner Nature Center",20.6328201795841,3.68459593572779,-0.192222353497165,0.600730151228733,46
1996,19.6682608695652,5.16934782608696,"Brukner Nature Center",20.6328201795841,3.68459593572779,-0.964559310018906,1.48475189035917,46
1997,18.9264673913043,3.64380434782609,"Brukner Nature Center",20.6328201795841,3.68459593572779,-1.70635278827977,-0.0407915879017016,46
1998,21.1111413043478,4.52239130434783,"Brukner Nature Center",20.6328201795841,3.68459593572779,0.478321124763703,0.837795368620037,46
1999,21.8139673913043,2.85978260869565,"Brukner Nature Center",20.6328201795841,3.68459593572779,1.18114721172023,-0.824813327032136,46
2000,20.355652173913,3.37619565217391,"Brukner Nature Center",20.6328201795841,3.68459593572779,-0.277168005671079,-0.308400283553875,46
2001,20.3729891304348,3.98934782608696,"Brukner Nature Center",20.6328201795841,3.68459593572779,-0.259831049149341,0.304751890359168,46
2002,20.8334239130435,3.05717391304348,"Brukner Nature Center",20.6328201795841,3.68459593572779,0.200603733459356,-0.62742202268431,46
2003,19.2463586956522,5.14195652173913,"Brukner Nature Center",20.6328201795841,3.68459593572779,-1.38646148393195,1.45736058601134,46
2004,20.6309782608696,4.4995652173913,"Brukner Nature Center",20.6328201795841,3.68459593572779,-0.00184191871455752,0.814969281663516,46
2005,20.6638586956522,2.37532608695652,"Brukner Nature Center",20.6328201795841,3.68459593572779,0.0310385160680511,-1.30926984877127,46
2006,20.2049456521739,4.48619565217391,"Brukner Nature Center",20.6328201795841,3.68459593572779,-0.427874527410211,0.801599716446125,46
2007,20.9558152173913,2.10934782608696,"Brukner Nature Center",20.6328201795841,3.68459593572779,0.322995037807182,-1.57524810964083,46
2008,19.7802717391304,4.61239130434783,"Brukner Nature Center",20.6328201795841,3.68459593572779,-0.852548440453688,0.927795368620037,46
2009,19.9415217391304,3.32445652173913,"Brukner Nature Center",20.6328201795841,3.68459593572779,-0.691298440453689,-0.360139413988658,46
2010,21.9121195652174,4.35076086956522,"Brukner Nature Center",20.6328201795841,3.68459593572779,1.27929938563327,0.666164933837429,46
2011,21.874402173913,3.5225,"Brukner Nature Center",20.6328201795841,3.68459593572779,1.24158199432892,-0.162095935727788,46
2012,22.7328260869565,2.42576086956522,"Brukner Nature Center",20.6328201795841,3.68459593572779,2.1000059073724,-1.25883506616257,46
2013,20.6224456521739,3.1804347826087,"Brukner Nature Center",20.6328201795841,3.68459593572779,-0.0103745274102103,-0.504161153119093,46
2014,19.9529347826087,3.21923913043478,"Brukner Nature Center",20.6328201795841,3.68459593572779,-0.679885396975425,-0.465356805293006,46
2015,20.9109782608696,4.21402173913043,"Brukner Nature Center",20.6328201795841,3.68459593572779,0.278158081285444,0.529425803402646,46
2016,20.7759782608696,2.76521739130435,"Brukner Nature Center",20.6328201795841,3.68459593572779,0.143158081285442,-0.919378544423441,46
2017,20.3907065217391,5.28021739130435,"Brukner Nature Center",20.6328201795841,3.68459593572779,-0.242113657844993,1.59562145557656,46
2018,22.4845652173913,3.8745652173913,"Brukner Nature Center",20.6328201795841,3.68459593572779,1.85174503780718,0.189969281663516,46
1992,21.9475543478261,4.18173913043478,"Nature Conservancy 1",23.6307561436673,4.40010633270321,-1.68320179584121,-0.218367202268431,46
1993,23.2132608695652,5.4179347826087,"Nature Conservancy 1",23.6307561436673,4.40010633270321,-0.41749527410208,1.01782844990548,46
1994,23.4272826086957,3.87086956521739,"Nature Conservancy 1",23.6307561436673,4.40010633270321,-0.203473534971646,-0.529236767485822,46
1995,22.1475543478261,6.85923913043478,"Nature Conservancy 1",23.6307561436673,4.40010633270321,-1.48320179584121,2.45913279773157,46
1996,24.4009239130435,2.2679347826087,"Nature Conservancy 1",23.6307561436673,4.40010633270321,0.770167769376179,-2.13217155009452,46
1997,22.5809782608696,4.74326086956522,"Nature Conservancy 1",23.6307561436673,4.40010633270321,-1.04977788279773,0.343154536862004,46
1998,24.9521739130435,3.77608695652174,"Nature Conservancy 1",23.6307561436673,4.40010633270321,1.32141776937618,-0.624019376181475,46
1999,23.035652173913,5.62021739130435,"Nature Conservancy 1",23.6307561436673,4.40010633270321,-0.595103969754256,1.22011105860113,46
2000,23.1023913043478,5.42467391304348,"Nature Conservancy 1",23.6307561436673,4.40010633270321,-0.528364839319472,1.02456758034026,46
2001,24.6860326086957,2.92282608695652,"Nature Conservancy 1",23.6307561436673,4.40010633270321,1.05527646502835,-1.47728024574669,46
2002,23.0797282608696,4.73195652173913,"Nature Conservancy 1",23.6307561436673,4.40010633270321,-0.551027882797733,0.331850189035917,46
2003,23.2034239130435,3.52989130434783,"Nature Conservancy 1",23.6307561436673,4.40010633270321,-0.427332230623819,-0.870215028355387,46
2004,22.8107608695652,4.71597826086956,"Nature Conservancy 1",23.6307561436673,4.40010633270321,-0.81999527410208,0.315871928166351,46
2005,23.4923913043478,4.07097826086957,"Nature Conservancy 1",23.6307561436673,4.40010633270321,-0.138364839319472,-0.329128071833648,46
2006,24.2863043478261,2.18380434782609,"Nature Conservancy 1",23.6307561436673,4.40010633270321,0.655548204158787,-2.21630198487713,46
2007,23.2197826086957,8.94467391304348,"Nature Conservancy 1",23.6307561436673,4.40010633270321,-0.410973534971646,4.54456758034027,46
2008,23.3654891304348,7.53271739130435,"Nature Conservancy 1",23.6307561436673,4.40010633270321,-0.265267013232517,3.13261105860113,46
2009,23.0838043478261,3.86260869565217,"Nature Conservancy 1",23.6307561436673,4.40010633270321,-0.54695179584121,-0.53749763705104,46
2010,24.1702173913043,5.78532608695652,"Nature Conservancy 1",23.6307561436673,4.40010633270321,0.53946124763705,1.38521975425331,46
2011,25.3845108695652,2.67782608695652,"Nature Conservancy 1",23.6307561436673,4.40010633270321,1.75375472589792,-1.72228024574669,46
2012,25.5682065217391,1.89826086956522,"Nature Conservancy 1",23.6307561436673,4.40010633270321,1.93745037807183,-2.501845463138,46
2013,22.7614673913043,5.44619565217391,"Nature Conservancy 1",23.6307561436673,4.40010633270321,-0.869288752362952,1.0460893194707,46
2014,22.7560869565217,4.72184782608696,"Nature Conservancy 1",23.6307561436673,4.40010633270321,-0.87466918714556,0.321741493383743,46
2015,23.5239130434783,6.57217391304348,"Nature Conservancy 1",23.6307561436673,4.40010633270321,-0.106843100189039,2.17206758034026,46
2016,23.6494565217391,4.3029347826087,"Nature Conservancy 1",23.6307561436673,4.40010633270321,0.0187003780718307,-0.0971715500945178,46
2017,23.320652173913,3.41380434782609,"Nature Conservancy 1",23.6307561436673,4.40010633270321,-0.310103969754255,-0.986301984877127,46
2018,25.0676630434783,4.57271739130435,"Nature Conservancy 1",23.6307561436673,4.40010633270321,1.43690689981096,0.172611058601134,46
1992,21.9270108695652,4.21021739130435,"Nature Conservancy 2",23.5974314744801,4.34379489603025,-1.67042060491493,-0.133577504725897,46
1993,23.1941847826087,5.42076086956522,"Nature Conservancy 2",23.5974314744801,4.34379489603025,-0.403246691871455,1.07696597353497,46
1994,23.4309239130435,3.82195652173913,"Nature Conservancy 2",23.5974314744801,4.34379489603025,-0.166507561436671,-0.521838374291115,46
1995,22.1301086956522,6.7495652173913,"Nature Conservancy 2",23.5974314744801,4.34379489603025,-1.46732277882798,2.40577032136106,46
1996,24.3872282608696,2.18054347826087,"Nature Conservancy 2",23.5974314744801,4.34379489603025,0.789796786389417,-2.16325141776938,46
1997,22.5466847826087,4.78260869565217,"Nature Conservancy 2",23.5974314744801,4.34379489603025,-1.05074669187145,0.438813799621928,46
1998,24.9134782608696,3.75228260869565,"Nature Conservancy 2",23.5974314744801,4.34379489603025,1.31604678638941,-0.591512287334593,46
1999,22.9863586956522,5.77108695652174,"Nature Conservancy 2",23.5974314744801,4.34379489603025,-0.611072778827975,1.42729206049149,46
2000,23.0552173913043,5.03489130434783,"Nature Conservancy 2",23.5974314744801,4.34379489603025,-0.542214083175804,0.691096408317581,46
2001,24.6509782608696,2.87923913043478,"Nature Conservancy 2",23.5974314744801,4.34379489603025,1.05354678638941,-1.46455576559546,46
2002,23.0558152173913,4.69989130434783,"Nature Conservancy 2",23.5974314744801,4.34379489603025,-0.541616257088844,0.356096408317581,46
2003,23.1533695652174,3.59641304347826,"Nature Conservancy 2",23.5974314744801,4.34379489603025,-0.444061909262757,-0.747381852551984,46
2004,22.7834239130435,5.15597826086957,"Nature Conservancy 2",23.5974314744801,4.34379489603025,-0.814007561436672,0.81218336483932,46
2005,23.4775,4.15369565217391,"Nature Conservancy 2",23.5974314744801,4.34379489603025,-0.119931474480151,-0.190099243856332,46
2006,24.2653804347826,2.37565217391304,"Nature Conservancy 2",23.5974314744801,4.34379489603025,0.667948960302457,-1.9681427221172,46
2007,23.1777173913043,8.35706521739131,"Nature Conservancy 2",23.5974314744801,4.34379489603025,-0.419714083175801,4.01327032136106,46
2008,23.2985326086957,7.31652173913043,"Nature Conservancy 2",23.5974314744801,4.34379489603025,-0.298898865784498,2.97272684310019,46
2009,23.0194565217391,3.8875,"Nature Conservancy 2",23.5974314744801,4.34379489603025,-0.57797495274102,-0.456294896030245,46
2010,24.1171195652174,5.39369565217391,"Nature Conservancy 2",23.5974314744801,4.34379489603025,0.51968809073724,1.04990075614367,46
2011,25.3360326086957,2.88347826086957,"Nature Conservancy 2",23.5974314744801,4.34379489603025,1.7386011342155,-1.46031663516068,46
2012,25.5723369565217,1.88815217391304,"Nature Conservancy 2",23.5974314744801,4.34379489603025,1.97490548204159,-2.4556427221172,46
2013,22.7283695652174,5.48663043478261,"Nature Conservancy 2",23.5974314744801,4.34379489603025,-0.869061909262758,1.14283553875236,46
2014,22.7158695652174,4.64478260869565,"Nature Conservancy 2",23.5974314744801,4.34379489603025,-0.881561909262757,0.300987712665407,46
2015,23.4767391304348,6.54380434782609,"Nature Conservancy 2",23.5974314744801,4.34379489603025,-0.120692344045366,2.20000945179584,46
2016,23.5901086956522,3.94086956521739,"Nature Conservancy 2",23.5974314744801,4.34379489603025,-0.00732277882797661,-0.402925330812854,46
2017,23.2702173913043,3.06717391304348,"Nature Conservancy 2",23.5974314744801,4.34379489603025,-0.327214083175804,-1.27662098298677,46
2018,24.9888043478261,4.71054347826087,"Nature Conservancy 2",23.5974314744801,4.34379489603025,1.39137287334594,0.366748582230624,46
1992,21.8886413043478,4.0895652173913,"Nature Conservancy 3",23.5619387996219,4.39177930056711,-1.6732974952741,-0.302214083175803,46
1993,23.1464130434783,5.21358695652174,"Nature Conservancy 3",23.5619387996219,4.39177930056711,-0.415525756143666,0.821807655954632,46
1994,23.4044565217391,3.78858695652174,"Nature Conservancy 3",23.5619387996219,4.39177930056711,-0.157482277882796,-0.603192344045369,46
1995,22.0911956521739,6.86097826086957,"Nature Conservancy 3",23.5619387996219,4.39177930056711,-1.47074314744802,2.46919896030246,46
1996,24.3210326086957,2.20510869565217,"Nature Conservancy 3",23.5619387996219,4.39177930056711,0.759093809073725,-2.18667060491493,46
1997,22.5035326086957,4.79532608695652,"Nature Conservancy 3",23.5619387996219,4.39177930056711,-1.05840619092627,0.403546786389414,46
1998,24.8766304347826,3.71195652173913,"Nature Conservancy 3",23.5619387996219,4.39177930056711,1.31469163516068,-0.679822778827977,46
1999,22.9649456521739,5.74586956521739,"Nature Conservancy 3",23.5619387996219,4.39177930056711,-0.596993147448014,1.35409026465028,46
2000,23.0354891304348,4.95673913043478,"Nature Conservancy 3",23.5619387996219,4.39177930056711,-0.526449669187144,0.564959829867675,46
2001,24.6117391304348,2.83565217391304,"Nature Conservancy 3",23.5619387996219,4.39177930056711,1.04980033081285,-1.55612712665406,46
2002,23.0358695652174,4.70108695652174,"Nature Conservancy 3",23.5619387996219,4.39177930056711,-0.526069234404535,0.309307655954631,46
2003,23.1041847826087,3.69467391304348,"Nature Conservancy 3",23.5619387996219,4.39177930056711,-0.457754017013233,-0.697105387523629,46
2004,22.7391304347826,5.21771739130435,"Nature Conservancy 3",23.5619387996219,4.39177930056711,-0.822808364839318,0.82593809073724,46
2005,23.4448913043478,4.23173913043478,"Nature Conservancy 3",23.5619387996219,4.39177930056711,-0.1170474952741,-0.160040170132326,46
2006,24.2076630434783,2.33717391304348,"Nature Conservancy 3",23.5619387996219,4.39177930056711,0.645724243856332,-2.05460538752363,46
2007,23.1507065217391,8.44347826086956,"Nature Conservancy 3",23.5619387996219,4.39177930056711,-0.411232277882796,4.05169896030246,46
2008,23.2442934782609,7.56630434782609,"Nature Conservancy 3",23.5619387996219,4.39177930056711,-0.317645321361059,3.17452504725898,46
2009,22.9940760869565,3.93673913043478,"Nature Conservancy 3",23.5619387996219,4.39177930056711,-0.567862712665406,-0.455040170132325,46
2010,24.1001086956522,5.29532608695652,"Nature Conservancy 3",23.5619387996219,4.39177930056711,0.538169896030247,0.903546786389414,46
2011,25.3001086956522,2.87717391304348,"Nature Conservancy 3",23.5619387996219,4.39177930056711,1.73816989603025,-1.51460538752363,46
2012,25.5485869565217,2.1170652173913,"Nature Conservancy 3",23.5619387996219,4.39177930056711,1.98664815689981,-2.2747140831758,46
2013,22.6953804347826,5.41358695652174,"Nature Conservancy 3",23.5619387996219,4.39177930056711,-0.866558364839317,1.02180765595463,46
2014,22.6645652173913,4.46282608695652,"Nature Conservancy 3",23.5619387996219,4.39177930056711,-0.897373582230625,0.071046786389414,46
2015,23.4474456521739,6.58989130434783,"Nature Conservancy 3",23.5619387996219,4.39177930056711,-0.114493147448016,2.19811200378072,46
2016,23.554402173913,4.49804347826087,"Nature Conservancy 3",23.5619387996219,4.39177930056711,-0.0075366257088838,0.106264177693761,46
2017,23.2348369565217,3.07782608695652,"Nature Conservancy 3",23.5619387996219,4.39177930056711,-0.327101843100188,-1.31395321361059,46
2018,24.9565217391304,4.84923913043478,"Nature Conservancy 3",23.5619387996219,4.39177930056711,1.39458293950851,0.457459829867675,46
1992,21.7978260869565,4.09358695652174,"Nature Conservancy 4",23.4972235349716,4.47278827977316,-1.69939744801512,-0.379201323251418,46
1993,23.0335869565217,5.24445652173913,"Nature Conservancy 4",23.4972235349716,4.47278827977316,-0.463636578449908,0.771668241965974,46
1994,23.3153804347826,3.8329347826087,"Nature Conservancy 4",23.4972235349716,4.47278827977316,-0.181843100189038,-0.639853497164462,46
1995,22.0003260869565,7.04380434782609,"Nature Conservancy 4",23.4972235349716,4.47278827977316,-1.49689744801512,2.57101606805293,46
1996,24.2122282608696,2.31576086956522,"Nature Conservancy 4",23.4972235349716,4.47278827977316,0.71500472589792,-2.15702741020794,46
1997,22.4077173913043,4.88086956521739,"Nature Conservancy 4",23.4972235349716,4.47278827977316,-1.0895061436673,0.408081285444235,46
1998,24.7798913043478,3.70489130434783,"Nature Conservancy 4",23.4972235349716,4.47278827977316,1.28266776937618,-0.767896975425331,46
1999,22.8964130434783,5.72380434782609,"Nature Conservancy 4",23.4972235349716,4.47278827977316,-0.600810491493384,1.25101606805293,46
2000,22.9791304347826,5.52413043478261,"Nature Conservancy 4",23.4972235349716,4.47278827977316,-0.518093100189038,1.05134215500945,46
2001,24.5576630434783,2.91119565217391,"Nature Conservancy 4",23.4972235349716,4.47278827977316,1.06043950850662,-1.56159262759924,46
2002,22.9644565217391,4.78097826086957,"Nature Conservancy 4",23.4972235349716,4.47278827977316,-0.532767013232515,0.308189981096408,46
2003,23.03375,3.71521739130435,"Nature Conservancy 4",23.4972235349716,4.47278827977316,-0.463473534971644,-0.757570888468809,46
2004,22.6634239130435,5.05673913043478,"Nature Conservancy 4",23.4972235349716,4.47278827977316,-0.833799621928168,0.583950850661625,46
2005,23.3857065217391,4.23108695652174,"Nature Conservancy 4",23.4972235349716,4.47278827977316,-0.111517013232515,-0.241701323251418,46
2006,24.1491847826087,2.09141304347826,"Nature Conservancy 4",23.4972235349716,4.47278827977316,0.65196124763705,-2.3813752362949,46
2007,23.1046739130435,8.80565217391304,"Nature Conservancy 4",23.4972235349716,4.47278827977316,-0.392549621928168,4.33286389413989,46
2008,23.1776630434783,7.84108695652174,"Nature Conservancy 4",23.4972235349716,4.47278827977316,-0.319560491493384,3.36829867674858,46
2009,22.9670652173913,3.77760869565217,"Nature Conservancy 4",23.4972235349716,4.47278827977316,-0.530158317580341,-0.695179584120983,46
2010,24.0528260869565,5.86717391304348,"Nature Conservancy 4",23.4972235349716,4.47278827977316,0.555602551984876,1.39438563327032,46
2011,25.2213586956522,2.87641304347826,"Nature Conservancy 4",23.4972235349716,4.47278827977316,1.72413516068053,-1.5963752362949,46
2012,25.4342934782609,2.13434782608696,"Nature Conservancy 4",23.4972235349716,4.47278827977316,1.93706994328922,-2.3384404536862,46
2013,22.623097826087,5.64891304347826,"Nature Conservancy 4",23.4972235349716,4.47278827977316,-0.874125708884691,1.1761247637051,46
2014,22.5922826086957,4.47804347826087,"Nature Conservancy 4",23.4972235349716,4.47278827977316,-0.904940926275994,0.0052551984877125,46
2015,23.4177173913043,6.61673913043478,"Nature Conservancy 4",23.4972235349716,4.47278827977316,-0.0795061436672988,2.14395085066163,46
2016,23.5042934782609,4.32586956521739,"Nature Conservancy 4",23.4972235349716,4.47278827977316,0.00706994328922406,-0.146918714555766,46
2017,23.1757065217391,3.03641304347826,"Nature Conservancy 4",23.4972235349716,4.47278827977316,-0.321517013232516,-1.4363752362949,46
2018,24.9470108695652,4.81032608695652,"Nature Conservancy 4",23.4972235349716,4.47278827977316,1.44978733459357,0.337537807183365,46
1992,21.7978260869565,4.09358695652174,"Nature Conservancy 5",23.4972235349716,4.47278827977316,-1.69939744801512,-0.379201323251418,46
1993,23.0335869565217,5.24445652173913,"Nature Conservancy 5",23.4972235349716,4.47278827977316,-0.463636578449908,0.771668241965974,46
1994,23.3153804347826,3.8329347826087,"Nature Conservancy 5",23.4972235349716,4.47278827977316,-0.181843100189038,-0.639853497164462,46
1995,22.0003260869565,7.04380434782609,"Nature Conservancy 5",23.4972235349716,4.47278827977316,-1.49689744801512,2.57101606805293,46
1996,24.2122282608696,2.31576086956522,"Nature Conservancy 5",23.4972235349716,4.47278827977316,0.71500472589792,-2.15702741020794,46
1997,22.4077173913043,4.88086956521739,"Nature Conservancy 5",23.4972235349716,4.47278827977316,-1.0895061436673,0.408081285444235,46
1998,24.7798913043478,3.70489130434783,"Nature Conservancy 5",23.4972235349716,4.47278827977316,1.28266776937618,-0.767896975425331,46
1999,22.8964130434783,5.72380434782609,"Nature Conservancy 5",23.4972235349716,4.47278827977316,-0.600810491493384,1.25101606805293,46
2000,22.9791304347826,5.52413043478261,"Nature Conservancy 5",23.4972235349716,4.47278827977316,-0.518093100189038,1.05134215500945,46
2001,24.5576630434783,2.91119565217391,"Nature Conservancy 5",23.4972235349716,4.47278827977316,1.06043950850662,-1.56159262759924,46
2002,22.9644565217391,4.78097826086957,"Nature Conservancy 5",23.4972235349716,4.47278827977316,-0.532767013232515,0.308189981096408,46
2003,23.03375,3.71521739130435,"Nature Conservancy 5",23.4972235349716,4.47278827977316,-0.463473534971644,-0.757570888468809,46
2004,22.6634239130435,5.05673913043478,"Nature Conservancy 5",23.4972235349716,4.47278827977316,-0.833799621928168,0.583950850661625,46
2005,23.3857065217391,4.23108695652174,"Nature Conservancy 5",23.4972235349716,4.47278827977316,-0.111517013232515,-0.241701323251418,46
2006,24.1491847826087,2.09141304347826,"Nature Conservancy 5",23.4972235349716,4.47278827977316,0.65196124763705,-2.3813752362949,46
2007,23.1046739130435,8.80565217391304,"Nature Conservancy 5",23.4972235349716,4.47278827977316,-0.392549621928168,4.33286389413989,46
2008,23.1776630434783,7.84108695652174,"Nature Conservancy 5",23.4972235349716,4.47278827977316,-0.319560491493384,3.36829867674858,46
2009,22.9670652173913,3.77760869565217,"Nature Conservancy 5",23.4972235349716,4.47278827977316,-0.530158317580341,-0.695179584120983,46
2010,24.0528260869565,5.86717391304348,"Nature Conservancy 5",23.4972235349716,4.47278827977316,0.555602551984876,1.39438563327032,46
2011,25.2213586956522,2.87641304347826,"Nature Conservancy 5",23.4972235349716,4.47278827977316,1.72413516068053,-1.5963752362949,46
2012,25.4342934782609,2.13434782608696,"Nature Conservancy 5",23.4972235349716,4.47278827977316,1.93706994328922,-2.3384404536862,46
2013,22.623097826087,5.64891304347826,"Nature Conservancy 5",23.4972235349716,4.47278827977316,-0.874125708884691,1.1761247637051,46
2014,22.5922826086957,4.47804347826087,"Nature Conservancy 5",23.4972235349716,4.47278827977316,-0.904940926275994,0.0052551984877125,46
2015,23.4177173913043,6.61673913043478,"Nature Conservancy 5",23.4972235349716,4.47278827977316,-0.0795061436672988,2.14395085066163,46
2016,23.5042934782609,4.32586956521739,"Nature Conservancy 5",23.4972235349716,4.47278827977316,0.00706994328922406,-0.146918714555766,46
2017,23.1757065217391,3.03641304347826,"Nature Conservancy 5",23.4972235349716,4.47278827977316,-0.321517013232516,-1.4363752362949,46
2018,24.9470108695652,4.81032608695652,"Nature Conservancy 5",23.4972235349716,4.47278827977316,1.44978733459357,0.337537807183365,46
1992,21.6786956521739,4.14880434782609,"JD06",23.3500637996219,4.34277646502836,-1.67136814744801,-0.193972117202268,46
1993,22.9417391304348,5.34282608695652,"JD06",23.3500637996219,4.34277646502836,-0.408324669187145,1.00004962192817,46
1994,23.236902173913,3.87619565217391,"JD06",23.3500637996219,4.34277646502836,-0.113161625708884,-0.466580812854442,46
1995,21.8802173913043,6.60521739130435,"JD06",23.3500637996219,4.34277646502836,-1.46984640831758,2.26244092627599,46
1996,24.1900543478261,2.44663043478261,"JD06",23.3500637996219,4.34277646502836,0.83999054820416,-1.89614603024575,46
1997,22.21875,4.88608695652174,"JD06",23.3500637996219,4.34277646502836,-1.13131379962193,0.543310491493384,46
1998,24.585,3.80836956521739,"JD06",23.3500637996219,4.34277646502836,1.23493620037807,-0.534406899810964,46
1999,22.5986413043478,5.68891304347826,"JD06",23.3500637996219,4.34277646502836,-0.751422495274102,1.34613657844991,46
2000,22.6954347826087,4.9445652173913,"JD06",23.3500637996219,4.34277646502836,-0.654629017013232,0.601788752362949,46
2001,24.44125,2.75826086956522,"JD06",23.3500637996219,4.34277646502836,1.09118620037807,-1.58451559546314,46
2002,22.8223369565217,4.68130434782609,"JD06",23.3500637996219,4.34277646502836,-0.52772684310019,0.338527882797732,46
2003,22.8785326086957,3.84021739130435,"JD06",23.3500637996219,4.34277646502836,-0.471531190926278,-0.502559073724007,46
2004,22.5951630434783,5.0975,"JD06",23.3500637996219,4.34277646502836,-0.754900756143666,0.754723534971645,46
2005,23.2972282608696,4.03108695652174,"JD06",23.3500637996219,4.34277646502836,-0.0528355387523618,-0.311689508506616,46
2006,24.088097826087,2.57717391304348,"JD06",23.3500637996219,4.34277646502836,0.73803402646503,-1.76560255198488,46
2007,22.8982608695652,8.50652173913043,"JD06",23.3500637996219,4.34277646502836,-0.451802930056711,4.16374527410208,46
2008,22.9538043478261,7.50021739130435,"JD06",23.3500637996219,4.34277646502836,-0.396259451795842,3.15744092627599,46
2009,22.69375,3.84804347826087,"JD06",23.3500637996219,4.34277646502836,-0.656313799621927,-0.494732986767485,46
2010,23.7786956521739,5.68673913043478,"JD06",23.3500637996219,4.34277646502836,0.428631852551984,1.34396266540643,46
2011,25.0084782608696,2.88347826086957,"JD06",23.3500637996219,4.34277646502836,1.65841446124764,-1.45929820415879,46
2012,25.358152173913,1.8654347826087,"JD06",23.3500637996219,4.34277646502836,2.00808837429112,-2.47734168241966,46
2013,22.4661956521739,4.995,"JD06",23.3500637996219,4.34277646502836,-0.883868147448016,0.652223534971645,46
2014,22.451847826087,4.45021739130435,"JD06",23.3500637996219,4.34277646502836,-0.89821597353497,0.107440926275993,46
2015,23.19875,5.91032608695652,"JD06",23.3500637996219,4.34277646502836,-0.151313799621928,1.56754962192817,46
2016,23.3250543478261,4.21586956521739,"JD06",23.3500637996219,4.34277646502836,-0.0250094517958424,-0.126906899810963,46
2017,22.9848913043478,3.36054347826087,"JD06",23.3500637996219,4.34277646502836,-0.365172495274102,-0.982232986767486,46
2018,24.6542934782609,4.62641304347826,"JD06",23.3500637996219,4.34277646502836,1.30422967863894,0.283636578449906,46
1992,22.2723913043478,4.17684782608696,"Red Bird Ranch East",24.0267190453686,4.19637287334594,-1.75432774102079,-0.0195250472589787,46
1993,23.6107608695652,4.81902173913043,"Red Bird Ranch East",24.0267190453686,4.19637287334594,-0.4159581758034,0.622648865784499,46
1994,23.6573369565217,3.73423913043478,"Red Bird Ranch East",24.0267190453686,4.19637287334594,-0.36938208884688,-0.462133742911153,46
1995,22.4924456521739,7.48347826086956,"Red Bird Ranch East",24.0267190453686,4.19637287334594,-1.53427339319471,3.28710538752363,46
1996,24.3958695652174,2.14826086956522,"Red Bird Ranch East",24.0267190453686,4.19637287334594,0.369150519848773,-2.04811200378072,46
1997,22.9300543478261,3.89130434782609,"Red Bird Ranch East",24.0267190453686,4.19637287334594,-1.09666469754253,-0.305068525519848,46
1998,25.4442391304348,3.00032608695652,"Red Bird Ranch East",24.0267190453686,4.19637287334594,1.41752008506617,-1.19604678638941,46
1999,23.6449456521739,5.50239130434783,"Red Bird Ranch East",24.0267190453686,4.19637287334594,-0.381773393194706,1.30601843100189,46
2000,23.620652173913,5.96891304347826,"Red Bird Ranch East",24.0267190453686,4.19637287334594,-0.406066871455575,1.77254017013233,46
2001,25.0378260869565,3.44978260869565,"Red Bird Ranch East",24.0267190453686,4.19637287334594,1.0111070415879,-0.746590264650283,46
2002,23.5926630434783,4.0520652173913,"Red Bird Ranch East",24.0267190453686,4.19637287334594,-0.434056001890358,-0.144307655954631,46
2003,23.6805434782609,3.595,"Red Bird Ranch East",24.0267190453686,4.19637287334594,-0.34617556710775,-0.601372873345935,46
2004,23.1448369565217,5.00510869565217,"Red Bird Ranch East",24.0267190453686,4.19637287334594,-0.881882088846879,0.808735822306239,46
2005,23.813152173913,3.39945652173913,"Red Bird Ranch East",24.0267190453686,4.19637287334594,-0.213566871455576,-0.796916351606805,46
2006,24.5182608695652,2.52380434782609,"Red Bird Ranch East",24.0267190453686,4.19637287334594,0.491541824196599,-1.67256852551985,46
2007,23.6804891304348,6.71217391304348,"Red Bird Ranch East",24.0267190453686,4.19637287334594,-0.346229914933836,2.51580103969754,46
2008,23.6940760869565,7.85032608695652,"Red Bird Ranch East",24.0267190453686,4.19637287334594,-0.332642958412098,3.65395321361059,46
2009,23.5342934782609,3.43423913043478,"Red Bird Ranch East",24.0267190453686,4.19637287334594,-0.492425567107748,-0.762133742911153,46
2010,24.744402173913,4.68923913043478,"Red Bird Ranch East",24.0267190453686,4.19637287334594,0.717683128544426,0.492866257088847,46
2011,25.8109239130435,2.33163043478261,"Red Bird Ranch East",24.0267190453686,4.19637287334594,1.78420486767486,-1.86474243856333,46
2012,25.9886956521739,1.77032608695652,"Red Bird Ranch East",24.0267190453686,4.19637287334594,1.96197660680529,-2.42604678638941,46
2013,23.2340760869565,4.6204347826087,"Red Bird Ranch East",24.0267190453686,4.19637287334594,-0.792642958412099,0.42406190926276,46
2014,23.1015760869565,4.11673913043478,"Red Bird Ranch East",24.0267190453686,4.19637287334594,-0.925142958412099,-0.0796337429111524,46
2015,24.0290760869565,6.30760869565217,"Red Bird Ranch East",24.0267190453686,4.19637287334594,0.00235704158790284,2.11123582230624,46
2016,24.1739673913043,3.60086956521739,"Red Bird Ranch East",24.0267190453686,4.19637287334594,0.147248345935729,-0.595503308128544,46
2017,23.7183695652174,3.72554347826087,"Red Bird Ranch East",24.0267190453686,4.19637287334594,-0.308349480151229,-0.470829395085066,46
2018,25.7045652173913,3.87728260869565,"Red Bird Ranch East",24.0267190453686,4.19637287334594,1.67784617202269,-0.319090264650283,46
1992,22.2723913043478,4.17684782608696,"Red Bird Ranch West",24.0267190453686,4.19637287334594,-1.75432774102079,-0.0195250472589787,46
1993,23.6107608695652,4.81902173913043,"Red Bird Ranch West",24.0267190453686,4.19637287334594,-0.4159581758034,0.622648865784499,46
1994,23.6573369565217,3.73423913043478,"Red Bird Ranch West",24.0267190453686,4.19637287334594,-0.36938208884688,-0.462133742911153,46
1995,22.4924456521739,7.48347826086956,"Red Bird Ranch West",24.0267190453686,4.19637287334594,-1.53427339319471,3.28710538752363,46
1996,24.3958695652174,2.14826086956522,"Red Bird Ranch West",24.0267190453686,4.19637287334594,0.369150519848773,-2.04811200378072,46
1997,22.9300543478261,3.89130434782609,"Red Bird Ranch West",24.0267190453686,4.19637287334594,-1.09666469754253,-0.305068525519848,46
1998,25.4442391304348,3.00032608695652,"Red Bird Ranch West",24.0267190453686,4.19637287334594,1.41752008506617,-1.19604678638941,46
1999,23.6449456521739,5.50239130434783,"Red Bird Ranch West",24.0267190453686,4.19637287334594,-0.381773393194706,1.30601843100189,46
2000,23.620652173913,5.96891304347826,"Red Bird Ranch West",24.0267190453686,4.19637287334594,-0.406066871455575,1.77254017013233,46
2001,25.0378260869565,3.44978260869565,"Red Bird Ranch West",24.0267190453686,4.19637287334594,1.0111070415879,-0.746590264650283,46
2002,23.5926630434783,4.0520652173913,"Red Bird Ranch West",24.0267190453686,4.19637287334594,-0.434056001890358,-0.144307655954631,46
2003,23.6805434782609,3.595,"Red Bird Ranch West",24.0267190453686,4.19637287334594,-0.34617556710775,-0.601372873345935,46
2004,23.1448369565217,5.00510869565217,"Red Bird Ranch West",24.0267190453686,4.19637287334594,-0.881882088846879,0.808735822306239,46
2005,23.813152173913,3.39945652173913,"Red Bird Ranch West",24.0267190453686,4.19637287334594,-0.213566871455576,-0.796916351606805,46
2006,24.5182608695652,2.52380434782609,"Red Bird Ranch West",24.0267190453686,4.19637287334594,0.491541824196599,-1.67256852551985,46
2007,23.6804891304348,6.71217391304348,"Red Bird Ranch West",24.0267190453686,4.19637287334594,-0.346229914933836,2.51580103969754,46
2008,23.6940760869565,7.85032608695652,"Red Bird Ranch West",24.0267190453686,4.19637287334594,-0.332642958412098,3.65395321361059,46
2009,23.5342934782609,3.43423913043478,"Red Bird Ranch West",24.0267190453686,4.19637287334594,-0.492425567107748,-0.762133742911153,46
2010,24.744402173913,4.68923913043478,"Red Bird Ranch West",24.0267190453686,4.19637287334594,0.717683128544426,0.492866257088847,46
2011,25.8109239130435,2.33163043478261,"Red Bird Ranch West",24.0267190453686,4.19637287334594,1.78420486767486,-1.86474243856333,46
2012,25.9886956521739,1.77032608695652,"Red Bird Ranch West",24.0267190453686,4.19637287334594,1.96197660680529,-2.42604678638941,46
2013,23.2340760869565,4.6204347826087,"Red Bird Ranch West",24.0267190453686,4.19637287334594,-0.792642958412099,0.42406190926276,46
2014,23.1015760869565,4.11673913043478,"Red Bird Ranch West",24.0267190453686,4.19637287334594,-0.925142958412099,-0.0796337429111524,46
2015,24.0290760869565,6.30760869565217,"Red Bird Ranch West",24.0267190453686,4.19637287334594,0.00235704158790284,2.11123582230624,46
2016,24.1739673913043,3.60086956521739,"Red Bird Ranch West",24.0267190453686,4.19637287334594,0.147248345935729,-0.595503308128544,46
2017,23.7183695652174,3.72554347826087,"Red Bird Ranch West",24.0267190453686,4.19637287334594,-0.308349480151229,-0.470829395085066,46
2018,25.7045652173913,3.87728260869565,"Red Bird Ranch West",24.0267190453686,4.19637287334594,1.67784617202269,-0.319090264650283,46
1992,22.0633695652174,4.40880434782609,"Adams North",23.8700094517958,4.40426748582231,-1.80663988657845,0.00453686200378112,46
1993,23.3385326086957,5.11315217391304,"Adams North",23.8700094517958,4.40426748582231,-0.53147684310019,0.708884688090738,46
1994,23.4330434782609,4.28695652173913,"Adams North",23.8700094517958,4.40426748582231,-0.436965973534971,-0.117310964083176,46
1995,22.2946739130435,7.57652173913043,"Adams North",23.8700094517958,4.40426748582231,-1.57533553875236,3.17225425330813,46
1996,24.3308695652174,2.27891304347826,"Adams North",23.8700094517958,4.40426748582231,0.46086011342155,-2.12535444234405,46
1997,22.7291847826087,4.25141304347826,"Adams North",23.8700094517958,4.40426748582231,-1.14082466918715,-0.152854442344045,46
1998,25.1452173913043,3.28663043478261,"Adams North",23.8700094517958,4.40426748582231,1.2752079395085,-1.1176370510397,46
1999,23.2966847826087,5.71728260869565,"Adams North",23.8700094517958,4.40426748582231,-0.573324669187144,1.31301512287335,46
2000,23.276902173913,6.37836956521739,"Adams North",23.8700094517958,4.40426748582231,-0.593107277882797,1.97410207939509,46
2001,24.7760326086957,3.75652173913043,"Adams North",23.8700094517958,4.40426748582231,0.90602315689981,-0.647745746691871,46
2002,23.3654891304348,3.9625,"Adams North",23.8700094517958,4.40426748582231,-0.50452032136106,-0.441767485822306,46
2003,23.5726630434783,3.54228260869565,"Adams North",23.8700094517958,4.40426748582231,-0.29734640831758,-0.861984877126654,46
2004,23.0127173913043,5.02478260869565,"Adams North",23.8700094517958,4.40426748582231,-0.857292060491492,0.620515122873346,46
2005,23.6626630434783,3.16195652173913,"Adams North",23.8700094517958,4.40426748582231,-0.20734640831758,-1.24231096408318,46
2006,24.4154891304348,2.66597826086957,"Adams North",23.8700094517958,4.40426748582231,0.545479678638941,-1.73828922495274,46
2007,23.4272282608696,7.17358695652174,"Adams North",23.8700094517958,4.40426748582231,-0.442781190926276,2.76931947069943,46
2008,23.5710869565217,7.42771739130435,"Adams North",23.8700094517958,4.40426748582231,-0.298922495274102,3.02344990548204,46
2009,23.3327717391304,3.50934782608696,"Adams North",23.8700094517958,4.40426748582231,-0.537237712665405,-0.894919659735349,46
2010,24.4754891304348,5.86565217391304,"Adams North",23.8700094517958,4.40426748582231,0.605479678638943,1.46138468809074,46
2011,25.6459782608696,2.27934782608696,"Adams North",23.8700094517958,4.40426748582231,1.77596880907372,-2.12491965973535,46
2012,25.8341847826087,2.16673913043478,"Adams North",23.8700094517958,4.40426748582231,1.96417533081285,-2.23752835538752,46
2013,23.0559239130435,5.08141304347826,"Adams North",23.8700094517958,4.40426748582231,-0.814085538752362,0.677145557655955,46
2014,23.0407065217391,4.48489130434783,"Adams North",23.8700094517958,4.40426748582231,-0.829302930056709,0.0806238185255204,46
2015,23.9147826086957,6.52,"Adams North",23.8700094517958,4.40426748582231,0.0447731568998115,2.11573251417769,46
2016,24.0854347826087,3.87282608695652,"Adams North",23.8700094517958,4.40426748582231,0.215425330812856,-0.531441398865784,46
2017,23.6279347826087,3.93086956521739,"Adams North",23.8700094517958,4.40426748582231,-0.242074669187147,-0.473397920604914,46
2018,25.6728804347826,3.7254347826087,"Adams North",23.8700094517958,4.40426748582231,1.80287098298677,-0.67883270321361,46
1992,22.1294565217391,4.45934782608696,"Adams Middle",23.9258967391304,4.3673629489603,-1.7964402173913,0.091984877126654,46
1993,23.4135869565217,5.07141304347826,"Adams Middle",23.9258967391304,4.3673629489603,-0.512309782608693,0.704050094517958,46
1994,23.4833695652174,4.2220652173913,"Adams Middle",23.9258967391304,4.3673629489603,-0.442527173913042,-0.145297731568998,46
1995,22.355,7.48467391304348,"Adams Middle",23.9258967391304,4.3673629489603,-1.57089673913043,3.11731096408318,46
1996,24.3641847826087,2.3020652173913,"Adams Middle",23.9258967391304,4.3673629489603,0.438288043478263,-2.065297731569,46
1997,22.7878260869565,4.22032608695652,"Adams Middle",23.9258967391304,4.3673629489603,-1.13807065217391,-0.14703686200378,46
1998,25.2308152173913,3.33141304347826,"Adams Middle",23.9258967391304,4.3673629489603,1.30491847826087,-1.03594990548204,46
1999,23.3558695652174,5.75108695652174,"Adams Middle",23.9258967391304,4.3673629489603,-0.570027173913044,1.38372400756144,46
2000,23.3317934782609,6.2945652173913,"Adams Middle",23.9258967391304,4.3673629489603,-0.594103260869563,1.927202268431,46
2001,24.8163043478261,3.685,"Adams Middle",23.9258967391304,4.3673629489603,0.890407608695654,-0.682362948960302,46
2002,23.4188043478261,3.84902173913043,"Adams Middle",23.9258967391304,4.3673629489603,-0.507092391304347,-0.518341209829868,46
2003,23.6251086956522,3.45119565217391,"Adams Middle",23.9258967391304,4.3673629489603,-0.30078804347826,-0.916167296786389,46
2004,23.0729891304348,4.64304347826087,"Adams Middle",23.9258967391304,4.3673629489603,-0.852907608695652,0.275680529300567,46
2005,23.7091304347826,3.34304347826087,"Adams Middle",23.9258967391304,4.3673629489603,-0.216766304347825,-1.02431947069943,46
2006,24.4670108695652,2.705,"Adams Middle",23.9258967391304,4.3673629489603,0.541114130434785,-1.6623629489603,46
2007,23.4765217391304,7.21152173913043,"Adams Middle",23.9258967391304,4.3673629489603,-0.449375,2.84415879017013,46
2008,23.6328260869565,7.08836956521739,"Adams Middle",23.9258967391304,4.3673629489603,-0.29307065217391,2.72100661625709,46
2009,23.3827717391304,3.46413043478261,"Adams Middle",23.9258967391304,4.3673629489603,-0.543125,-0.903232514177694,46
2010,24.5310326086957,5.55336956521739,"Adams Middle",23.9258967391304,4.3673629489603,0.60513586956522,1.18600661625709,46
2011,25.7121195652174,2.25380434782609,"Adams Middle",23.9258967391304,4.3673629489603,1.78622282608696,-2.11355860113422,46
2012,25.8867391304348,2.10097826086957,"Adams Middle",23.9258967391304,4.3673629489603,1.96084239130435,-2.26638468809074,46
2013,23.1173913043478,5.00336956521739,"Adams Middle",23.9258967391304,4.3673629489603,-0.808505434782607,0.636006616257089,46
2014,23.1024456521739,4.57282608695652,"Adams Middle",23.9258967391304,4.3673629489603,-0.823451086956521,0.20546313799622,46
2015,23.9782608695652,6.56119565217391,"Adams Middle",23.9258967391304,4.3673629489603,0.0523641304347855,2.19383270321361,46
2016,24.16125,3.7795652173913,"Adams Middle",23.9258967391304,4.3673629489603,0.235353260869566,-0.587797731568998,46
2017,23.6910326086957,3.97945652173913,"Adams Middle",23.9258967391304,4.3673629489603,-0.234864130434779,-0.387906427221172,46
2018,25.7422282608696,3.63065217391304,"Adams Middle",23.9258967391304,4.3673629489603,1.81633152173913,-0.736710775047259,46
1992,22.366847826087,4.43760869565217,"Adams South",24.1186129489603,4.31320888468809,-1.75176512287334,0.124399810964083,46
1993,23.664402173913,4.90565217391304,"Adams South",24.1186129489603,4.31320888468809,-0.454210775047258,0.592443289224953,46
1994,23.6698913043478,4.24782608695652,"Adams South",24.1186129489603,4.31320888468809,-0.448721644612476,-0.0653827977315693,46
1995,22.5367934782609,7.43304347826087,"Adams South",24.1186129489603,4.31320888468809,-1.58181947069943,3.11983459357278,46
1996,24.5375543478261,2.16336956521739,"Adams South",24.1186129489603,4.31320888468809,0.418941398865787,-2.1498393194707,46
1997,23.0148913043478,4.20391304347826,"Adams South",24.1186129489603,4.31320888468809,-1.10372164461247,-0.10929584120983,46
1998,25.5092934782609,3.19097826086957,"Adams South",24.1186129489603,4.31320888468809,1.39068052930057,-1.12223062381853,46
1999,23.6076630434783,5.61097826086957,"Adams South",24.1186129489603,4.31320888468809,-0.51094990548204,1.29776937618147,46
2000,23.5780434782609,6.19858695652174,"Adams South",24.1186129489603,4.31320888468809,-0.540569470699431,1.88537807183365,46
2001,25.0407608695652,3.72097826086957,"Adams South",24.1186129489603,4.31320888468809,0.922147920604917,-0.592230623818526,46
2002,23.6435326086957,3.81391304347826,"Adams South",24.1186129489603,4.31320888468809,-0.47508034026465,-0.49929584120983,46
2003,23.8259239130435,3.19532608695652,"Adams South",24.1186129489603,4.31320888468809,-0.292689035916823,-1.11788279773157,46
2004,23.2302173913043,4.47967391304348,"Adams South",24.1186129489603,4.31320888468809,-0.888395557655954,0.166465028355387,46
2005,23.8680434782609,3.28423913043478,"Adams South",24.1186129489603,4.31320888468809,-0.250569470699432,-1.02896975425331,46
2006,24.6366847826087,2.68173913043478,"Adams South",24.1186129489603,4.31320888468809,0.518071833648396,-1.63146975425331,46
2007,23.6971739130435,7.17358695652174,"Adams South",24.1186129489603,4.31320888468809,-0.421439035916823,2.86037807183365,46
2008,23.9017391304348,6.90565217391304,"Adams South",24.1186129489603,4.31320888468809,-0.216873818525517,2.59244328922495,46
2009,23.6275543478261,3.54326086956522,"Adams South",24.1186129489603,4.31320888468809,-0.491058601134213,-0.769948015122873,46
2010,24.7577717391304,5.72608695652174,"Adams South",24.1186129489603,4.31320888468809,0.639158790170132,1.41287807183365,46
2011,25.930597826087,2.18760869565217,"Adams South",24.1186129489603,4.31320888468809,1.81198487712665,-2.12560018903592,46
2012,26.0552717391304,2.08402173913043,"Adams South",24.1186129489603,4.31320888468809,1.93665879017014,-2.22918714555766,46
2013,23.3036956521739,5.07369565217391,"Adams South",24.1186129489603,4.31320888468809,-0.814917296786387,0.760486767485822,46
2014,23.2735869565217,4.77695652173913,"Adams South",24.1186129489603,4.31320888468809,-0.845025992438561,0.463747637051039,46
2015,24.1108695652174,6.565,"Adams South",24.1186129489603,4.31320888468809,-0.00774338374290906,2.25179111531191,46
2016,24.321902173913,3.80717391304348,"Adams South",24.1186129489603,4.31320888468809,0.203289224952741,-0.506034971644613,46
2017,23.8629347826087,4.00380434782609,"Adams South",24.1186129489603,4.31320888468809,-0.255678166351604,-0.309404536862004,46
2018,25.8520108695652,3.39673913043478,"Adams South",24.1186129489603,4.31320888468809,1.73339792060492,-0.916469754253308,46
1992,21.9013043478261,4.44445652173913,"Hughes Ranch",23.7291717863894,4.47820179584121,-1.82786743856333,-0.0337452741020794,46
1993,23.1597282608696,5.22130434782609,"Hughes Ranch",23.7291717863894,4.47820179584121,-0.569443525519851,0.743102551984877,46
1994,23.3217391304348,4.18684782608696,"Hughes Ranch",23.7291717863894,4.47820179584121,-0.407432655954633,-0.291353969754254,46
1995,22.1586956521739,7.74695652173913,"Hughes Ranch",23.7291717863894,4.47820179584121,-1.5704761342155,3.26875472589792,46
1996,24.2173913043478,2.45380434782609,"Hughes Ranch",23.7291717863894,4.47820179584121,0.488219517958409,-2.02439744801512,46
1997,22.5653804347826,4.27380434782609,"Hughes Ranch",23.7291717863894,4.47820179584121,-1.16379135160681,-0.204397448015123,46
1998,24.9738043478261,3.51934782608696,"Hughes Ranch",23.7291717863894,4.47820179584121,1.24463256143667,-0.958853969754254,46
1999,23.1527173913043,5.71163043478261,"Hughes Ranch",23.7291717863894,4.47820179584121,-0.576454395085069,1.2334286389414,46
2000,23.1414673913043,6.34608695652174,"Hughes Ranch",23.7291717863894,4.47820179584121,-0.587704395085066,1.86788516068053,46
2001,24.6323913043478,3.7875,"Hughes Ranch",23.7291717863894,4.47820179584121,0.903219517958412,-0.69070179584121,46
2002,23.2104891304348,4.57391304347826,"Hughes Ranch",23.7291717863894,4.47820179584121,-0.518682655954631,0.095711247637051,46
2003,23.4114130434783,3.61184782608696,"Hughes Ranch",23.7291717863894,4.47820179584121,-0.317758742911153,-0.866353969754253,46
2004,22.8884782608696,4.91489130434783,"Hughes Ranch",23.7291717863894,4.47820179584121,-0.84069352551985,0.436689508506616,46
2005,23.5377717391304,3.2679347826087,"Hughes Ranch",23.7291717863894,4.47820179584121,-0.191400047258981,-1.21026701323251,46
2006,24.2964130434783,2.62847826086957,"Hughes Ranch",23.7291717863894,4.47820179584121,0.567241257088845,-1.84972353497164,46
2007,23.3245652173913,7.34086956521739,"Hughes Ranch",23.7291717863894,4.47820179584121,-0.404606568998112,2.86266776937618,46
2008,23.4499456521739,8.01010869565217,"Hughes Ranch",23.7291717863894,4.47820179584121,-0.279226134215502,3.53190689981096,46
2009,23.1992934782609,3.50380434782609,"Hughes Ranch",23.7291717863894,4.47820179584121,-0.529878308128545,-0.974397448015123,46
2010,24.3492934782609,6.14467391304348,"Hughes Ranch",23.7291717863894,4.47820179584121,0.620121691871454,1.66647211720227,46
2011,25.4975,2.23054347826087,"Hughes Ranch",23.7291717863894,4.47820179584121,1.76832821361058,-2.24765831758034,46
2012,25.6863586956522,2.26663043478261,"Hughes Ranch",23.7291717863894,4.47820179584121,1.95718690926276,-2.2115713610586,46
2013,22.9136956521739,5.32771739130435,"Hughes Ranch",23.7291717863894,4.47820179584121,-0.815476134215501,0.849515595463138,46
2014,22.8866847826087,4.46728260869565,"Hughes Ranch",23.7291717863894,4.47820179584121,-0.842487003780718,-0.0109191871455581,46
2015,23.770652173913,6.51619565217391,"Hughes Ranch",23.7291717863894,4.47820179584121,0.0414803875236274,2.0379938563327,46
2016,23.8972826086957,4.05630434782609,"Hughes Ranch",23.7291717863894,4.47820179584121,0.168110822306236,-0.421897448015123,46
2017,23.4714130434783,3.7125,"Hughes Ranch",23.7291717863894,4.47820179584121,-0.257758742911154,-0.76570179584121,46
2018,25.5082065217391,4.18173913043478,"Hughes Ranch",23.7291717863894,4.47820179584121,1.77903473534971,-0.296462665406428,46
1992,22.8659239130435,5.16815217391304,"Northeastern",24.4890654536862,4.08018903591682,-1.62314154064272,1.08796313799622,46
1993,24.3024456521739,2.99608695652174,"Northeastern",24.4890654536862,4.08018903591682,-0.18661980151229,-1.08410207939508,46
1994,23.9817934782609,3.29478260869565,"Northeastern",24.4890654536862,4.08018903591682,-0.507271975425333,-0.785406427221172,46
1995,23.2363043478261,5.71663043478261,"Northeastern",24.4890654536862,4.08018903591682,-1.25276110586011,1.63644139886578,46
1996,24.5192934782609,3.4520652173913,"Northeastern",24.4890654536862,4.08018903591682,0.0302280245746687,-0.62812381852552,46
1997,23.4847282608696,3.3670652173913,"Northeastern",24.4890654536862,4.08018903591682,-1.00433719281664,-0.71312381852552,46
1998,26.1354891304348,2.64923913043478,"Northeastern",24.4890654536862,4.08018903591682,1.64642367674858,-1.43094990548204,46
1999,24.1033695652174,5.12032608695652,"Northeastern",24.4890654536862,4.08018903591682,-0.38569588846881,1.0401370510397,46
2000,23.8032608695652,5.97163043478261,"Northeastern",24.4890654536862,4.08018903591682,-0.685804584120984,1.89144139886579,46
2001,25.1032065217391,4.38032608695652,"Northeastern",24.4890654536862,4.08018903591682,0.614141068052927,0.300137051039697,46
2002,23.89125,3.99239130434783,"Northeastern",24.4890654536862,4.08018903591682,-0.597815453686202,-0.0877977315689979,46
2003,23.925,2.7045652173913,"Northeastern",24.4890654536862,4.08018903591682,-0.564065453686201,-1.37562381852552,46
2004,23.6571739130435,4.67467391304348,"Northeastern",24.4890654536862,4.08018903591682,-0.831891540642722,0.594484877126654,46
2005,24.2236956521739,2.77108695652174,"Northeastern",24.4890654536862,4.08018903591682,-0.265369801512289,-1.30910207939508,46
2006,25.0647282608696,2.52086956521739,"Northeastern",24.4890654536862,4.08018903591682,0.575662807183363,-1.55931947069943,46
2007,24.095597826087,7.40336956521739,"Northeastern",24.4890654536862,4.08018903591682,-0.393467627599247,3.32318052930057,46
2008,24.235652173913,7.38652173913044,"Northeastern",24.4890654536862,4.08018903591682,-0.253413279773159,3.30633270321361,46
2009,23.9820652173913,3.82739130434783,"Northeastern",24.4890654536862,4.08018903591682,-0.507000236294896,-0.252797731568998,46
2010,25.5064673913043,5.65554347826087,"Northeastern",24.4890654536862,4.08018903591682,1.01740193761815,1.57535444234405,46
2011,26.4910869565217,3.40282608695652,"Northeastern",24.4890654536862,4.08018903591682,2.00202150283554,-0.677362948960302,46
2012,26.4771195652174,1.63239130434783,"Northeastern",24.4890654536862,4.08018903591682,1.98805411153119,-2.447797731569,46
2013,23.7441304347826,3.15684782608696,"Northeastern",24.4890654536862,4.08018903591682,-0.744935018903593,-0.923341209829867,46
2014,23.4963586956522,3.84630434782609,"Northeastern",24.4890654536862,4.08018903591682,-0.992706758034029,-0.233884688090737,46
2015,24.7604347826087,9.56652173913043,"Northeastern",24.4890654536862,4.08018903591682,0.271369328922493,5.48633270321361,46
2016,24.8159239130435,2.77239130434783,"Northeastern",24.4890654536862,4.08018903591682,0.326858459357275,-1.307797731569,46
2017,24.1285326086957,5.03282608695652,"Northeastern",24.4890654536862,4.08018903591682,-0.360532844990548,0.952637051039698,46
2018,26.3427173913043,3.29163043478261,"Northeastern",24.4890654536862,4.08018903591682,1.85365193761815,-0.788558601134215,46
1992,24.7575,3.85782608695652,"UT1",25.7633435727788,3.86133034026465,-1.00584357277883,-0.00350425330812865,46
1993,25.5290217391304,3.69054347826087,"UT1",25.7633435727788,3.86133034026465,-0.234321833648394,-0.170786862003781,46
1994,25.0534239130435,5.12684782608696,"UT1",25.7633435727788,3.86133034026465,-0.709919659735352,1.26551748582231,46
1995,25.7120108695652,3.57315217391304,"UT1",25.7633435727788,3.86133034026465,-0.0513327032136104,-0.288178166351607,46
1996,25.8485326086957,3.28619565217391,"UT1",25.7633435727788,3.86133034026465,0.085189035916823,-0.575134688090738,46
1997,25.0861413043478,3.54391304347826,"UT1",25.7633435727788,3.86133034026465,-0.677202268431003,-0.31741729678639,46
1998,27.3615217391304,1.91978260869565,"UT1",25.7633435727788,3.86133034026465,1.59817816635161,-1.941547731569,46
1999,25.658097826087,3.14119565217391,"UT1",25.7633435727788,3.86133034026465,-0.105245746691875,-0.720134688090738,46
2000,26.1684782608696,2.34684782608696,"UT1",25.7633435727788,3.86133034026465,0.405134688090737,-1.51448251417769,46
2001,25.6355434782609,2.03684782608696,"UT1",25.7633435727788,3.86133034026465,-0.127800094517958,-1.82448251417769,46
2002,25.4242934782609,3.94413043478261,"UT1",25.7633435727788,3.86133034026465,-0.339050094517958,0.0828000945179581,46
2003,25.6008152173913,4.41695652173913,"UT1",25.7633435727788,3.86133034026465,-0.162528355387526,0.55562618147448,46
2004,25.1983695652174,7.24826086956522,"UT1",25.7633435727788,3.86133034026465,-0.564974007561439,3.38693052930057,46
2005,25.2824456521739,3.11684782608696,"UT1",25.7633435727788,3.86133034026465,-0.480897920604917,-0.744482514177694,46
2006,25.5225543478261,2.62402173913043,"UT1",25.7633435727788,3.86133034026465,-0.240789224952742,-1.23730860113422,46
2007,25.225597826087,3.74065217391304,"UT1",25.7633435727788,3.86133034026465,-0.537745746691872,-0.120678166351607,46
2008,25.7086413043478,2.46152173913043,"UT1",25.7633435727788,3.86133034026465,-0.0547022684310043,-1.39980860113422,46
2009,25.7645652173913,4.66434782608696,"UT1",25.7633435727788,3.86133034026465,0.00122164461247465,0.803017485822306,46
2010,27.363152173913,3.03521739130435,"UT1",25.7633435727788,3.86133034026465,1.59980860113421,-0.826112948960303,46
2011,26.78375,1.88597826086957,"UT1",25.7633435727788,3.86133034026465,1.02040642722117,-1.97535207939509,46
2012,26.3558695652174,2.845,"UT1",25.7633435727788,3.86133034026465,0.592525992438564,-1.01633034026465,46
2013,24.8551630434783,4.12336956521739,"UT1",25.7633435727788,3.86133034026465,-0.908180529300569,0.262039224952741,46
2014,24.7741847826087,5.1920652173913,"UT1",25.7633435727788,3.86133034026465,-0.989158790170134,1.33073487712665,46
2015,26.4386956521739,3.78010869565217,"UT1",25.7633435727788,3.86133034026465,0.675352079395083,-0.0812216446124765,46
2016,26.2917391304348,4.20913043478261,"UT1",25.7633435727788,3.86133034026465,0.528395557655951,0.347800094517959,46
2017,25.141847826087,4.67369565217391,"UT1",25.7633435727788,3.86133034026465,-0.621495746691874,0.812365311909263,46
2018,26.9658152173913,3.3745652173913,"UT1",25.7633435727788,3.86133034026465,1.20247164461248,-0.486765122873346,46
1992,24.7575,3.85782608695652,"TRT 1",25.7633435727788,3.86133034026465,-1.00584357277883,-0.00350425330812865,46
1993,25.5290217391304,3.69054347826087,"TRT 1",25.7633435727788,3.86133034026465,-0.234321833648394,-0.170786862003781,46
1994,25.0534239130435,5.12684782608696,"TRT 1",25.7633435727788,3.86133034026465,-0.709919659735352,1.26551748582231,46
1995,25.7120108695652,3.57315217391304,"TRT 1",25.7633435727788,3.86133034026465,-0.0513327032136104,-0.288178166351607,46
1996,25.8485326086957,3.28619565217391,"TRT 1",25.7633435727788,3.86133034026465,0.085189035916823,-0.575134688090738,46
1997,25.0861413043478,3.54391304347826,"TRT 1",25.7633435727788,3.86133034026465,-0.677202268431003,-0.31741729678639,46
1998,27.3615217391304,1.91978260869565,"TRT 1",25.7633435727788,3.86133034026465,1.59817816635161,-1.941547731569,46
1999,25.658097826087,3.14119565217391,"TRT 1",25.7633435727788,3.86133034026465,-0.105245746691875,-0.720134688090738,46
2000,26.1684782608696,2.34684782608696,"TRT 1",25.7633435727788,3.86133034026465,0.405134688090737,-1.51448251417769,46
2001,25.6355434782609,2.03684782608696,"TRT 1",25.7633435727788,3.86133034026465,-0.127800094517958,-1.82448251417769,46
2002,25.4242934782609,3.94413043478261,"TRT 1",25.7633435727788,3.86133034026465,-0.339050094517958,0.0828000945179581,46
2003,25.6008152173913,4.41695652173913,"TRT 1",25.7633435727788,3.86133034026465,-0.162528355387526,0.55562618147448,46
2004,25.1983695652174,7.24826086956522,"TRT 1",25.7633435727788,3.86133034026465,-0.564974007561439,3.38693052930057,46
2005,25.2824456521739,3.11684782608696,"TRT 1",25.7633435727788,3.86133034026465,-0.480897920604917,-0.744482514177694,46
2006,25.5225543478261,2.62402173913043,"TRT 1",25.7633435727788,3.86133034026465,-0.240789224952742,-1.23730860113422,46
2007,25.225597826087,3.74065217391304,"TRT 1",25.7633435727788,3.86133034026465,-0.537745746691872,-0.120678166351607,46
2008,25.7086413043478,2.46152173913043,"TRT 1",25.7633435727788,3.86133034026465,-0.0547022684310043,-1.39980860113422,46
2009,25.7645652173913,4.66434782608696,"TRT 1",25.7633435727788,3.86133034026465,0.00122164461247465,0.803017485822306,46
2010,27.363152173913,3.03521739130435,"TRT 1",25.7633435727788,3.86133034026465,1.59980860113421,-0.826112948960303,46
2011,26.78375,1.88597826086957,"TRT 1",25.7633435727788,3.86133034026465,1.02040642722117,-1.97535207939509,46
2012,26.3558695652174,2.845,"TRT 1",25.7633435727788,3.86133034026465,0.592525992438564,-1.01633034026465,46
2013,24.8551630434783,4.12336956521739,"TRT 1",25.7633435727788,3.86133034026465,-0.908180529300569,0.262039224952741,46
2014,24.7741847826087,5.1920652173913,"TRT 1",25.7633435727788,3.86133034026465,-0.989158790170134,1.33073487712665,46
2015,26.4386956521739,3.78010869565217,"TRT 1",25.7633435727788,3.86133034026465,0.675352079395083,-0.0812216446124765,46
2016,26.2917391304348,4.20913043478261,"TRT 1",25.7633435727788,3.86133034026465,0.528395557655951,0.347800094517959,46
2017,25.141847826087,4.67369565217391,"TRT 1",25.7633435727788,3.86133034026465,-0.621495746691874,0.812365311909263,46
2018,26.9658152173913,3.3745652173913,"TRT 1",25.7633435727788,3.86133034026465,1.20247164461248,-0.486765122873346,46
1992,22.8538043478261,5.21521739130435,"Fort Gibson",24.4718501890359,4.08466209829868,-1.61804584120983,1.13055529300567,46
1993,24.2884239130435,3.00369565217391,"Fort Gibson",24.4718501890359,4.08466209829868,-0.183426275992439,-1.08096644612476,46
1994,23.9645652173913,3.31467391304348,"Fort Gibson",24.4718501890359,4.08466209829868,-0.507284971644612,-0.769988185255198,46
1995,23.2177717391304,5.72717391304348,"Fort Gibson",24.4718501890359,4.08466209829868,-1.25407844990548,1.6425118147448,46
1996,24.4892391304348,3.47576086956522,"Fort Gibson",24.4718501890359,4.08466209829868,0.0173889413988668,-0.608901228733459,46
1997,23.4613586956522,3.38217391304348,"Fort Gibson",24.4718501890359,4.08466209829868,-1.01049149338374,-0.702488185255198,46
1998,26.1141304347826,2.67554347826087,"Fort Gibson",24.4718501890359,4.08466209829868,1.64228024574669,-1.40911862003781,46
1999,24.0739130434783,5.13467391304348,"Fort Gibson",24.4718501890359,4.08466209829868,-0.397937145557655,1.0500118147448,46
2000,23.7760869565217,6.08597826086956,"Fort Gibson",24.4718501890359,4.08466209829868,-0.695763232514178,2.00131616257089,46
2001,25.0721739130435,4.41641304347826,"Fort Gibson",24.4718501890359,4.08466209829868,0.600323724007563,0.331750945179584,46
2002,23.8722826086957,3.60923913043478,"Fort Gibson",24.4718501890359,4.08466209829868,-0.599567580340263,-0.475422967863894,46
2003,23.9075,2.69565217391304,"Fort Gibson",24.4718501890359,4.08466209829868,-0.564350189035917,-1.38900992438563,46
2004,23.6414130434783,4.72130434782609,"Fort Gibson",24.4718501890359,4.08466209829868,-0.830437145557656,0.63664224952741,46
2005,24.2049456521739,2.77239130434783,"Fort Gibson",24.4718501890359,4.08466209829868,-0.266904536862004,-1.31227079395085,46
2006,25.0526630434783,2.50239130434783,"Fort Gibson",24.4718501890359,4.08466209829868,0.580812854442346,-1.58227079395085,46
2007,24.0822282608696,7.37315217391304,"Fort Gibson",24.4718501890359,4.08466209829868,-0.389621928166349,3.28849007561437,46
2008,24.2267934782609,7.38369565217391,"Fort Gibson",24.4718501890359,4.08466209829868,-0.245056710775046,3.29903355387524,46
2009,23.9703260869565,3.84282608695652,"Fort Gibson",24.4718501890359,4.08466209829868,-0.501524102079394,-0.241836011342155,46
2010,25.4889130434783,5.75184782608696,"Fort Gibson",24.4718501890359,4.08466209829868,1.01706285444234,1.66718572778828,46
2011,26.469402173913,3.3029347826087,"Fort Gibson",24.4718501890359,4.08466209829868,1.99755198487713,-0.781727315689981,46
2012,26.4617934782609,1.67576086956522,"Fort Gibson",24.4718501890359,4.08466209829868,1.98994328922495,-2.40890122873346,46
2013,23.7258695652174,3.16163043478261,"Fort Gibson",24.4718501890359,4.08466209829868,-0.745980623818525,-0.923031663516068,46
2014,23.4824456521739,3.7720652173913,"Fort Gibson",24.4718501890359,4.08466209829868,-0.989404536862004,-0.312596880907372,46
2015,24.7464130434783,9.62532608695652,"Fort Gibson",24.4718501890359,4.08466209829868,0.274562854442344,5.54066398865784,46
2016,24.7940760869565,2.76260869565217,"Fort Gibson",24.4718501890359,4.08466209829868,0.322225897920607,-1.3220534026465,46
2017,24.1198913043478,5.05760869565217,"Fort Gibson",24.4718501890359,4.08466209829868,-0.351958884688091,0.972946597353498,46
2018,26.3273913043478,3.33989130434783,"Fort Gibson",24.4718501890359,4.08466209829868,1.85554111531191,-0.74477079395085,46
1992,20.8503804347826,3.00413043478261,"Big Piney",22.2670132325142,3.83443998109641,-1.41663279773157,-0.8303095463138,46
1993,21.9782608695652,4.92380434782609,"Big Piney",22.2670132325142,3.83443998109641,-0.288752362948959,1.08936436672968,46
1994,21.3235869565217,3.46891304347826,"Big Piney",22.2670132325142,3.83443998109641,-0.943426275992437,-0.365526937618148,46
1995,21.0803260869565,4.68782608695652,"Big Piney",22.2670132325142,3.83443998109641,-1.18668714555766,0.853386105860113,46
1996,21.6228804347826,4.29836956521739,"Big Piney",22.2670132325142,3.83443998109641,-0.644132797731569,0.463929584120983,46
1997,20.7354347826087,3.17902173913043,"Big Piney",22.2670132325142,3.83443998109641,-1.53157844990548,-0.655418241965974,46
1998,23.0848913043478,5.81195652173913,"Big Piney",22.2670132325142,3.83443998109641,0.81787807183365,1.97751654064272,46
1999,22.290652173913,2.4979347826087,"Big Piney",22.2670132325142,3.83443998109641,0.0236389413988647,-1.33650519848771,46
2000,22.0201086956522,2.87630434782609,"Big Piney",22.2670132325142,3.83443998109641,-0.246904536862004,-0.958135633270321,46
2001,22.621902173913,4.22239130434783,"Big Piney",22.2670132325142,3.83443998109641,0.354888941398865,0.387951323251418,46
2002,22.1195652173913,4.66652173913043,"Big Piney",22.2670132325142,3.83443998109641,-0.147448015122873,0.832081758034026,46
2003,21.263152173913,3.45445652173913,"Big Piney",22.2670132325142,3.83443998109641,-1.00386105860114,-0.379983459357278,46
2004,21.9636413043478,4.0645652173913,"Big Piney",22.2670132325142,3.83443998109641,-0.303371928166349,0.230125236294896,46
2005,22.7333695652174,2.45260869565217,"Big Piney",22.2670132325142,3.83443998109641,0.466356332703214,-1.38183128544423,46
2006,22.640652173913,3.29608695652174,"Big Piney",22.2670132325142,3.83443998109641,0.373638941398866,-0.538353024574669,46
2007,22.7429347826087,3.17402173913043,"Big Piney",22.2670132325142,3.83443998109641,0.475921550094519,-0.660418241965973,46
2008,21.1932608695652,4.48217391304348,"Big Piney",22.2670132325142,3.83443998109641,-1.07375236294896,0.64773393194707,46
2009,21.206847826087,4.53815217391304,"Big Piney",22.2670132325142,3.83443998109641,-1.06016540642722,0.703712192816635,46
2010,23.2232608695652,4.73141304347826,"Big Piney",22.2670132325142,3.83443998109641,0.956247637051039,0.896973062381853,46
2011,23.1132065217391,4.67739130434783,"Big Piney",22.2670132325142,3.83443998109641,0.846193289224953,0.842951323251418,46
2012,24.6177173913043,1.78565217391304,"Big Piney",22.2670132325142,3.83443998109641,2.35070415879017,-2.04878780718336,46
2013,21.3891847826087,3.71586956521739,"Big Piney",22.2670132325142,3.83443998109641,-0.877828449905483,-0.118570415879017,46
2014,21.91,2.52445652173913,"Big Piney",22.2670132325142,3.83443998109641,-0.357013232514177,-1.30998345935728,46
2015,22.8090217391304,6.96228260869565,"Big Piney",22.2670132325142,3.83443998109641,0.542008506616259,3.12784262759924,46
2016,22.759402173913,4.01282608695652,"Big Piney",22.2670132325142,3.83443998109641,0.492388941398865,0.178386105860113,46
2017,22.4727717391304,4.33195652173913,"Big Piney",22.2670132325142,3.83443998109641,0.205758506616256,0.497516540642722,46
2018,24.39625,3.33336956521739,"Big Piney",22.2670132325142,3.83443998109641,2.12923676748582,-0.501070415879017,46
1992,20.8367934782609,2.83684782608696,"Laughlin Bottoms",22.2330198487713,3.90865784499055,-1.3962263705104,-1.07181001890359,46
1993,21.999347826087,5.10010869565217,"Laughlin Bottoms",22.2330198487713,3.90865784499055,-0.23367202268431,1.19145085066163,46
1994,21.3658152173913,3.30760869565217,"Laughlin Bottoms",22.2330198487713,3.90865784499055,-0.867204631379963,-0.601049149338374,46
1995,21.0846739130435,4.75336956521739,"Laughlin Bottoms",22.2330198487713,3.90865784499055,-1.14834593572779,0.844711720226843,46
1996,21.6786956521739,4.47326086956522,"Laughlin Bottoms",22.2330198487713,3.90865784499055,-0.554324196597353,0.564603024574669,46
1997,20.771847826087,3.20554347826087,"Laughlin Bottoms",22.2330198487713,3.90865784499055,-1.46117202268431,-0.703114366729678,46
1998,23.1109239130435,5.70717391304348,"Laughlin Bottoms",22.2330198487713,3.90865784499055,0.877904064272212,1.79851606805293,46
1999,22.31125,2.6779347826087,"Laughlin Bottoms",22.2330198487713,3.90865784499055,0.078230151228734,-1.23072306238185,46
2000,22.0499456521739,3.1475,"Laughlin Bottoms",22.2330198487713,3.90865784499055,-0.183074196597353,-0.761157844990548,46
2001,22.6345108695652,4.18336956521739,"Laughlin Bottoms",22.2330198487713,3.90865784499055,0.401491020793951,0.274711720226843,46
2002,22.071847826087,4.72532608695652,"Laughlin Bottoms",22.2330198487713,3.90865784499055,-0.161172022684312,0.816668241965974,46
2003,21.2798913043478,3.64619565217391,"Laughlin Bottoms",22.2330198487713,3.90865784499055,-0.953128544423443,-0.262462192816635,46
2004,21.904347826087,4.12728260869565,"Laughlin Bottoms",22.2330198487713,3.90865784499055,-0.328672022684312,0.218624763705104,46
2005,22.6986413043478,2.44608695652174,"Laughlin Bottoms",22.2330198487713,3.90865784499055,0.46562145557656,-1.46257088846881,46
2006,22.6307608695652,3.29728260869565,"Laughlin Bottoms",22.2330198487713,3.90865784499055,0.397741020793951,-0.611375236294896,46
2007,22.6544565217391,3.39913043478261,"Laughlin Bottoms",22.2330198487713,3.90865784499055,0.421436672967864,-0.509527410207939,46
2008,21.1314130434783,4.90195652173913,"Laughlin Bottoms",22.2330198487713,3.90865784499055,-1.10160680529301,0.993298676748582,46
2009,21.099402173913,4.48076086956522,"Laughlin Bottoms",22.2330198487713,3.90865784499055,-1.13361767485823,0.572103024574669,46
2010,23.126847826087,5.2179347826087,"Laughlin Bottoms",22.2330198487713,3.90865784499055,0.893827977315688,1.30927693761815,46
2011,23.0486956521739,4.07945652173913,"Laughlin Bottoms",22.2330198487713,3.90865784499055,0.815675803402645,0.170798676748583,46
2012,24.6210869565217,2.24826086956522,"Laughlin Bottoms",22.2330198487713,3.90865784499055,2.38806710775047,-1.66039697542533,46
2013,21.3970108695652,3.67086956521739,"Laughlin Bottoms",22.2330198487713,3.90865784499055,-0.836008979206049,-0.237788279773157,46
2014,21.8326086956522,2.7754347826087,"Laughlin Bottoms",22.2330198487713,3.90865784499055,-0.400411153119094,-1.13322306238185,46
2015,22.6983152173913,7.60054347826087,"Laughlin Bottoms",22.2330198487713,3.90865784499055,0.465295368620037,3.69188563327032,46
2016,22.6757608695652,4.08402173913043,"Laughlin Bottoms",22.2330198487713,3.90865784499055,0.44274102079395,0.175363894139887,46
2017,22.39,4.5425,"Laughlin Bottoms",22.2330198487713,3.90865784499055,0.156980151228733,0.633842155009452,46
2018,24.346847826087,3.37902173913043,"Laughlin Bottoms",22.2330198487713,3.90865784499055,2.11382797731569,-0.529636105860113,46
1992,20.7210869565217,3.17869565217391,"Miller Pond",22.0842603969754,4.02959120982987,-1.36317344045369,-0.850895557655955,46
1993,21.8616304347826,4.86934782608696,"Miller Pond",22.0842603969754,4.02959120982987,-0.222629962192816,0.839756616257088,46
1994,21.2960869565217,3.685,"Miller Pond",22.0842603969754,4.02959120982987,-0.788173440453683,-0.344591209829868,46
1995,21.0046739130435,4.78478260869565,"Miller Pond",22.0842603969754,4.02959120982987,-1.07958648393194,0.755191398865784,46
1996,21.5985869565217,4.33717391304348,"Miller Pond",22.0842603969754,4.02959120982987,-0.485673440453684,0.30758270321361,46
1997,20.7023369565217,3.01315217391304,"Miller Pond",22.0842603969754,4.02959120982987,-1.38192344045368,-1.01643903591682,46
1998,23.0141847826087,5.98869565217391,"Miller Pond",22.0842603969754,4.02959120982987,0.929924385633271,1.95910444234404,46
1999,22.2033695652174,2.63619565217391,"Miller Pond",22.0842603969754,4.02959120982987,0.119109168241966,-1.39339555765596,46
2000,21.9285869565217,3.11195652173913,"Miller Pond",22.0842603969754,4.02959120982987,-0.155673440453683,-0.917634688090738,46
2001,22.4360869565217,4.37978260869565,"Miller Pond",22.0842603969754,4.02959120982987,0.351826559546314,0.350191398865785,46
2002,21.9160869565217,4.82086956521739,"Miller Pond",22.0842603969754,4.02959120982987,-0.168173440453685,0.791278355387523,46
2003,21.1004891304348,3.62891304347826,"Miller Pond",22.0842603969754,4.02959120982987,-0.983771266540643,-0.400678166351607,46
2004,21.7086956521739,4.10326086956522,"Miller Pond",22.0842603969754,4.02959120982987,-0.375564744801512,0.0736696597353497,46
2005,22.5824456521739,2.52663043478261,"Miller Pond",22.0842603969754,4.02959120982987,0.498185255198489,-1.50296077504726,46
2006,22.4735326086957,3.74684782608696,"Miller Pond",22.0842603969754,4.02959120982987,0.389272211720229,-0.282743383742912,46
2007,22.4371195652174,3.34663043478261,"Miller Pond",22.0842603969754,4.02959120982987,0.352859168241967,-0.682960775047259,46
2008,21.0163043478261,4.85836956521739,"Miller Pond",22.0842603969754,4.02959120982987,-1.06795604914934,0.828778355387524,46
2009,21.0154891304348,4.50630434782609,"Miller Pond",22.0842603969754,4.02959120982987,-1.06877126654064,0.476713137996219,46
2010,23.0286413043478,4.98641304347826,"Miller Pond",22.0842603969754,4.02959120982987,0.944380907372402,0.956821833648393,46
2011,22.9104891304348,4.69586956521739,"Miller Pond",22.0842603969754,4.02959120982987,0.826228733459359,0.666278355387523,46
2012,24.4332608695652,1.88554347826087,"Miller Pond",22.0842603969754,4.02959120982987,2.34900047258979,-2.144047731569,46
2013,21.178097826087,4.04097826086957,"Miller Pond",22.0842603969754,4.02959120982987,-0.906162570888466,0.0113870510396969,46
2014,21.6205434782609,2.86260869565217,"Miller Pond",22.0842603969754,4.02959120982987,-0.463716918714553,-1.16698251417769,46
2015,22.4677717391304,8.07065217391304,"Miller Pond",22.0842603969754,4.02959120982987,0.38351134215501,4.04106096408317,46
2016,22.4449456521739,4.7120652173913,"Miller Pond",22.0842603969754,4.02959120982987,0.36068525519849,0.682474007561436,46
2017,22.1027173913043,4.83815217391304,"Miller Pond",22.0842603969754,4.02959120982987,0.0184569943289254,0.808560964083175,46
2018,24.1722826086957,3.46032608695652,"Miller Pond",22.0842603969754,4.02959120982987,2.08802221172023,-0.569265122873346,46
1992,20.7079891304348,3.13054347826087,"Macedonia",22.0509345463138,4.08727788279773,-1.34294541587902,-0.956734404536862,46
1993,21.8013043478261,4.78891304347826,"Macedonia",22.0509345463138,4.08727788279773,-0.249630198487711,0.70163516068053,46
1994,21.3032608695652,3.74934782608696,"Macedonia",22.0509345463138,4.08727788279773,-0.74767367674858,-0.337930056710775,46
1995,20.9947282608696,4.9975,"Macedonia",22.0509345463138,4.08727788279773,-1.05620628544423,0.910222117202268,46
1996,21.6784782608696,4.06467391304348,"Macedonia",22.0509345463138,4.08727788279773,-0.372456285444233,-0.0226039697542531,46
1997,20.7895652173913,2.99097826086957,"Macedonia",22.0509345463138,4.08727788279773,-1.26136932892249,-1.09629962192817,46
1998,23.0960326086957,5.84586956521739,"Macedonia",22.0509345463138,4.08727788279773,1.04509806238185,1.75859168241966,46
1999,22.1772826086957,2.84141304347826,"Macedonia",22.0509345463138,4.08727788279773,0.126348062381854,-1.24586483931947,46
2000,21.9595652173913,3.26097826086957,"Macedonia",22.0509345463138,4.08727788279773,-0.0913693289224931,-0.826299621928166,46
2001,22.4722282608696,4.67597826086956,"Macedonia",22.0509345463138,4.08727788279773,0.421293714555766,0.588700378071834,46
2002,21.9008695652174,4.98304347826087,"Macedonia",22.0509345463138,4.08727788279773,-0.150064981096406,0.895765595463138,46
2003,21.1320652173913,3.70565217391304,"Macedonia",22.0509345463138,4.08727788279773,-0.918869328922494,-0.381625708884688,46
2004,21.6653804347826,3.85586956521739,"Macedonia",22.0509345463138,4.08727788279773,-0.385554111531189,-0.23140831758034,46
2005,22.4884239130435,2.61423913043478,"Macedonia",22.0509345463138,4.08727788279773,0.437489366729679,-1.47303875236295,46
2006,22.4378260869565,3.8829347826087,"Macedonia",22.0509345463138,4.08727788279773,0.386891540642726,-0.204343100189035,46
2007,22.3616847826087,3.6754347826087,"Macedonia",22.0509345463138,4.08727788279773,0.310750236294897,-0.411843100189035,46
2008,20.9527173913043,5.72695652173913,"Macedonia",22.0509345463138,4.08727788279773,-1.09821715500945,1.6396786389414,46
2009,20.9379891304348,4.79771739130435,"Macedonia",22.0509345463138,4.08727788279773,-1.11294541587901,0.710439508506616,46
2010,22.9592934782609,4.59054347826087,"Macedonia",22.0509345463138,4.08727788279773,0.90835893194707,0.503265595463138,46
2011,22.8308152173913,4.06978260869565,"Macedonia",22.0509345463138,4.08727788279773,0.779880671077507,-0.0174952741020791,46
2012,24.3779891304348,1.88684782608696,"Macedonia",22.0509345463138,4.08727788279773,2.32705458412099,-2.20043005671077,46
2013,21.1415760869565,3.89630434782609,"Macedonia",22.0509345463138,4.08727788279773,-0.909358459357275,-0.190973534971644,46
2014,21.5155434782609,2.9129347826087,"Macedonia",22.0509345463138,4.08727788279773,-0.535391068052927,-1.17434310018904,46
2015,22.3741847826087,7.99271739130435,"Macedonia",22.0509345463138,4.08727788279773,0.323250236294896,3.90543950850662,46
2016,22.3364673913043,4.8075,"Macedonia",22.0509345463138,4.08727788279773,0.285532844990549,0.720222117202269,46
2017,21.9857608695652,4.5154347826087,"Macedonia",22.0509345463138,4.08727788279773,-0.0651736767485787,0.428156899810965,46
2018,24.1067934782609,3.33489130434783,"Macedonia",22.0509345463138,4.08727788279773,2.05585893194707,-0.752386578449905,46
1992,20.7459782608696,3.06717391304348,"Smith Ridge",22.1146207466919,4.06046550094518,-1.3686424858223,-0.993291587901701,46
1993,21.9023369565217,5.09967391304348,"Smith Ridge",22.1146207466919,4.06046550094518,-0.21228379017013,1.0392084120983,46
1994,21.3301086956522,3.42467391304348,"Smith Ridge",22.1146207466919,4.06046550094518,-0.784512051039695,-0.635791587901701,46
1995,21.0183695652174,4.84586956521739,"Smith Ridge",22.1146207466919,4.06046550094518,-1.09625118147448,0.785404064272212,46
1996,21.639347826087,4.4270652173913,"Smith Ridge",22.1146207466919,4.06046550094518,-0.475272920604912,0.366599716446125,46
1997,20.7367934782609,3.02228260869565,"Smith Ridge",22.1146207466919,4.06046550094518,-1.377827268431,-1.03818289224953,46
1998,23.034347826087,5.84684782608696,"Smith Ridge",22.1146207466919,4.06046550094518,0.919727079395088,1.78638232514178,46
1999,22.2363586956522,2.77163043478261,"Smith Ridge",22.1146207466919,4.06046550094518,0.121737948960305,-1.28883506616257,46
2000,21.9714130434783,3.12054347826087,"Smith Ridge",22.1146207466919,4.06046550094518,-0.143207703213609,-0.93992202268431,46
2001,22.4823913043478,4.57597826086957,"Smith Ridge",22.1146207466919,4.06046550094518,0.367770557655955,0.515512759924386,46
2002,21.9327173913043,4.80902173913043,"Smith Ridge",22.1146207466919,4.06046550094518,-0.181903355387522,0.748556238185255,46
2003,21.1439673913043,3.72989130434783,"Smith Ridge",22.1146207466919,4.06046550094518,-0.970653355387523,-0.330574196597353,46
2004,21.7099456521739,4.0620652173913,"Smith Ridge",22.1146207466919,4.06046550094518,-0.404675094517955,0.00159971644612522,46
2005,22.6154891304348,2.55521739130435,"Smith Ridge",22.1146207466919,4.06046550094518,0.500868383742912,-1.50524810964083,46
2006,22.513152173913,3.61380434782609,"Smith Ridge",22.1146207466919,4.06046550094518,0.398531427221172,-0.446661153119092,46
2007,22.4835326086957,3.62619565217391,"Smith Ridge",22.1146207466919,4.06046550094518,0.368911862003781,-0.434269848771266,46
2008,21.0538586956522,5.25467391304348,"Smith Ridge",22.1146207466919,4.06046550094518,-1.0607620510397,1.1942084120983,46
2009,21.0364673913043,4.45260869565217,"Smith Ridge",22.1146207466919,4.06046550094518,-1.07815335538752,0.392143194706994,46
2010,23.0472282608696,5.10684782608696,"Smith Ridge",22.1146207466919,4.06046550094518,0.932607514177697,1.04638232514178,46
2011,22.9860869565217,4.53467391304348,"Smith Ridge",22.1146207466919,4.06046550094518,0.871466209829869,0.474208412098299,46
2012,24.5139130434783,2.22130434782609,"Smith Ridge",22.1146207466919,4.06046550094518,2.39929229678639,-1.83916115311909,46
2013,21.2504891304348,3.93108695652174,"Smith Ridge",22.1146207466919,4.06046550094518,-0.864131616257087,-0.12937854442344,46
2014,21.6708152173913,2.96576086956522,"Smith Ridge",22.1146207466919,4.06046550094518,-0.443805529300565,-1.09470463137996,46
2015,22.4903804347826,8.32010869565217,"Smith Ridge",22.1146207466919,4.06046550094518,0.375759688090739,4.25964319470699,46
2016,22.478152173913,4.48489130434783,"Smith Ridge",22.1146207466919,4.06046550094518,0.363531427221172,0.424425803402647,46
2017,22.1413586956522,4.75108695652174,"Smith Ridge",22.1146207466919,4.06046550094518,0.026737948960303,0.69062145557656,46
2018,24.2176630434783,3.48695652173913,"Smith Ridge",22.1146207466919,4.06046550094518,2.10304229678639,-0.573508979206049,46
1992,20.8407065217391,3.04630434782609,"Miller Ridge",22.2509262759924,3.85564035916824,-1.41021975425331,-0.809336011342155,46
1993,21.961847826087,4.8825,"Miller Ridge",22.2509262759924,3.85564035916824,-0.289078449905482,1.02685964083176,46
1994,21.3232065217391,3.5229347826087,"Miller Ridge",22.2509262759924,3.85564035916824,-0.927719754253307,-0.332705576559546,46
1995,21.075652173913,4.67913043478261,"Miller Ridge",22.2509262759924,3.85564035916824,-1.1752741020794,0.823490075614367,46
1996,21.6326086956522,4.27728260869565,"Miller Ridge",22.2509262759924,3.85564035916824,-0.618317580340264,0.421642249527411,46
1997,20.7416304347826,2.90586956521739,"Miller Ridge",22.2509262759924,3.85564035916824,-1.50929584120983,-0.949770793950851,46
1998,23.0945108695652,5.81489130434783,"Miller Ridge",22.2509262759924,3.85564035916824,0.843584593572778,1.95925094517958,46
1999,22.2858152173913,2.50402173913043,"Miller Ridge",22.2509262759924,3.85564035916824,0.0348889413988651,-1.35161862003781,46
2000,22.0197282608696,2.89684782608696,"Miller Ridge",22.2509262759924,3.85564035916824,-0.231198015122871,-0.958792533081286,46
2001,22.6289673913043,4.19739130434783,"Miller Ridge",22.2509262759924,3.85564035916824,0.378041115311909,0.341750945179584,46
2002,22.1076630434783,4.67554347826087,"Miller Ridge",22.2509262759924,3.85564035916824,-0.143263232514176,0.819903119092627,46
2003,21.2591847826087,3.46086956521739,"Miller Ridge",22.2509262759924,3.85564035916824,-0.991741493383742,-0.394770793950851,46
2004,21.9379347826087,4.05782608695652,"Miller Ridge",22.2509262759924,3.85564035916824,-0.312991493383741,0.202185727788279,46
2005,22.7217391304348,2.46597826086957,"Miller Ridge",22.2509262759924,3.85564035916824,0.470812854442347,-1.38966209829868,46
2006,22.6214130434783,3.41978260869565,"Miller Ridge",22.2509262759924,3.85564035916824,0.370486767485822,-0.43585775047259,46
2007,22.6996739130435,3.15847826086957,"Miller Ridge",22.2509262759924,3.85564035916824,0.448747637051039,-0.697162098298677,46
2008,21.1686413043478,4.52597826086957,"Miller Ridge",22.2509262759924,3.85564035916824,-1.08228497164461,0.670337901701323,46
2009,21.1794565217391,4.47,"Miller Ridge",22.2509262759924,3.85564035916824,-1.07146975425331,0.614359640831758,46
2010,23.1903260869565,4.7154347826087,"Miller Ridge",22.2509262759924,3.85564035916824,0.939399810964083,0.859794423440453,46
2011,23.0845652173913,4.66282608695652,"Miller Ridge",22.2509262759924,3.85564035916824,0.833638941398867,0.80718572778828,46
2012,24.609347826087,1.76717391304348,"Miller Ridge",22.2509262759924,3.85564035916824,2.35842155009452,-2.08846644612476,46
2013,21.37125,3.74130434782609,"Miller Ridge",22.2509262759924,3.85564035916824,-0.879676275992438,-0.114336011342155,46
2014,21.8800543478261,2.59597826086957,"Miller Ridge",22.2509262759924,3.85564035916824,-0.370871928166352,-1.25966209829868,46
2015,22.7758695652174,7.19108695652174,"Miller Ridge",22.2509262759924,3.85564035916824,0.524943289224954,3.3354465973535,46
2016,22.7276630434783,4.21532608695652,"Miller Ridge",22.2509262759924,3.85564035916824,0.476736767485821,0.35968572778828,46
2017,22.4292391304348,4.4270652173913,"Miller Ridge",22.2509262759924,3.85564035916824,0.178312854442346,0.571424858223062,46
2018,24.3748369565217,3.33423913043478,"Miller Ridge",22.2509262759924,3.85564035916824,2.1239106805293,-0.521401228733459,46
1992,21.1282065217391,3.23978260869565,"Rabbit's Demise",22.7644187145558,4.12861767485822,-1.63621219281664,-0.888835066162571,46
1993,22.1204891304348,7.69445652173913,"Rabbit's Demise",22.7644187145558,4.12861767485822,-0.643929584120983,3.56583884688091,46
1994,22.5073913043478,2.30695652173913,"Rabbit's Demise",22.7644187145558,4.12861767485822,-0.25702741020794,-1.82166115311909,46
1995,21.4570108695652,5.96065217391304,"Rabbit's Demise",22.7644187145558,4.12861767485822,-1.30740784499055,1.83203449905482,46
1996,22.3310869565217,7.06282608695652,"Rabbit's Demise",22.7644187145558,4.12861767485822,-0.433331758034026,2.9342084120983,46
1997,21.6459239130435,3.36913043478261,"Rabbit's Demise",22.7644187145558,4.12861767485822,-1.11849480151229,-0.759487240075614,46
1998,23.674402173913,4.8225,"Rabbit's Demise",22.7644187145558,4.12861767485822,0.909983459357278,0.693882325141777,46
1999,22.6803804347826,3.81532608695652,"Rabbit's Demise",22.7644187145558,4.12861767485822,-0.0840382797731571,-0.313291587901701,46
2000,22.81625,3.8729347826087,"Rabbit's Demise",22.7644187145558,4.12861767485822,0.0518312854442335,-0.255682892249527,46
2001,23.3685326086957,4.53695652173913,"Rabbit's Demise",22.7644187145558,4.12861767485822,0.604113894139886,0.408338846880907,46
2002,22.8841847826087,2.74728260869565,"Rabbit's Demise",22.7644187145558,4.12861767485822,0.119766068052929,-1.38133506616257,46
2003,22.54375,2.66326086956522,"Rabbit's Demise",22.7644187145558,4.12861767485822,-0.220668714555767,-1.46535680529301,46
2004,21.8567934782609,5.18782608695652,"Rabbit's Demise",22.7644187145558,4.12861767485822,-0.907625236294898,1.0592084120983,46
2005,22.8254891304348,4.25271739130435,"Rabbit's Demise",22.7644187145558,4.12861767485822,0.0610704158790156,0.124099716446125,46
2006,23.2690217391304,2.80663043478261,"Rabbit's Demise",22.7644187145558,4.12861767485822,0.504603024574667,-1.32198724007561,46
2007,22.8676630434783,4.13858695652174,"Rabbit's Demise",22.7644187145558,4.12861767485822,0.103244328922493,0.0099692816635164,46
2008,21.9978804347826,5.02445652173913,"Rabbit's Demise",22.7644187145558,4.12861767485822,-0.766538279773158,0.895838846880908,46
2009,21.8113043478261,4.46771739130435,"Rabbit's Demise",22.7644187145558,4.12861767485822,-0.953114366729679,0.339099716446125,46
2010,23.0904347826087,5.23717391304348,"Rabbit's Demise",22.7644187145558,4.12861767485822,0.32601606805293,1.10855623818526,46
2011,23.6807608695652,3.49739130434783,"Rabbit's Demise",22.7644187145558,4.12861767485822,0.916342155009453,-0.631226370510397,46
2012,25.1722826086957,1.95739130434783,"Rabbit's Demise",22.7644187145558,4.12861767485822,2.40786389413989,-2.1712263705104,46
2013,21.8773913043478,3.15597826086957,"Rabbit's Demise",22.7644187145558,4.12861767485822,-0.887027410207942,-0.972639413988658,46
2014,21.9741304347826,3.67630434782609,"Rabbit's Demise",22.7644187145558,4.12861767485822,-0.790288279773158,-0.452313327032136,46
2015,22.4942934782609,6.22097826086957,"Rabbit's Demise",22.7644187145558,4.12861767485822,-0.270125236294898,2.09236058601134,46
2016,22.7741304347826,4.56336956521739,"Rabbit's Demise",22.7644187145558,4.12861767485822,0.00971172022684286,0.434751890359168,46
2017,22.3791847826087,4.8020652173913,"Rabbit's Demise",22.7644187145558,4.12861767485822,-0.38523393194707,0.673447542533081,46
2018,24.948152173913,1.875,"Rabbit's Demise",22.7644187145558,4.12861767485822,2.18373345935728,-2.25361767485822,46
1992,21.1120108695652,3.23978260869565,"Sparrow's Haven",22.7546951795841,4.22058837429112,-1.6426843100189,-0.980805765595464,46
1993,22.0926630434783,7.71423913043478,"Sparrow's Haven",22.7546951795841,4.22058837429112,-0.662032136105861,3.49365075614367,46
1994,22.4922282608696,2.48130434782609,"Sparrow's Haven",22.7546951795841,4.22058837429112,-0.262466918714555,-1.73928402646503,46
1995,21.4509239130435,5.99565217391304,"Sparrow's Haven",22.7546951795841,4.22058837429112,-1.30377126654064,1.77506379962193,46
1996,22.3270652173913,6.88510869565217,"Sparrow's Haven",22.7546951795841,4.22058837429112,-0.427629962192817,2.66452032136106,46
1997,21.6548913043478,3.49163043478261,"Sparrow's Haven",22.7546951795841,4.22058837429112,-1.0998038752363,-0.728957939508507,46
1998,23.6997826086957,4.86271739130435,"Sparrow's Haven",22.7546951795841,4.22058837429112,0.945087429111531,0.642129017013232,46
1999,22.6836956521739,3.82902173913043,"Sparrow's Haven",22.7546951795841,4.22058837429112,-0.0709995274102084,-0.391566635160681,46
2000,22.7935326086957,4.01847826086957,"Sparrow's Haven",22.7546951795841,4.22058837429112,0.0388374291115312,-0.202110113421551,46
2001,23.3563586956522,4.55836956521739,"Sparrow's Haven",22.7546951795841,4.22058837429112,0.601663516068054,0.337781190926275,46
2002,22.8499456521739,3.21,"Sparrow's Haven",22.7546951795841,4.22058837429112,0.0952504725897931,-1.01058837429112,46
2003,22.5078260869565,2.7445652173913,"Sparrow's Haven",22.7546951795841,4.22058837429112,-0.246869092627598,-1.47602315689981,46
2004,21.831847826087,5.20760869565217,"Sparrow's Haven",22.7546951795841,4.22058837429112,-0.922847353497165,0.987020321361058,46
2005,22.8026086956522,4.49782608695652,"Sparrow's Haven",22.7546951795841,4.22058837429112,0.0479135160680535,0.277237712665406,46
2006,23.2557608695652,2.88934782608696,"Sparrow's Haven",22.7546951795841,4.22058837429112,0.501065689981097,-1.33124054820416,46
2007,22.8586413043478,4.42608695652174,"Sparrow's Haven",22.7546951795841,4.22058837429112,0.103946124763706,0.205498582230623,46
2008,22.0005434782609,5.11630434782609,"Sparrow's Haven",22.7546951795841,4.22058837429112,-0.754151701323252,0.895715973534971,46
2009,21.8236413043478,4.74282608695652,"Sparrow's Haven",22.7546951795841,4.22058837429112,-0.931053875236294,0.522237712665406,46
2010,23.0863043478261,5.63597826086957,"Sparrow's Haven",22.7546951795841,4.22058837429112,0.331609168241965,1.41538988657845,46
2011,23.6953260869565,3.60597826086957,"Sparrow's Haven",22.7546951795841,4.22058837429112,0.940630907372402,-0.61461011342155,46
2012,25.171902173913,2.0704347826087,"Sparrow's Haven",22.7546951795841,4.22058837429112,2.41720699432892,-2.15015359168242,46
2013,21.8623913043478,3.36869565217391,"Sparrow's Haven",22.7546951795841,4.22058837429112,-0.892303875236294,-0.851892722117203,46
2014,21.9576086956522,3.63271739130435,"Sparrow's Haven",22.7546951795841,4.22058837429112,-0.797086483931949,-0.587870982986768,46
2015,22.5021195652174,6.32945652173913,"Sparrow's Haven",22.7546951795841,4.22058837429112,-0.25257561436673,2.10886814744801,46
2016,22.7835326086957,4.6729347826087,"Sparrow's Haven",22.7546951795841,4.22058837429112,0.0288374291115296,0.45234640831758,46
2017,22.3913043478261,4.77804347826087,"Sparrow's Haven",22.7546951795841,4.22058837429112,-0.363390831758036,0.557455103969754,46
2018,24.933152173913,1.955,"Sparrow's Haven",22.7546951795841,4.22058837429112,2.17845699432892,-2.26558837429112,46
1992,22.2333152173913,4.40086956521739,"RIDL",23.8960255198488,4.33486531190926,-1.66271030245747,0.0660042533081286,46
1993,23.5323369565217,5.50021739130435,"RIDL",23.8960255198488,4.33486531190926,-0.363688563327031,1.16535207939509,46
1994,23.6376086956522,3.97141304347826,"RIDL",23.8960255198488,4.33486531190926,-0.258416824196598,-0.363452268431002,46
1995,22.4015217391304,6.79,"RIDL",23.8960255198488,4.33486531190926,-1.49450378071834,2.45513468809074,46
1996,24.6345652173913,2.21804347826087,"RIDL",23.8960255198488,4.33486531190926,0.738539697542535,-2.11682183364839,46
1997,22.9008695652174,4.76076086956522,"RIDL",23.8960255198488,4.33486531190926,-0.995155954631379,0.425895557655955,46
1998,25.3120652173913,3.64336956521739,"RIDL",23.8960255198488,4.33486531190926,1.41603969754253,-0.691495746691871,46
1999,23.3796739130435,5.68413043478261,"RIDL",23.8960255198488,4.33486531190926,-0.516351606805291,1.34926512287335,46
2000,23.4122826086957,5.855,"RIDL",23.8960255198488,4.33486531190926,-0.483742911153119,1.52013468809074,46
2001,24.8828804347826,3.10619565217391,"RIDL",23.8960255198488,4.33486531190926,0.98685491493384,-1.22866965973535,46
2002,23.3391304347826,3.86163043478261,"RIDL",23.8960255198488,4.33486531190926,-0.556895085066163,-0.473234877126654,46
2003,23.5158152173913,3.21815217391304,"RIDL",23.8960255198488,4.33486531190926,-0.380210302457467,-1.11671313799622,46
2004,23.0172282608696,4.34597826086957,"RIDL",23.8960255198488,4.33486531190926,-0.878797258979205,0.011112948960303,46
2005,23.6585869565217,3.34217391304348,"RIDL",23.8960255198488,4.33486531190926,-0.237438563327032,-0.992691398865784,46
2006,24.4665760869565,2.4545652173913,"RIDL",23.8960255198488,4.33486531190926,0.570550567107752,-1.88030009451796,46
2007,23.4573913043478,8.89684782608696,"RIDL",23.8960255198488,4.33486531190926,-0.438634215500944,4.56198251417769,46
2008,23.6978804347826,7.69163043478261,"RIDL",23.8960255198488,4.33486531190926,-0.198145085066162,3.35676512287335,46
2009,23.3739130434783,3.95913043478261,"RIDL",23.8960255198488,4.33486531190926,-0.522112476370509,-0.375734877126654,46
2010,24.4639673913043,5.64695652173913,"RIDL",23.8960255198488,4.33486531190926,0.567941871455577,1.31209120982987,46
2011,25.6955434782609,2.45510869565217,"RIDL",23.8960255198488,4.33486531190926,1.7995179584121,-1.87975661625709,46
2012,25.7874456521739,1.785,"RIDL",23.8960255198488,4.33486531190926,1.89142013232514,-2.54986531190926,46
2013,23.0420652173913,5.24663043478261,"RIDL",23.8960255198488,4.33486531190926,-0.853960302457466,0.911765122873346,46
2014,23.0509782608696,4.3995652173913,"RIDL",23.8960255198488,4.33486531190926,-0.845047258979204,0.0646999054820414,46
2015,23.7872826086957,6.51315217391304,"RIDL",23.8960255198488,4.33486531190926,-0.108742911153119,2.17828686200378,46
2016,23.9170652173913,4.36478260869565,"RIDL",23.8960255198488,4.33486531190926,0.021039697542534,0.0299172967863894,46
2017,23.6014673913043,3.40423913043478,"RIDL",23.8960255198488,4.33486531190926,-0.294558128544423,-0.93062618147448,46
2018,25.3948369565217,4.43586956521739,"RIDL",23.8960255198488,4.33486531190926,1.49881143667297,0.101004253308129,46
1992,23.6445108695652,4.37630434782609,"Geronimo Hill",25.3862417296786,3.192202268431,-1.74173086011342,1.18410207939509,46
1993,25.1192934782609,2.8429347826087,"Geronimo Hill",25.3862417296786,3.192202268431,-0.266948251417769,-0.349267485822306,46
1994,25.0984239130435,2.60576086956522,"Geronimo Hill",25.3862417296786,3.192202268431,-0.287817816635158,-0.586441398865785,46
1995,24.0525543478261,4.155,"Geronimo Hill",25.3862417296786,3.192202268431,-1.33368738185255,0.962797731568998,46
1996,26.6747826086957,2.55619565217391,"Geronimo Hill",25.3862417296786,3.192202268431,1.28854087901701,-0.636006616257089,46
1997,24.2065217391304,2.43760869565217,"Geronimo Hill",25.3862417296786,3.192202268431,-1.1797199905482,-0.754593572778828,46
1998,27.7808695652174,0.824347826086957,"Geronimo Hill",25.3862417296786,3.192202268431,2.39462783553875,-2.36785444234405,46
1999,24.8546739130435,3.39141304347826,"Geronimo Hill",25.3862417296786,3.192202268431,-0.53156781663516,0.199210775047259,46
2000,25.1986956521739,3.01869565217391,"Geronimo Hill",25.3862417296786,3.192202268431,-0.187546077504724,-0.173506616257089,46
2001,26.1682065217391,2.14065217391304,"Geronimo Hill",25.3862417296786,3.192202268431,0.781964792060492,-1.05155009451796,46
2002,24.108152173913,2.68565217391304,"Geronimo Hill",25.3862417296786,3.192202268431,-1.27808955576559,-0.506550094517958,46
2003,24.873152173913,2.62380434782609,"Geronimo Hill",25.3862417296786,3.192202268431,-0.513089555765593,-0.568397920604915,46
2004,24.485,2.13195652173913,"Geronimo Hill",25.3862417296786,3.192202268431,-0.901241729678638,-1.06024574669187,46
2005,24.7429891304348,2.86847826086957,"Geronimo Hill",25.3862417296786,3.192202268431,-0.643252599243855,-0.323724007561437,46
2006,26.5041304347826,1.3829347826087,"Geronimo Hill",25.3862417296786,3.192202268431,1.11788870510397,-1.80926748582231,46
2007,24.0353260869565,8.22532608695652,"Geronimo Hill",25.3862417296786,3.192202268431,-1.35091564272211,5.03312381852552,46
2008,25.8290760869565,2.60119565217391,"Geronimo Hill",25.3862417296786,3.192202268431,0.442834357277885,-0.591006616257089,46
2009,24.9110869565217,2.80521739130435,"Geronimo Hill",25.3862417296786,3.192202268431,-0.475154773156898,-0.386984877126654,46
2010,25.7967391304348,3.06413043478261,"Geronimo Hill",25.3862417296786,3.192202268431,0.410497400756146,-0.128071833648393,46
2011,28.4926630434783,1.42021739130435,"Geronimo Hill",25.3862417296786,3.192202268431,3.10642131379962,-1.77198487712665,46
2012,26.9009782608696,1.58152173913043,"Geronimo Hill",25.3862417296786,3.192202268431,1.51473653119093,-1.61068052930057,46
2013,25.0325,4.35782608695652,"Geronimo Hill",25.3862417296786,3.192202268431,-0.353741729678639,1.16562381852552,46
2014,25.0976630434783,2.85195652173913,"Geronimo Hill",25.3862417296786,3.192202268431,-0.288578686200378,-0.340245746691871,46
2015,24.8190217391304,6.81597826086957,"Geronimo Hill",25.3862417296786,3.192202268431,-0.567219990548203,3.62377599243856,46
2016,25.1395108695652,4.79369565217391,"Geronimo Hill",25.3862417296786,3.192202268431,-0.24673086011342,1.60149338374291,46
2017,25.0135869565217,3.17119565217391,"Geronimo Hill",25.3862417296786,3.192202268431,-0.372654773156899,-0.0210066162570888,46
2018,27.3890217391304,2.27130434782609,"Geronimo Hill",25.3862417296786,3.192202268431,2.0027800094518,-0.920897920604915,46
1992,21.8719565217391,2.63978260869565,"Eddleman Farm",22.9121467391304,4.16000945179584,-1.04019021739131,-1.52022684310019,46
1993,23.1038043478261,4.10630434782609,"Eddleman Farm",22.9121467391304,4.16000945179584,0.191657608695653,-0.0537051039697545,46
1994,22.2682608695652,2.14282608695652,"Eddleman Farm",22.9121467391304,4.16000945179584,-0.643885869565217,-2.01718336483932,46
1995,22.1105434782609,5.43489130434783,"Eddleman Farm",22.9121467391304,4.16000945179584,-0.801603260869566,1.27488185255199,46
1996,22.2167934782609,3.83695652173913,"Eddleman Farm",22.9121467391304,4.16000945179584,-0.695353260869567,-0.323052930056711,46
1997,21.2046739130435,5.01619565217391,"Eddleman Farm",22.9121467391304,4.16000945179584,-1.70747282608696,0.856186200378072,46
1998,23.6267391304348,5.46347826086957,"Eddleman Farm",22.9121467391304,4.16000945179584,0.714592391304347,1.30346880907372,46
1999,22.8376086956522,2.48467391304348,"Eddleman Farm",22.9121467391304,4.16000945179584,-0.0745380434782597,-1.67533553875236,46
2000,22.3047282608696,4.21608695652174,"Eddleman Farm",22.9121467391304,4.16000945179584,-0.607418478260868,0.0560775047258977,46
2001,22.3463586956522,4.71347826086957,"Eddleman Farm",22.9121467391304,4.16000945179584,-0.565788043478261,0.553468809073724,46
2002,22.9580434782609,4.66130434782609,"Eddleman Farm",22.9121467391304,4.16000945179584,0.0458967391304341,0.501294896030246,46
2003,21.5286413043478,4.54304347826087,"Eddleman Farm",22.9121467391304,4.16000945179584,-1.38350543478261,0.383034026465028,46
2004,22.7152717391304,4.57923913043478,"Eddleman Farm",22.9121467391304,4.16000945179584,-0.196874999999999,0.419229678638941,46
2005,22.6930434782609,3.51065217391304,"Eddleman Farm",22.9121467391304,4.16000945179584,-0.219103260869566,-0.649357277882798,46
2006,22.5922826086957,4.06804347826087,"Eddleman Farm",22.9121467391304,4.16000945179584,-0.319864130434784,-0.0919659735349718,46
2007,23.40875,3.01641304347826,"Eddleman Farm",22.9121467391304,4.16000945179584,0.496603260869566,-1.14359640831758,46
2008,22.324402173913,4.73032608695652,"Eddleman Farm",22.9121467391304,4.16000945179584,-0.587744565217392,0.570316635160681,46
2009,22.2529347826087,4.4554347826087,"Eddleman Farm",22.9121467391304,4.16000945179584,-0.659211956521741,0.295425330812854,46
2010,24.8564130434783,3.15184782608696,"Eddleman Farm",22.9121467391304,4.16000945179584,1.94426630434782,-1.00816162570888,46
2011,24.1351086956522,4.82891304347826,"Eddleman Farm",22.9121467391304,4.16000945179584,1.22296195652174,0.66890359168242,46
2012,25.0491304347826,1.24576086956522,"Eddleman Farm",22.9121467391304,4.16000945179584,2.13698369565217,-2.91424858223062,46
2013,22.2641847826087,4.56586956521739,"Eddleman Farm",22.9121467391304,4.16000945179584,-0.64796195652174,0.40586011342155,46
2014,22.2782608695652,4.47054347826087,"Eddleman Farm",22.9121467391304,4.16000945179584,-0.633885869565219,0.310534026465028,46
2015,23.4634782608696,6.1770652173913,"Eddleman Farm",22.9121467391304,4.16000945179584,0.551331521739129,2.01705576559546,46
2016,23.3064673913043,5.31858695652174,"Eddleman Farm",22.9121467391304,4.16000945179584,0.394320652173914,1.1585775047259,46
2017,23.1229347826087,4.0045652173913,"Eddleman Farm",22.9121467391304,4.16000945179584,0.21078804347826,-0.155444234404537,46
2018,25.0003804347826,4.90217391304348,"Eddleman Farm",22.9121467391304,4.16000945179584,2.08823369565217,0.742164461247637,46
1992,20.4938043478261,4.15326086956522,"Proving Grounds Res.Stat.",21.928900047259,4.08165170132325,-1.43509569943289,0.0716091682419657,46
1993,21.5786956521739,5.94239130434783,"Proving Grounds Res.Stat.",21.928900047259,4.08165170132325,-0.350204395085065,1.86073960302457,46
1994,21.3101630434783,2.53380434782609,"Proving Grounds Res.Stat.",21.928900047259,4.08165170132325,-0.618737003780716,-1.54784735349716,46
1995,20.6520108695652,4.77554347826087,"Proving Grounds Res.Stat.",21.928900047259,4.08165170132325,-1.27688917769376,0.693891776937618,46
1996,21.3725,3.26576086956522,"Proving Grounds Res.Stat.",21.928900047259,4.08165170132325,-0.556400047258979,-0.815890831758034,46
1997,20.3945652173913,3.24804347826087,"Proving Grounds Res.Stat.",21.928900047259,4.08165170132325,-1.53433482986767,-0.833608223062382,46
1998,23.1628260869565,4.47163043478261,"Proving Grounds Res.Stat.",21.928900047259,4.08165170132325,1.23392603969754,0.389978733459357,46
1999,21.6120108695652,3.46684782608696,"Proving Grounds Res.Stat.",21.928900047259,4.08165170132325,-0.31688917769376,-0.614803875236295,46
2000,21.3615217391304,4.62434782608696,"Proving Grounds Res.Stat.",21.928900047259,4.08165170132325,-0.567378308128543,0.542696124763705,46
2001,22.0741304347826,4.57326086956522,"Proving Grounds Res.Stat.",21.928900047259,4.08165170132325,0.145230387523632,0.491609168241966,46
2002,21.515,4.4604347826087,"Proving Grounds Res.Stat.",21.928900047259,4.08165170132325,-0.413900047258977,0.378783081285444,46
2003,21.1258695652174,3.07010869565217,"Proving Grounds Res.Stat.",21.928900047259,4.08165170132325,-0.803030482041585,-1.01154300567108,46
2004,21.4017391304348,3.84913043478261,"Proving Grounds Res.Stat.",21.928900047259,4.08165170132325,-0.527160916824194,-0.232521266540643,46
2005,22.359402173913,1.89663043478261,"Proving Grounds Res.Stat.",21.928900047259,4.08165170132325,0.430502126654066,-2.18502126654064,46
2006,22.6084239130435,2.92086956521739,"Proving Grounds Res.Stat.",21.928900047259,4.08165170132325,0.6795238657845,-1.16078213610586,46
2007,22.5147826086957,4.5075,"Proving Grounds Res.Stat.",21.928900047259,4.08165170132325,0.585882561436673,0.425848298676748,46
2008,21.2627717391304,6.0579347826087,"Proving Grounds Res.Stat.",21.928900047259,4.08165170132325,-0.666128308128542,1.97628308128544,46
2009,21.0641847826087,4.6895652173913,"Proving Grounds Res.Stat.",21.928900047259,4.08165170132325,-0.864715264650282,0.607913516068052,46
2010,23.135597826087,4.81641304347826,"Proving Grounds Res.Stat.",21.928900047259,4.08165170132325,1.20669777882798,0.734761342155009,46
2011,23.2604347826087,2.94065217391304,"Proving Grounds Res.Stat.",21.928900047259,4.08165170132325,1.33153473534972,-1.14099952741021,46
2012,24.0775,1.7870652173913,"Proving Grounds Res.Stat.",21.928900047259,4.08165170132325,2.14859995274102,-2.29458648393195,46
2013,20.9945652173913,4.82380434782609,"Proving Grounds Res.Stat.",21.928900047259,4.08165170132325,-0.934334829867673,0.742152646502835,46
2014,21.1107608695652,3.61521739130435,"Proving Grounds Res.Stat.",21.928900047259,4.08165170132325,-0.818139177693759,-0.466434310018904,46
2015,22.3565217391304,7.71054347826087,"Proving Grounds Res.Stat.",21.928900047259,4.08165170132325,0.427621691871458,3.62889177693762,46
2016,22.1323913043478,5.15086956521739,"Proving Grounds Res.Stat.",21.928900047259,4.08165170132325,0.203491257088849,1.06921786389414,46
2017,21.7033695652174,4.19489130434783,"Proving Grounds Res.Stat.",21.928900047259,4.08165170132325,-0.225530482041588,0.113239603024574,46
2018,24.2389130434783,2.74978260869565,"Proving Grounds Res.Stat.",21.928900047259,4.08165170132325,2.31001299621928,-1.3318690926276,46
1992,24.7915760869565,3.73326086956522,"Shelterwood Harvest",25.7873109640832,3.85970699432892,-0.995734877126655,-0.126446124763705,46
1993,25.5473369565217,3.68782608695652,"Shelterwood Harvest",25.7873109640832,3.85970699432892,-0.239974007561436,-0.171880907372401,46
1994,25.0758152173913,5.18347826086957,"Shelterwood Harvest",25.7873109640832,3.85970699432892,-0.71149574669187,1.32377126654064,46
1995,25.7352717391304,3.55228260869565,"Shelterwood Harvest",25.7873109640832,3.85970699432892,-0.0520392249527397,-0.30742438563327,46
1996,25.8747826086957,3.65173913043478,"Shelterwood Harvest",25.7873109640832,3.85970699432892,0.0874716446124779,-0.20796786389414,46
1997,25.1223913043478,3.61630434782609,"Shelterwood Harvest",25.7873109640832,3.85970699432892,-0.66491965973535,-0.243402646502835,46
1998,27.368152173913,1.9804347826087,"Shelterwood Harvest",25.7873109640832,3.85970699432892,1.58084120982987,-1.87927221172023,46
1999,25.6888586956522,3.09326086956522,"Shelterwood Harvest",25.7873109640832,3.85970699432892,-0.0984522684310001,-0.766446124763705,46
2000,26.2124456521739,2.31989130434783,"Shelterwood Harvest",25.7873109640832,3.85970699432892,0.425134688090736,-1.5398156899811,46
2001,25.6419565217391,2.04380434782609,"Shelterwood Harvest",25.7873109640832,3.85970699432892,-0.145354442344047,-1.81590264650284,46
2002,25.4525,3.87152173913044,"Shelterwood Harvest",25.7873109640832,3.85970699432892,-0.334810964083175,0.0118147448015127,46
2003,25.645652173913,4.34032608695652,"Shelterwood Harvest",25.7873109640832,3.85970699432892,-0.141658790170133,0.4806190926276,46
2004,25.2298913043478,7.29336956521739,"Shelterwood Harvest",25.7873109640832,3.85970699432892,-0.557419659735348,3.43366257088847,46
2005,25.3261413043478,2.9754347826087,"Shelterwood Harvest",25.7873109640832,3.85970699432892,-0.461169659735351,-0.884272211720227,46
2006,25.5408695652174,2.74684782608696,"Shelterwood Harvest",25.7873109640832,3.85970699432892,-0.246441398865784,-1.11285916824197,46
2007,25.2308152173913,3.69858695652174,"Shelterwood Harvest",25.7873109640832,3.85970699432892,-0.556495746691873,-0.161120037807183,46
2008,25.7354347826087,2.43054347826087,"Shelterwood Harvest",25.7873109640832,3.85970699432892,-0.0518761814744799,-1.42916351606805,46
2009,25.794347826087,4.56673913043478,"Shelterwood Harvest",25.7873109640832,3.85970699432892,0.00703686200377973,0.707032136105861,46
2010,27.4045108695652,3.0604347826087,"Shelterwood Harvest",25.7873109640832,3.85970699432892,1.61719990548204,-0.799272211720227,46
2011,26.80375,1.81076086956522,"Shelterwood Harvest",25.7873109640832,3.85970699432892,1.01643903591683,-2.04894612476371,46
2012,26.378152173913,2.95728260869565,"Shelterwood Harvest",25.7873109640832,3.85970699432892,0.590841209829868,-0.90242438563327,46
2013,24.8916847826087,4.11891304347826,"Shelterwood Harvest",25.7873109640832,3.85970699432892,-0.89562618147448,0.259206049149339,46
2014,24.8046739130435,5.09554347826087,"Shelterwood Harvest",25.7873109640832,3.85970699432892,-0.982637051039696,1.23583648393195,46
2015,26.4775543478261,4.01934782608696,"Shelterwood Harvest",25.7873109640832,3.85970699432892,0.69024338374291,0.159640831758034,46
2016,26.3309782608696,3.83510869565217,"Shelterwood Harvest",25.7873109640832,3.85970699432892,0.543667296786388,-0.0245982986767483,46
2017,25.1864130434783,4.86021739130435,"Shelterwood Harvest",25.7873109640832,3.85970699432892,-0.600897920604915,1.00051039697543,46
2018,26.990652173913,3.4325,"Shelterwood Harvest",25.7873109640832,3.85970699432892,1.20334120982987,-0.427206994328922,46
1992,20.7314673913043,3.15891304347826,"Bradford Cemetery",22.0982088846881,4.03342391304348,-1.36674149338374,-0.874510869565217,46
1993,21.8745108695652,4.89673913043478,"Bradford Cemetery",22.0982088846881,4.03342391304348,-0.223698015122874,0.863315217391304,46
1994,21.3029891304348,3.67565217391304,"Bradford Cemetery",22.0982088846881,4.03342391304348,-0.79521975425331,-0.357771739130435,46
1995,21.0105434782609,4.78804347826087,"Bradford Cemetery",22.0982088846881,4.03342391304348,-1.08766540642722,0.754619565217391,46
1996,21.6054891304348,4.35239130434783,"Bradford Cemetery",22.0982088846881,4.03342391304348,-0.492719754253308,0.318967391304348,46
1997,20.7071195652174,3.00967391304348,"Bradford Cemetery",22.0982088846881,4.03342391304348,-1.3910893194707,-1.02375,46
1998,23.0207608695652,5.95934782608696,"Bradford Cemetery",22.0982088846881,4.03342391304348,0.922551984877124,1.92592391304348,46
1999,22.2132608695652,2.64510869565217,"Bradford Cemetery",22.0982088846881,4.03342391304348,0.115051984877127,-1.3883152173913,46
2000,21.9389130434783,3.10782608695652,"Bradford Cemetery",22.0982088846881,4.03342391304348,-0.159295841209829,-0.925597826086956,46
2001,22.4498913043478,4.34576086956522,"Bradford Cemetery",22.0982088846881,4.03342391304348,0.351682419659735,0.312336956521739,46
2002,21.9327173913043,4.81782608695652,"Bradford Cemetery",22.0982088846881,4.03342391304348,-0.165491493383744,0.784402173913043,46
2003,21.1123369565217,3.64,"Bradford Cemetery",22.0982088846881,4.03342391304348,-0.985871928166354,-0.393423913043478,46
2004,21.7175,4.09836956521739,"Bradford Cemetery",22.0982088846881,4.03342391304348,-0.38070888468809,0.0649456521739129,46
2005,22.5958152173913,2.52032608695652,"Bradford Cemetery",22.0982088846881,4.03342391304348,0.497606332703214,-1.51309782608696,46
2006,22.4867391304348,3.71521739130435,"Bradford Cemetery",22.0982088846881,4.03342391304348,0.38853024574669,-0.31820652173913,46
2007,22.4570108695652,3.36521739130435,"Bradford Cemetery",22.0982088846881,4.03342391304348,0.358801984877125,-0.66820652173913,46
2008,21.0254347826087,4.88782608695652,"Bradford Cemetery",22.0982088846881,4.03342391304348,-1.0727741020794,0.854402173913043,46
2009,21.0348913043478,4.48913043478261,"Bradford Cemetery",22.0982088846881,4.03342391304348,-1.06331758034026,0.45570652173913,46
2010,23.044347826087,5.05913043478261,"Bradford Cemetery",22.0982088846881,4.03342391304348,0.946138941398864,1.02570652173913,46
2011,22.9379891304348,4.70402173913044,"Bradford Cemetery",22.0982088846881,4.03342391304348,0.839780245746692,0.670597826086957,46
2012,24.4547826086957,1.9429347826087,"Bradford Cemetery",22.0982088846881,4.03342391304348,2.35657372400756,-2.09048913043478,46
2013,21.1991847826087,4.05445652173913,"Bradford Cemetery",22.0982088846881,4.03342391304348,-0.899024102079395,0.021032608695652,46
2014,21.6465760869565,2.85923913043478,"Bradford Cemetery",22.0982088846881,4.03342391304348,-0.45163279773157,-1.1741847826087,46
2015,22.4884782608696,8.05,"Bradford Cemetery",22.0982088846881,4.03342391304348,0.390269376181475,4.01657608695652,46
2016,22.4657065217391,4.5929347826087,"Bradford Cemetery",22.0982088846881,4.03342391304348,0.367497637051038,0.559510869565218,46
2017,22.126847826087,4.81380434782609,"Bradford Cemetery",22.0982088846881,4.03342391304348,0.0286389413988637,0.780380434782609,46
2018,24.1903260869565,3.45869565217391,"Bradford Cemetery",22.0982088846881,4.03342391304348,2.09211720226843,-0.574728260869565,46
1992,20.8570108695652,2.79021739130435,"Tilley Bottoms",22.2478485349716,3.92494092627599,-1.39083766540643,-1.13472353497164,46
1993,22.0064673913043,5.14565217391304,"Tilley Bottoms",22.2478485349716,3.92494092627599,-0.241381143667297,1.22071124763705,46
1994,21.3776086956522,3.37163043478261,"Tilley Bottoms",22.2478485349716,3.92494092627599,-0.870239839319471,-0.553310491493384,46
1995,21.1008695652174,4.735,"Tilley Bottoms",22.2478485349716,3.92494092627599,-1.14697896975425,0.810059073724008,46
1996,21.7128260869565,4.46630434782609,"Tilley Bottoms",22.2478485349716,3.92494092627599,-0.535022448015123,0.541363421550095,46
1997,20.8052717391304,3.18739130434783,"Tilley Bottoms",22.2478485349716,3.92494092627599,-1.44257679584121,-0.737549621928166,46
1998,23.1497826086957,5.56,"Tilley Bottoms",22.2478485349716,3.92494092627599,0.901934073724007,1.63505907372401,46
1999,22.3311413043478,2.7025,"Tilley Bottoms",22.2478485349716,3.92494092627599,0.0832927693761825,-1.22244092627599,46
2000,22.080652173913,2.98163043478261,"Tilley Bottoms",22.2478485349716,3.92494092627599,-0.1671963610586,-0.943310491493384,46
2001,22.6828804347826,4.18619565217391,"Tilley Bottoms",22.2478485349716,3.92494092627599,0.435031899810962,0.261254725897921,46
2002,22.1113043478261,4.73467391304348,"Tilley Bottoms",22.2478485349716,3.92494092627599,-0.136544187145557,0.809732986767486,46
2003,21.3188043478261,3.65989130434783,"Tilley Bottoms",22.2478485349716,3.92494092627599,-0.929044187145557,-0.265049621928166,46
2004,21.9191847826087,3.97402173913043,"Tilley Bottoms",22.2478485349716,3.92494092627599,-0.328663752362949,0.0490808128544424,46
2005,22.7060326086957,2.46934782608696,"Tilley Bottoms",22.2478485349716,3.92494092627599,0.458184073724006,-1.45559310018904,46
2006,22.641847826087,3.34347826086957,"Tilley Bottoms",22.2478485349716,3.92494092627599,0.393999291115311,-0.581462665406427,46
2007,22.6479891304348,3.30586956521739,"Tilley Bottoms",22.2478485349716,3.92494092627599,0.400140595463139,-0.619071361058601,46
2008,21.123097826087,5.12239130434783,"Tilley Bottoms",22.2478485349716,3.92494092627599,-1.12475070888469,1.19745037807183,46
2009,21.1000543478261,4.46217391304348,"Tilley Bottoms",22.2478485349716,3.92494092627599,-1.14779418714556,0.537232986767486,46
2010,23.1139673913043,5.17021739130435,"Tilley Bottoms",22.2478485349716,3.92494092627599,0.866118856332704,1.24527646502836,46
2011,23.0620652173913,3.99195652173913,"Tilley Bottoms",22.2478485349716,3.92494092627599,0.814216682419659,0.0670155954631384,46
2012,24.640597826087,2.15152173913043,"Tilley Bottoms",22.2478485349716,3.92494092627599,2.39274929111531,-1.77341918714556,46
2013,21.4223369565217,3.62402173913043,"Tilley Bottoms",22.2478485349716,3.92494092627599,-0.825511578449905,-0.300919187145558,46
2014,21.8583695652174,2.81967391304348,"Tilley Bottoms",22.2478485349716,3.92494092627599,-0.389478969754254,-1.10526701323251,46
2015,22.7136956521739,7.94184782608696,"Tilley Bottoms",22.2478485349716,3.92494092627599,0.465847117202269,4.01690689981096,46
2016,22.691902173913,4.17652173913044,"Tilley Bottoms",22.2478485349716,3.92494092627599,0.444053638941398,0.251580812854443,46
2017,22.4027173913043,4.56347826086956,"Tilley Bottoms",22.2478485349716,3.92494092627599,0.154868856332705,0.638537334593573,46
2018,24.3542934782609,3.38760869565217,"Tilley Bottoms",22.2478485349716,3.92494092627599,2.10644494328923,-0.537332230623818,46
1992,24.8153260869565,3.99521739130435,"Comp.4, patch cut & Thin",25.8454253308129,3.79402173913043,-1.03009924385633,0.201195652173913,46
1993,25.6195652173913,3.83804347826087,"Comp.4, patch cut & Thin",25.8454253308129,3.79402173913043,-0.22586011342155,0.0440217391304345,46
1994,25.1554347826087,4.7745652173913,"Comp.4, patch cut & Thin",25.8454253308129,3.79402173913043,-0.689990548204161,0.980543478260869,46
1995,25.7957065217391,3.56445652173913,"Comp.4, patch cut & Thin",25.8454253308129,3.79402173913043,-0.0497188090737239,-0.229565217391305,46
1996,25.9453804347826,3.49652173913043,"Comp.4, patch cut & Thin",25.8454253308129,3.79402173913043,0.099955103969755,-0.2975,46
1997,25.1907065217391,3.71891304347826,"Comp.4, patch cut & Thin",25.8454253308129,3.79402173913043,-0.654718809073724,-0.0751086956521738,46
1998,27.4990760869565,1.76141304347826,"Comp.4, patch cut & Thin",25.8454253308129,3.79402173913043,1.65365075614367,-2.03260869565217,46
1999,25.7158695652174,3.23608695652174,"Comp.4, patch cut & Thin",25.8454253308129,3.79402173913043,-0.129555765595462,-0.557934782608696,46
2000,26.2066304347826,2.60815217391304,"Comp.4, patch cut & Thin",25.8454253308129,3.79402173913043,0.361205103969752,-1.18586956521739,46
2001,25.6934239130435,2.07467391304348,"Comp.4, patch cut & Thin",25.8454253308129,3.79402173913043,-0.152001417769377,-1.71934782608696,46
2002,25.4946739130435,3.4525,"Comp.4, patch cut & Thin",25.8454253308129,3.79402173913043,-0.350751417769377,-0.341521739130435,46
2003,25.6834239130435,4.11086956521739,"Comp.4, patch cut & Thin",25.8454253308129,3.79402173913043,-0.162001417769378,0.316847826086956,46
2004,25.3074456521739,7.1104347826087,"Comp.4, patch cut & Thin",25.8454253308129,3.79402173913043,-0.537979678638941,3.31641304347826,46
2005,25.4070108695652,2.8054347826087,"Comp.4, patch cut & Thin",25.8454253308129,3.79402173913043,-0.438414461247639,-0.988586956521739,46
2006,25.61875,2.28434782608696,"Comp.4, patch cut & Thin",25.8454253308129,3.79402173913043,-0.226675330812856,-1.50967391304348,46
2007,25.3053804347826,4.04663043478261,"Comp.4, patch cut & Thin",25.8454253308129,3.79402173913043,-0.540044896030246,0.252608695652174,46
2008,25.8214673913043,2.2795652173913,"Comp.4, patch cut & Thin",25.8454253308129,3.79402173913043,-0.0239579395085059,-1.51445652173913,46
2009,25.8659782608696,4.64945652173913,"Comp.4, patch cut & Thin",25.8454253308129,3.79402173913043,0.0205529300567093,0.855434782608696,46
2010,27.5082608695652,2.84684782608696,"Comp.4, patch cut & Thin",25.8454253308129,3.79402173913043,1.66283553875236,-0.947173913043478,46
2011,26.9052717391304,1.82413043478261,"Comp.4, patch cut & Thin",25.8454253308129,3.79402173913043,1.05984640831758,-1.96989130434783,46
2012,26.479402173913,2.8204347826087,"Comp.4, patch cut & Thin",25.8454253308129,3.79402173913043,0.633976843100189,-0.973586956521739,46
2013,24.9545652173913,4.07271739130435,"Comp.4, patch cut & Thin",25.8454253308129,3.79402173913043,-0.890860113421549,0.278695652173913,46
2014,24.8472282608696,5.08445652173913,"Comp.4, patch cut & Thin",25.8454253308129,3.79402173913043,-0.998197069943291,1.2904347826087,46
2015,26.4924456521739,4.30336956521739,"Comp.4, patch cut & Thin",25.8454253308129,3.79402173913043,0.647020321361058,0.509347826086956,46
2016,26.3475543478261,4.36195652173913,"Comp.4, patch cut & Thin",25.8454253308129,3.79402173913043,0.502129017013232,0.567934782608695,46
2017,25.2309239130435,4.59673913043478,"Comp.4, patch cut & Thin",25.8454253308129,3.79402173913043,-0.614501417769375,0.802717391304347,46
2018,27.046847826087,3.23173913043478,"Comp.4, patch cut & Thin",25.8454253308129,3.79402173913043,1.2014224952741,-0.562282608695652,46
1992,24.8176086956522,4.05891304347826,"Comp.4, thinning Harvest",25.8506096408318,3.81308601134215,-1.03300094517958,0.245827032136106,46
1993,25.6255434782609,3.83663043478261,"Comp.4, thinning Harvest",25.8506096408318,3.81308601134215,-0.22506616257089,0.0235444234404536,46
1994,25.1603804347826,4.74923913043478,"Comp.4, thinning Harvest",25.8506096408318,3.81308601134215,-0.69022920604915,0.936153119092627,46
1995,25.80125,3.56184782608696,"Comp.4, thinning Harvest",25.8506096408318,3.81308601134215,-0.04935964083176,-0.251238185255199,46
1996,25.9551630434783,3.36369565217391,"Comp.4, thinning Harvest",25.8506096408318,3.81308601134215,0.104553402646502,-0.449390359168242,46
1997,25.196902173913,3.69663043478261,"Comp.4, thinning Harvest",25.8506096408318,3.81308601134215,-0.653707466918718,-0.116455576559546,46
1998,27.5032608695652,1.77054347826087,"Comp.4, thinning Harvest",25.8506096408318,3.81308601134215,1.65265122873346,-2.04254253308129,46
1999,25.7221195652174,3.2545652173913,"Comp.4, thinning Harvest",25.8506096408318,3.81308601134215,-0.128490075614369,-0.558520793950851,46
2000,26.211847826087,2.60217391304348,"Comp.4, thinning Harvest",25.8506096408318,3.81308601134215,0.361238185255196,-1.21091209829868,46
2001,25.7021195652174,2.07065217391304,"Comp.4, thinning Harvest",25.8506096408318,3.81308601134215,-0.148490075614369,-1.74243383742911,46
2002,25.504347826087,3.82826086956522,"Comp.4, thinning Harvest",25.8506096408318,3.81308601134215,-0.346261814744803,0.0151748582230624,46
2003,25.6863043478261,4.07847826086957,"Comp.4, thinning Harvest",25.8506096408318,3.81308601134215,-0.164305293005672,0.265392249527411,46
2004,25.3139130434783,7.09739130434783,"Comp.4, thinning Harvest",25.8506096408318,3.81308601134215,-0.536696597353497,3.28430529300567,46
2005,25.4122282608696,2.80847826086957,"Comp.4, thinning Harvest",25.8506096408318,3.81308601134215,-0.438381379962195,-1.00460775047259,46
2006,25.6249456521739,2.26847826086957,"Comp.4, thinning Harvest",25.8506096408318,3.81308601134215,-0.225663988657846,-1.54460775047259,46
2007,25.3126630434783,4.1654347826087,"Comp.4, thinning Harvest",25.8506096408318,3.81308601134215,-0.5379465973535,0.352348771266541,46
2008,25.8263043478261,2.28608695652174,"Comp.4, thinning Harvest",25.8506096408318,3.81308601134215,-0.0243052930056713,-1.52699905482042,46
2009,25.8711413043478,4.69434782608696,"Comp.4, thinning Harvest",25.8506096408318,3.81308601134215,0.0205316635160671,0.881261814744802,46
2010,27.5138043478261,2.84467391304348,"Comp.4, thinning Harvest",25.8506096408318,3.81308601134215,1.66319470699433,-0.968412098298677,46
2011,26.9111413043478,1.90413043478261,"Comp.4, thinning Harvest",25.8506096408318,3.81308601134215,1.06053166351607,-1.90895557655955,46
2012,26.4848369565217,2.80902173913043,"Comp.4, thinning Harvest",25.8506096408318,3.81308601134215,0.63422731568998,-1.00406427221172,46
2013,24.9590760869565,4.07467391304348,"Comp.4, thinning Harvest",25.8506096408318,3.81308601134215,-0.891533553875238,0.261587901701323,46
2014,24.8563586956522,5.07663043478261,"Comp.4, thinning Harvest",25.8506096408318,3.81308601134215,-0.994250945179587,1.26354442344045,46
2015,26.5007608695652,4.29989130434783,"Comp.4, thinning Harvest",25.8506096408318,3.81308601134215,0.650151228733456,0.486805293005671,46
2016,26.35875,4.40054347826087,"Comp.4, thinning Harvest",25.8506096408318,3.81308601134215,0.508140359168241,0.587457466918715,46
2017,25.2382065217391,4.59554347826087,"Comp.4, thinning Harvest",25.8506096408318,3.81308601134215,-0.61240311909263,0.782457466918714,46
2018,27.0510326086957,3.2120652173913,"Comp.4, thinning Harvest",25.8506096408318,3.81308601134215,1.20042296786389,-0.601020793950851,46
1992,24.7864673913043,4.06717391304348,"Comp.4,  unharv. control",25.8094813327032,3.81653119092628,-1.02301394139887,0.250642722117203,46
1993,25.5823369565217,3.89728260869565,"Comp.4,  unharv. control",25.8094813327032,3.81653119092628,-0.227144376181474,0.0807514177693762,46
1994,25.1153804347826,4.82913043478261,"Comp.4,  unharv. control",25.8094813327032,3.81653119092628,-0.694100897920606,1.01259924385633,46
1995,25.7586413043478,3.57608695652174,"Comp.4,  unharv. control",25.8094813327032,3.81653119092628,-0.0508400283553883,-0.240444234404537,46
1996,25.8994565217391,3.5220652173913,"Comp.4,  unharv. control",25.8094813327032,3.81653119092628,0.0899751890359148,-0.294465973534972,46
1997,25.1458152173913,3.67923913043478,"Comp.4,  unharv. control",25.8094813327032,3.81653119092628,-0.663666115311909,-0.137292060491494,46
1998,27.4582065217391,1.76663043478261,"Comp.4,  unharv. control",25.8094813327032,3.81653119092628,1.64872518903591,-2.04990075614367,46
1999,25.6808152173913,3.00989130434783,"Comp.4,  unharv. control",25.8094813327032,3.81653119092628,-0.128666115311908,-0.80663988657845,46
2000,26.1757065217391,2.61195652173913,"Comp.4,  unharv. control",25.8094813327032,3.81653119092628,0.366225189035916,-1.20457466918715,46
2001,25.6599456521739,2.09010869565217,"Comp.4,  unharv. control",25.8094813327032,3.81653119092628,-0.149535680529301,-1.7264224952741,46
2002,25.4490217391304,3.49836956521739,"Comp.4,  unharv. control",25.8094813327032,3.81653119092628,-0.360459593572781,-0.318161625708885,46
2003,25.6457065217391,4.32521739130435,"Comp.4,  unharv. control",25.8094813327032,3.81653119092628,-0.163774810964085,0.508686200378072,46
2004,25.2640760869565,7.22021739130435,"Comp.4,  unharv. control",25.8094813327032,3.81653119092628,-0.545405245746693,3.40368620037807,46
2005,25.3550543478261,2.8204347826087,"Comp.4,  unharv. control",25.8094813327032,3.81653119092628,-0.454426984877127,-0.99609640831758,46
2006,25.578152173913,2.31717391304348,"Comp.4,  unharv. control",25.8094813327032,3.81653119092628,-0.231329158790171,-1.4993572778828,46
2007,25.2701630434783,4.05402173913043,"Comp.4,  unharv. control",25.8094813327032,3.81653119092628,-0.539318289224955,0.237490548204159,46
2008,25.7759782608696,2.27358695652174,"Comp.4,  unharv. control",25.8094813327032,3.81653119092628,-0.0335030718336498,-1.54294423440454,46
2009,25.8203804347826,4.64402173913043,"Comp.4,  unharv. control",25.8094813327032,3.81653119092628,0.0108991020793958,0.827490548204159,46
2010,27.4540760869565,2.86945652173913,"Comp.4,  unharv. control",25.8094813327032,3.81653119092628,1.64459475425331,-0.947074669187145,46
2011,26.8615760869565,1.77728260869565,"Comp.4,  unharv. control",25.8094813327032,3.81653119092628,1.05209475425331,-2.03924858223062,46
2012,26.4333152173913,2.805,"Comp.4,  unharv. control",25.8094813327032,3.81653119092628,0.623833884688089,-1.01153119092628,46
2013,24.9098369565217,4.08869565217391,"Comp.4,  unharv. control",25.8094813327032,3.81653119092628,-0.899644376181474,0.272164461247637,46
2014,24.8020652173913,5.16695652173913,"Comp.4,  unharv. control",25.8094813327032,3.81653119092628,-1.00741611531191,1.35042533081285,46
2015,26.4499456521739,4.29554347826087,"Comp.4,  unharv. control",25.8094813327032,3.81653119092628,0.640464319470698,0.479012287334593,46
2016,26.3049456521739,4.36728260869565,"Comp.4,  unharv. control",25.8094813327032,3.81653119092628,0.495464319470699,0.550751417769376,46
2017,25.1847282608696,4.60152173913044,"Comp.4,  unharv. control",25.8094813327032,3.81653119092628,-0.624753071833648,0.784990548204159,46
2018,27.0130434782609,3.14315217391304,"Comp.4,  unharv. control",25.8094813327032,3.81653119092628,1.20356214555765,-0.673379017013232,46
1992,24.7838586956522,3.83423913043478,"Comp.9, patch cut & Thin",25.7945593100189,3.84451086956522,-1.01070061436673,-0.0102717391304346,46
1993,25.5603804347826,3.71195652173913,"Comp.9, patch cut & Thin",25.7945593100189,3.84451086956522,-0.234178875236296,-0.132554347826087,46
1994,25.0860326086957,5.08086956521739,"Comp.9, patch cut & Thin",25.7945593100189,3.84451086956522,-0.708526701323251,1.23635869565217,46
1995,25.7441304347826,3.5629347826087,"Comp.9, patch cut & Thin",25.7945593100189,3.84451086956522,-0.050428875236296,-0.281576086956522,46
1996,25.8921739130435,3.25641304347826,"Comp.9, patch cut & Thin",25.7945593100189,3.84451086956522,0.0976146030245744,-0.588097826086956,46
1997,25.129402173913,3.51217391304348,"Comp.9, patch cut & Thin",25.7945593100189,3.84451086956522,-0.665157136105861,-0.332336956521739,46
1998,27.3864130434783,1.91913043478261,"Comp.9, patch cut & Thin",25.7945593100189,3.84451086956522,1.59185373345936,-1.92538043478261,46
1999,25.694402173913,3.14576086956522,"Comp.9, patch cut & Thin",25.7945593100189,3.84451086956522,-0.10015713610586,-0.69875,46
2000,26.2060326086957,2.33391304347826,"Comp.9, patch cut & Thin",25.7945593100189,3.84451086956522,0.411473298676746,-1.51059782608696,46
2001,25.6705434782609,2.03967391304348,"Comp.9, patch cut & Thin",25.7945593100189,3.84451086956522,-0.124015831758037,-1.80483695652174,46
2002,25.4648913043478,3.90423913043478,"Comp.9, patch cut & Thin",25.7945593100189,3.84451086956522,-0.329668005671078,0.0597282608695653,46
2003,25.6365217391304,4.355,"Comp.9, patch cut & Thin",25.7945593100189,3.84451086956522,-0.158037570888471,0.510489130434782,46
2004,25.2429347826087,7.55739130434783,"Comp.9, patch cut & Thin",25.7945593100189,3.84451086956522,-0.551624527410208,3.71288043478261,46
2005,25.3323913043478,2.98771739130435,"Comp.9, patch cut & Thin",25.7945593100189,3.84451086956522,-0.462168005671078,-0.856793478260869,46
2006,25.55875,2.12413043478261,"Comp.9, patch cut & Thin",25.7945593100189,3.84451086956522,-0.235809310018904,-1.72038043478261,46
2007,25.2571195652174,3.94891304347826,"Comp.9, patch cut & Thin",25.7945593100189,3.84451086956522,-0.537439744801514,0.104402173913043,46
2008,25.7482065217391,2.45913043478261,"Comp.9, patch cut & Thin",25.7945593100189,3.84451086956522,-0.0463527882797727,-1.38538043478261,46
2009,25.7954347826087,4.58760869565217,"Comp.9, patch cut & Thin",25.7945593100189,3.84451086956522,0.000875472589790149,0.743097826086956,46
2010,27.4094565217391,3.00228260869565,"Comp.9, patch cut & Thin",25.7945593100189,3.84451086956522,1.61489721172023,-0.842228260869565,46
2011,26.8173369565217,1.86902173913043,"Comp.9, patch cut & Thin",25.7945593100189,3.84451086956522,1.02277764650283,-1.97548913043478,46
2012,26.3939673913043,2.83380434782609,"Comp.9, patch cut & Thin",25.7945593100189,3.84451086956522,0.599408081285443,-1.01070652173913,46
2013,24.8954347826087,4.1475,"Comp.9, patch cut & Thin",25.7945593100189,3.84451086956522,-0.899124527410208,0.302989130434783,46
2014,24.8127173913043,5.20010869565217,"Comp.9, patch cut & Thin",25.7945593100189,3.84451086956522,-0.981841918714558,1.35559782608696,46
2015,26.4801086956522,3.77630434782609,"Comp.9, patch cut & Thin",25.7945593100189,3.84451086956522,0.685549385633269,-0.0682065217391306,46
2016,26.3449456521739,4.23847826086956,"Comp.9, patch cut & Thin",25.7945593100189,3.84451086956522,0.550386342155008,0.393967391304348,46
2017,25.1798913043478,4.85228260869565,"Comp.9, patch cut & Thin",25.7945593100189,3.84451086956522,-0.614668005671078,1.00777173913043,46
2018,26.9985326086957,3.28510869565217,"Comp.9, patch cut & Thin",25.7945593100189,3.84451086956522,1.20397329867675,-0.559402173913043,46
1992,24.7575,3.85782608695652,"Comp.9, thinning Harvest",25.7633435727788,3.86133034026465,-1.00584357277883,-0.00350425330812865,46
1993,25.5290217391304,3.69054347826087,"Comp.9, thinning Harvest",25.7633435727788,3.86133034026465,-0.234321833648394,-0.170786862003781,46
1994,25.0534239130435,5.12684782608696,"Comp.9, thinning Harvest",25.7633435727788,3.86133034026465,-0.709919659735352,1.26551748582231,46
1995,25.7120108695652,3.57315217391304,"Comp.9, thinning Harvest",25.7633435727788,3.86133034026465,-0.0513327032136104,-0.288178166351607,46
1996,25.8485326086957,3.28619565217391,"Comp.9, thinning Harvest",25.7633435727788,3.86133034026465,0.085189035916823,-0.575134688090738,46
1997,25.0861413043478,3.54391304347826,"Comp.9, thinning Harvest",25.7633435727788,3.86133034026465,-0.677202268431003,-0.31741729678639,46
1998,27.3615217391304,1.91978260869565,"Comp.9, thinning Harvest",25.7633435727788,3.86133034026465,1.59817816635161,-1.941547731569,46
1999,25.658097826087,3.14119565217391,"Comp.9, thinning Harvest",25.7633435727788,3.86133034026465,-0.105245746691875,-0.720134688090738,46
2000,26.1684782608696,2.34684782608696,"Comp.9, thinning Harvest",25.7633435727788,3.86133034026465,0.405134688090737,-1.51448251417769,46
2001,25.6355434782609,2.03684782608696,"Comp.9, thinning Harvest",25.7633435727788,3.86133034026465,-0.127800094517958,-1.82448251417769,46
2002,25.4242934782609,3.94413043478261,"Comp.9, thinning Harvest",25.7633435727788,3.86133034026465,-0.339050094517958,0.0828000945179581,46
2003,25.6008152173913,4.41695652173913,"Comp.9, thinning Harvest",25.7633435727788,3.86133034026465,-0.162528355387526,0.55562618147448,46
2004,25.1983695652174,7.24826086956522,"Comp.9, thinning Harvest",25.7633435727788,3.86133034026465,-0.564974007561439,3.38693052930057,46
2005,25.2824456521739,3.11684782608696,"Comp.9, thinning Harvest",25.7633435727788,3.86133034026465,-0.480897920604917,-0.744482514177694,46
2006,25.5225543478261,2.62402173913043,"Comp.9, thinning Harvest",25.7633435727788,3.86133034026465,-0.240789224952742,-1.23730860113422,46
2007,25.225597826087,3.74065217391304,"Comp.9, thinning Harvest",25.7633435727788,3.86133034026465,-0.537745746691872,-0.120678166351607,46
2008,25.7086413043478,2.46152173913043,"Comp.9, thinning Harvest",25.7633435727788,3.86133034026465,-0.0547022684310043,-1.39980860113422,46
2009,25.7645652173913,4.66434782608696,"Comp.9, thinning Harvest",25.7633435727788,3.86133034026465,0.00122164461247465,0.803017485822306,46
2010,27.363152173913,3.03521739130435,"Comp.9, thinning Harvest",25.7633435727788,3.86133034026465,1.59980860113421,-0.826112948960303,46
2011,26.78375,1.88597826086957,"Comp.9, thinning Harvest",25.7633435727788,3.86133034026465,1.02040642722117,-1.97535207939509,46
2012,26.3558695652174,2.845,"Comp.9, thinning Harvest",25.7633435727788,3.86133034026465,0.592525992438564,-1.01633034026465,46
2013,24.8551630434783,4.12336956521739,"Comp.9, thinning Harvest",25.7633435727788,3.86133034026465,-0.908180529300569,0.262039224952741,46
2014,24.7741847826087,5.1920652173913,"Comp.9, thinning Harvest",25.7633435727788,3.86133034026465,-0.989158790170134,1.33073487712665,46
2015,26.4386956521739,3.78010869565217,"Comp.9, thinning Harvest",25.7633435727788,3.86133034026465,0.675352079395083,-0.0812216446124765,46
2016,26.2917391304348,4.20913043478261,"Comp.9, thinning Harvest",25.7633435727788,3.86133034026465,0.528395557655951,0.347800094517959,46
2017,25.141847826087,4.67369565217391,"Comp.9, thinning Harvest",25.7633435727788,3.86133034026465,-0.621495746691874,0.812365311909263,46
2018,26.9658152173913,3.3745652173913,"Comp.9, thinning Harvest",25.7633435727788,3.86133034026465,1.20247164461248,-0.486765122873346,46
1992,24.7575,3.85782608695652,"Comp.9,  unharv. control",25.7633435727788,3.86133034026465,-1.00584357277883,-0.00350425330812865,46
1993,25.5290217391304,3.69054347826087,"Comp.9,  unharv. control",25.7633435727788,3.86133034026465,-0.234321833648394,-0.170786862003781,46
1994,25.0534239130435,5.12684782608696,"Comp.9,  unharv. control",25.7633435727788,3.86133034026465,-0.709919659735352,1.26551748582231,46
1995,25.7120108695652,3.57315217391304,"Comp.9,  unharv. control",25.7633435727788,3.86133034026465,-0.0513327032136104,-0.288178166351607,46
1996,25.8485326086957,3.28619565217391,"Comp.9,  unharv. control",25.7633435727788,3.86133034026465,0.085189035916823,-0.575134688090738,46
1997,25.0861413043478,3.54391304347826,"Comp.9,  unharv. control",25.7633435727788,3.86133034026465,-0.677202268431003,-0.31741729678639,46
1998,27.3615217391304,1.91978260869565,"Comp.9,  unharv. control",25.7633435727788,3.86133034026465,1.59817816635161,-1.941547731569,46
1999,25.658097826087,3.14119565217391,"Comp.9,  unharv. control",25.7633435727788,3.86133034026465,-0.105245746691875,-0.720134688090738,46
2000,26.1684782608696,2.34684782608696,"Comp.9,  unharv. control",25.7633435727788,3.86133034026465,0.405134688090737,-1.51448251417769,46
2001,25.6355434782609,2.03684782608696,"Comp.9,  unharv. control",25.7633435727788,3.86133034026465,-0.127800094517958,-1.82448251417769,46
2002,25.4242934782609,3.94413043478261,"Comp.9,  unharv. control",25.7633435727788,3.86133034026465,-0.339050094517958,0.0828000945179581,46
2003,25.6008152173913,4.41695652173913,"Comp.9,  unharv. control",25.7633435727788,3.86133034026465,-0.162528355387526,0.55562618147448,46
2004,25.1983695652174,7.24826086956522,"Comp.9,  unharv. control",25.7633435727788,3.86133034026465,-0.564974007561439,3.38693052930057,46
2005,25.2824456521739,3.11684782608696,"Comp.9,  unharv. control",25.7633435727788,3.86133034026465,-0.480897920604917,-0.744482514177694,46
2006,25.5225543478261,2.62402173913043,"Comp.9,  unharv. control",25.7633435727788,3.86133034026465,-0.240789224952742,-1.23730860113422,46
2007,25.225597826087,3.74065217391304,"Comp.9,  unharv. control",25.7633435727788,3.86133034026465,-0.537745746691872,-0.120678166351607,46
2008,25.7086413043478,2.46152173913043,"Comp.9,  unharv. control",25.7633435727788,3.86133034026465,-0.0547022684310043,-1.39980860113422,46
2009,25.7645652173913,4.66434782608696,"Comp.9,  unharv. control",25.7633435727788,3.86133034026465,0.00122164461247465,0.803017485822306,46
2010,27.363152173913,3.03521739130435,"Comp.9,  unharv. control",25.7633435727788,3.86133034026465,1.59980860113421,-0.826112948960303,46
2011,26.78375,1.88597826086957,"Comp.9,  unharv. control",25.7633435727788,3.86133034026465,1.02040642722117,-1.97535207939509,46
2012,26.3558695652174,2.845,"Comp.9,  unharv. control",25.7633435727788,3.86133034026465,0.592525992438564,-1.01633034026465,46
2013,24.8551630434783,4.12336956521739,"Comp.9,  unharv. control",25.7633435727788,3.86133034026465,-0.908180529300569,0.262039224952741,46
2014,24.7741847826087,5.1920652173913,"Comp.9,  unharv. control",25.7633435727788,3.86133034026465,-0.989158790170134,1.33073487712665,46
2015,26.4386956521739,3.78010869565217,"Comp.9,  unharv. control",25.7633435727788,3.86133034026465,0.675352079395083,-0.0812216446124765,46
2016,26.2917391304348,4.20913043478261,"Comp.9,  unharv. control",25.7633435727788,3.86133034026465,0.528395557655951,0.347800094517959,46
2017,25.141847826087,4.67369565217391,"Comp.9,  unharv. control",25.7633435727788,3.86133034026465,-0.621495746691874,0.812365311909263,46
2018,26.9658152173913,3.3745652173913,"Comp.9,  unharv. control",25.7633435727788,3.86133034026465,1.20247164461248,-0.486765122873346,46
1992,25.439347826087,5.63858695652174,"Shelterwood 1",26.3040170132325,5.08449669187146,-0.864669187145559,0.554090264650283,46
1993,25.648097826087,3.30141304347826,"Shelterwood 1",26.3040170132325,5.08449669187146,-0.655919187145557,-1.7830836483932,46
1994,25.5157065217391,6.21141304347826,"Shelterwood 1",26.3040170132325,5.08449669187146,-0.788310491493384,1.1269163516068,46
1995,26.363097826087,3.58630434782609,"Shelterwood 1",26.3040170132325,5.08449669187146,0.0590808128544431,-1.49819234404537,46
1996,26.3434782608696,3.33771739130435,"Shelterwood 1",26.3040170132325,5.08449669187146,0.0394612476370497,-1.74677930056711,46
1997,25.869347826087,5.09141304347826,"Shelterwood 1",26.3040170132325,5.08449669187146,-0.434669187145559,0.00691635160680537,46
1998,27.6555434782609,1.89152173913043,"Shelterwood 1",26.3040170132325,5.08449669187146,1.35152646502836,-3.19297495274102,46
1999,26.0796195652174,4.77239130434783,"Shelterwood 1",26.3040170132325,5.08449669187146,-0.224397448015122,-0.31210538752363,46
2000,26.8645108695652,3.98326086956522,"Shelterwood 1",26.3040170132325,5.08449669187146,0.560493856332705,-1.10123582230624,46
2001,25.8345652173913,6.50717391304348,"Shelterwood 1",26.3040170132325,5.08449669187146,-0.469451795841209,1.42267722117202,46
2002,26.0861956521739,4.41152173913043,"Shelterwood 1",26.3040170132325,5.08449669187146,-0.217821361058601,-0.672974952741021,46
2003,26.7785326086957,5.02739130434783,"Shelterwood 1",26.3040170132325,5.08449669187146,0.474515595463139,-0.05710538752363,46
2004,25.7979891304348,11.3633695652174,"Shelterwood 1",26.3040170132325,5.08449669187146,-0.506027882797731,6.27887287334594,46
2005,26.3316847826087,2.77347826086956,"Shelterwood 1",26.3040170132325,5.08449669187146,0.0276677693761833,-2.31101843100189,46
2006,26.3145652173913,1.93108695652174,"Shelterwood 1",26.3040170132325,5.08449669187146,0.0105482041587912,-3.15340973534972,46
2007,25.8799456521739,5.20869565217391,"Shelterwood 1",26.3040170132325,5.08449669187146,-0.424071361058601,0.124198960302457,46
2008,26.4008695652174,4.01586956521739,"Shelterwood 1",26.3040170132325,5.08449669187146,0.0968525519848775,-1.06862712665406,46
2009,26.7636956521739,3.43010869565217,"Shelterwood 1",26.3040170132325,5.08449669187146,0.459678638941398,-1.65438799621928,46
2010,27.660597826087,4.35336956521739,"Shelterwood 1",26.3040170132325,5.08449669187146,1.35658081285444,-0.731127126654065,46
2011,26.9483695652174,3.33902173913043,"Shelterwood 1",26.3040170132325,5.08449669187146,0.644352551984877,-1.74547495274102,46
2012,26.6020652173913,4.66608695652174,"Shelterwood 1",26.3040170132325,5.08449669187146,0.298048204158789,-0.418409735349717,46
2013,25.8421739130435,4.14663043478261,"Shelterwood 1",26.3040170132325,5.08449669187146,-0.461843100189036,-0.937866257088847,46
2014,25.5083152173913,7.39684782608696,"Shelterwood 1",26.3040170132325,5.08449669187146,-0.795701795841211,2.3123511342155,46
2015,26.8246195652174,5.29902173913043,"Shelterwood 1",26.3040170132325,5.08449669187146,0.520602551984876,0.214525047258979,46
2016,26.2652717391304,5.5895652173913,"Shelterwood 1",26.3040170132325,5.08449669187146,-0.0387452741020802,0.505068525519849,46
2017,25.4516304347826,6.93423913043478,"Shelterwood 1",26.3040170132325,5.08449669187146,-0.852386578449906,1.84974243856333,46
2018,27.4339130434783,2.92467391304348,"Shelterwood 1",26.3040170132325,5.08449669187146,1.12989603024575,-2.15982277882798,46
1992,25.4547282608696,5.66652173913043,"Shelterwood 2",26.324699905482,5.08603024574669,-0.869971644612477,0.580491493383743,46
1993,25.6673369565217,3.32836956521739,"Shelterwood 2",26.324699905482,5.08603024574669,-0.657362948960301,-1.7576606805293,46
1994,25.5336413043478,6.21402173913043,"Shelterwood 2",26.324699905482,5.08603024574669,-0.791058601134218,1.12799149338374,46
1995,26.3789130434783,3.61619565217391,"Shelterwood 2",26.324699905482,5.08603024574669,0.0542131379962179,-1.46983459357278,46
1996,26.3611956521739,3.2920652173913,"Shelterwood 2",26.324699905482,5.08603024574669,0.0364957466918696,-1.79396502835539,46
1997,25.8929347826087,5.06413043478261,"Shelterwood 2",26.324699905482,5.08603024574669,-0.431765122873347,-0.0218998109640829,46
1998,27.6808695652174,1.85695652173913,"Shelterwood 2",26.324699905482,5.08603024574669,1.35616965973535,-3.22907372400756,46
1999,26.1054891304348,4.76076086956522,"Shelterwood 2",26.324699905482,5.08603024574669,-0.219210775047259,-0.325269376181474,46
2000,26.8872282608696,3.98695652173913,"Shelterwood 2",26.324699905482,5.08603024574669,0.562528355387524,-1.09907372400756,46
2001,25.8666847826087,6.50086956521739,"Shelterwood 2",26.324699905482,5.08603024574669,-0.458015122873348,1.4148393194707,46
2002,26.1207065217391,4.46184782608696,"Shelterwood 2",26.324699905482,5.08603024574669,-0.203993383742912,-0.624182419659735,46
2003,26.8052173913043,4.99076086956522,"Shelterwood 2",26.324699905482,5.08603024574669,0.480517485822308,-0.0952693761814745,46
2004,25.8224456521739,11.3455434782609,"Shelterwood 2",26.324699905482,5.08603024574669,-0.502254253308131,6.25951323251418,46
2005,26.3532065217391,2.76369565217391,"Shelterwood 2",26.324699905482,5.08603024574669,0.0285066162570899,-2.32233459357278,46
2006,26.3390760869565,1.92978260869565,"Shelterwood 2",26.324699905482,5.08603024574669,0.0143761814744785,-3.15624763705104,46
2007,25.9089673913043,5.28836956521739,"Shelterwood 2",26.324699905482,5.08603024574669,-0.415732514177694,0.2023393194707,46
2008,26.4291847826087,4.09163043478261,"Shelterwood 2",26.324699905482,5.08603024574669,0.104484877126655,-0.994399810964083,46
2009,26.7917934782609,3.52152173913043,"Shelterwood 2",26.324699905482,5.08603024574669,0.467093572778829,-1.56450850661626,46
2010,27.68625,4.35097826086957,"Shelterwood 2",26.324699905482,5.08603024574669,1.36155009451796,-0.735051984877126,46
2011,26.9746195652174,3.30565217391304,"Shelterwood 2",26.324699905482,5.08603024574669,0.64991965973535,-1.78037807183365,46
2012,26.633152173913,4.66608695652174,"Shelterwood 2",26.324699905482,5.08603024574669,0.308452268431001,-0.419943289224952,46
2013,25.8724456521739,4.14532608695652,"Shelterwood 2",26.324699905482,5.08603024574669,-0.45225425330813,-0.94070415879017,46
2014,25.5334239130435,7.3579347826087,"Shelterwood 2",26.324699905482,5.08603024574669,-0.791275992438564,2.271904536862,46
2015,26.8466304347826,5.24652173913043,"Shelterwood 2",26.324699905482,5.08603024574669,0.521930529300565,0.160491493383743,46
2016,26.2661413043478,5.65315217391304,"Shelterwood 2",26.324699905482,5.08603024574669,-0.0585586011342158,0.567121928166352,46
2017,25.4573913043478,6.9125,"Shelterwood 2",26.324699905482,5.08603024574669,-0.867308601134216,1.82646975425331,46
2018,27.4523369565217,2.89336956521739,"Shelterwood 2",26.324699905482,5.08603024574669,1.1276370510397,-2.1926606805293,46
1992,21.4140760869565,3.90195652173913,"Norfork Chapin Point",22.8759652646503,3.42294187145558,-1.46188917769376,0.479014650283554,46
1993,22.5622282608696,3.73652173913043,"Norfork Chapin Point",22.8759652646503,3.42294187145558,-0.313737003780719,0.313579867674858,46
1994,22.2705434782609,2.09217391304348,"Norfork Chapin Point",22.8759652646503,3.42294187145558,-0.605421786389414,-1.3307679584121,46
1995,22.008097826087,2.70510869565217,"Norfork Chapin Point",22.8759652646503,3.42294187145558,-0.867867438563326,-0.717833175803403,46
1996,22.841902173913,2.85,"Norfork Chapin Point",22.8759652646503,3.42294187145558,-0.0340630907372379,-0.572941871455576,46
1997,21.8259239130435,2.44804347826087,"Norfork Chapin Point",22.8759652646503,3.42294187145558,-1.0500413516068,-0.974898393194707,46
1998,24.273152173913,2.55521739130435,"Norfork Chapin Point",22.8759652646503,3.42294187145558,1.39718690926276,-0.867724480151228,46
1999,22.9476630434783,2.11597826086957,"Norfork Chapin Point",22.8759652646503,3.42294187145558,0.0716977788279785,-1.30696361058601,46
2000,22.5515217391304,4.26967391304348,"Norfork Chapin Point",22.8759652646503,3.42294187145558,-0.324443525519847,0.846732041587902,46
2001,23.1464673913043,2.67760869565217,"Norfork Chapin Point",22.8759652646503,3.42294187145558,0.270502126654065,-0.745333175803403,46
2002,22.3226086956522,3.3904347826087,"Norfork Chapin Point",22.8759652646503,3.42294187145558,-0.553356568998108,-0.0325070888468808,46
2003,21.9507065217391,2.78619565217391,"Norfork Chapin Point",22.8759652646503,3.42294187145558,-0.925258742911151,-0.636746219281664,46
2004,22.305597826087,3.08815217391304,"Norfork Chapin Point",22.8759652646503,3.42294187145558,-0.570367438563327,-0.334789697542533,46
2005,22.786847826087,1.42771739130435,"Norfork Chapin Point",22.8759652646503,3.42294187145558,-0.0891174385633278,-1.99522448015123,46
2006,22.925652173913,2.69130434782609,"Norfork Chapin Point",22.8759652646503,3.42294187145558,0.0496869092627605,-0.731637523629489,46
2007,22.8890217391304,2.97413043478261,"Norfork Chapin Point",22.8759652646503,3.42294187145558,0.0130564744801518,-0.448811436672968,46
2008,22.3332608695652,3.75717391304348,"Norfork Chapin Point",22.8759652646503,3.42294187145558,-0.542704395085064,0.334232041587902,46
2009,22.1020652173913,4.63380434782609,"Norfork Chapin Point",22.8759652646503,3.42294187145558,-0.773900047258977,1.21086247637051,46
2010,24.2217934782609,4.65532608695652,"Norfork Chapin Point",22.8759652646503,3.42294187145558,1.34582821361059,1.23238421550095,46
2011,23.9475,3.33510869565217,"Norfork Chapin Point",22.8759652646503,3.42294187145558,1.07153473534972,-0.0878331758034023,46
2012,25.0165760869565,1.16173913043478,"Norfork Chapin Point",22.8759652646503,3.42294187145558,2.14061082230624,-2.26120274102079,46
2013,21.9039673913043,2.86032608695652,"Norfork Chapin Point",22.8759652646503,3.42294187145558,-0.971997873345934,-0.562615784499055,46
2014,21.6891847826087,3.77858695652174,"Norfork Chapin Point",22.8759652646503,3.42294187145558,-1.18678048204159,0.355645085066163,46
2015,23.2378260869565,5.56010869565217,"Norfork Chapin Point",22.8759652646503,3.42294187145558,0.361860822306237,2.1371668241966,46
2016,22.8354347826087,4.67369565217391,"Norfork Chapin Point",22.8759652646503,3.42294187145558,-0.0405304820415857,1.25075378071834,46
2017,22.204402173913,4.6620652173913,"Norfork Chapin Point",22.8759652646503,3.42294187145558,-0.671563090737241,1.23912334593573,46
2018,24.8101630434783,3.21010869565217,"Norfork Chapin Point",22.8759652646503,3.42294187145558,1.93419777882798,-0.212833175803402,46
1992,24.7607065217391,3.76934782608696,"Forest Comp. 11, south",25.7625921550095,3.85737003780718,-1.00188563327032,-0.0880222117202272,46
1993,25.525597826087,3.68978260869565,"Forest Comp. 11, south",25.7625921550095,3.85737003780718,-0.236994328922492,-0.167587429111531,46
1994,25.0478804347826,5.03336956521739,"Forest Comp. 11, south",25.7625921550095,3.85737003780718,-0.714711720226841,1.17599952741021,46
1995,25.7116847826087,3.56641304347826,"Forest Comp. 11, south",25.7625921550095,3.85737003780718,-0.0509073724007543,-0.290956994328923,46
1996,25.8496739130435,3.27217391304348,"Forest Comp. 11, south",25.7625921550095,3.85737003780718,0.087081758034028,-0.585196124763705,46
1997,25.085,3.53130434782609,"Forest Comp. 11, south",25.7625921550095,3.85737003780718,-0.677592155009449,-0.326065689981097,46
1998,27.344347826087,2.10597826086957,"Forest Comp. 11, south",25.7625921550095,3.85737003780718,1.58175567107751,-1.75139177693762,46
1999,25.6647826086957,3.11782608695652,"Forest Comp. 11, south",25.7625921550095,3.85737003780718,-0.0978095463137976,-0.739543950850662,46
2000,26.1807608695652,2.31586956521739,"Forest Comp. 11, south",25.7625921550095,3.85737003780718,0.418168714555769,-1.54150047258979,46
2001,25.6366304347826,2.05804347826087,"Forest Comp. 11, south",25.7625921550095,3.85737003780718,-0.12596172022684,-1.79932655954631,46
2002,25.4353804347826,3.45434782608696,"Forest Comp. 11, south",25.7625921550095,3.85737003780718,-0.327211720226842,-0.403022211720227,46
2003,25.603097826087,4.39804347826087,"Forest Comp. 11, south",25.7625921550095,3.85737003780718,-0.159494328922495,0.540673440453686,46
2004,25.1971739130435,7.5670652173913,"Forest Comp. 11, south",25.7625921550095,3.85737003780718,-0.565418241965972,3.70969517958412,46
2005,25.2850543478261,3.12141304347826,"Forest Comp. 11, south",25.7625921550095,3.85737003780718,-0.477537807183364,-0.735956994328923,46
2006,25.5214673913043,2.70945652173913,"Forest Comp. 11, south",25.7625921550095,3.85737003780718,-0.241124763705102,-1.14791351606805,46
2007,25.2267934782609,3.81032608695652,"Forest Comp. 11, south",25.7625921550095,3.85737003780718,-0.535798676748581,-0.0470439508506617,46
2008,25.7082065217391,2.44315217391304,"Forest Comp. 11, south",25.7625921550095,3.85737003780718,-0.0543856332703214,-1.41421786389414,46
2009,25.7621739130435,4.57369565217391,"Forest Comp. 11, south",25.7625921550095,3.85737003780718,-0.000418241965970623,0.716325614366729,46
2010,27.3617934782609,3.05163043478261,"Forest Comp. 11, south",25.7625921550095,3.85737003780718,1.59920132325142,-0.805739603024575,46
2011,26.779347826087,1.76576086956522,"Forest Comp. 11, south",25.7625921550095,3.85737003780718,1.0167556710775,-2.09160916824197,46
2012,26.353152173913,2.78369565217391,"Forest Comp. 11, south",25.7625921550095,3.85737003780718,0.590560018903595,-1.07367438563327,46
2013,24.855597826087,4.17141304347826,"Forest Comp. 11, south",25.7625921550095,3.85737003780718,-0.906994328922494,0.314043005671078,46
2014,24.7830434782609,5.19010869565217,"Forest Comp. 11, south",25.7625921550095,3.85737003780718,-0.979548676748582,1.33273865784499,46
2015,26.4482065217391,3.79521739130435,"Forest Comp. 11, south",25.7625921550095,3.85737003780718,0.685614366729681,-0.0621526465028359,46
2016,26.3063586956522,4.13163043478261,"Forest Comp. 11, south",25.7625921550095,3.85737003780718,0.543766540642725,0.274260396975425,46
2017,25.1464130434783,4.91760869565217,"Forest Comp. 11, south",25.7625921550095,3.85737003780718,-0.616179111531189,1.06023865784499,46
2018,26.9642934782609,3.46380434782609,"Forest Comp. 11, south",25.7625921550095,3.85737003780718,1.20170132325142,-0.393565689981097,46
1992,24.7795108695652,3.8875,"Not cut, unmanaged forest",25.7814532136106,3.85108459357278,-1.00194234404537,0.0364154064272215,46
1993,25.5438586956522,3.68967391304348,"Not cut, unmanaged forest",25.7814532136106,3.85108459357278,-0.237594517958414,-0.161410680529301,46
1994,25.0735869565217,5.13804347826087,"Not cut, unmanaged forest",25.7814532136106,3.85108459357278,-0.707866257088845,1.28695888468809,46
1995,25.728152173913,3.52858695652174,"Not cut, unmanaged forest",25.7814532136106,3.85108459357278,-0.0533010396975442,-0.32249763705104,46
1996,25.8664673913043,3.3204347826087,"Not cut, unmanaged forest",25.7814532136106,3.85108459357278,0.0850141776937612,-0.530649810964083,46
1997,25.113097826087,3.6020652173913,"Not cut, unmanaged forest",25.7814532136106,3.85108459357278,-0.668355387523629,-0.249019376181474,46
1998,27.3809239130435,1.90945652173913,"Not cut, unmanaged forest",25.7814532136106,3.85108459357278,1.59947069943289,-1.94162807183365,46
1999,25.6713586956522,2.85641304347826,"Not cut, unmanaged forest",25.7814532136106,3.85108459357278,-0.110094517958412,-0.994671550094518,46
2000,26.1916304347826,2.35358695652174,"Not cut, unmanaged forest",25.7814532136106,3.85108459357278,0.410177221172024,-1.49749763705104,46
2001,25.639347826087,2.04586956521739,"Not cut, unmanaged forest",25.7814532136106,3.85108459357278,-0.142105387523628,-1.80521502835539,46
2002,25.4328260869565,4.04782608695652,"Not cut, unmanaged forest",25.7814532136106,3.85108459357278,-0.348627126654065,0.196741493383743,46
2003,25.6295108695652,4.31304347826087,"Not cut, unmanaged forest",25.7814532136106,3.85108459357278,-0.151942344045366,0.461958884688091,46
2004,25.2211956521739,7.20510869565217,"Not cut, unmanaged forest",25.7814532136106,3.85108459357278,-0.560257561436671,3.3540241020794,46
2005,25.313097826087,3.00413043478261,"Not cut, unmanaged forest",25.7814532136106,3.85108459357278,-0.46835538752363,-0.84695415879017,46
2006,25.536902173913,2.65739130434783,"Not cut, unmanaged forest",25.7814532136106,3.85108459357278,-0.244551039697544,-1.19369328922495,46
2007,25.2302173913043,3.72608695652174,"Not cut, unmanaged forest",25.7814532136106,3.85108459357278,-0.551235822306239,-0.12499763705104,46
2008,25.7300543478261,2.44597826086957,"Not cut, unmanaged forest",25.7814532136106,3.85108459357278,-0.051398865784499,-1.40510633270321,46
2009,25.7876086956522,4.58130434782609,"Not cut, unmanaged forest",25.7814532136106,3.85108459357278,0.00615548204158856,0.730219754253309,46
2010,27.3978260869565,3.03282608695652,"Not cut, unmanaged forest",25.7814532136106,3.85108459357278,1.61637287334593,-0.818258506616257,46
2011,26.8059782608696,1.77804347826087,"Not cut, unmanaged forest",25.7814532136106,3.85108459357278,1.02452504725898,-2.07304111531191,46
2012,26.3760326086957,2.83630434782609,"Not cut, unmanaged forest",25.7814532136106,3.85108459357278,0.594579395085066,-1.01478024574669,46
2013,24.8786956521739,4.07521739130435,"Not cut, unmanaged forest",25.7814532136106,3.85108459357278,-0.902757561436673,0.224132797731569,46
2014,24.7920108695652,5.09847826086957,"Not cut, unmanaged forest",25.7814532136106,3.85108459357278,-0.989442344045369,1.24739366729679,46
2015,26.4610326086957,4.0425,"Not cut, unmanaged forest",25.7814532136106,3.85108459357278,0.679579395085067,0.191415406427221,46
2016,26.309402173913,3.95913043478261,"Not cut, unmanaged forest",25.7814532136106,3.85108459357278,0.527948960302457,0.10804584120983,46
2017,25.1686413043478,4.64108695652174,"Not cut, unmanaged forest",25.7814532136106,3.85108459357278,-0.61281190926276,0.79000236294896,46
2018,26.984402173913,3.34739130434783,"Not cut, unmanaged forest",25.7814532136106,3.85108459357278,1.20294896030246,-0.503693289224953,46
1992,23.5486956521739,4.03369565217391,"West Cache Creek",25.4390914461248,3.18726606805293,-1.89039579395085,0.846429584120983,46
1993,25.02875,2.9945652173913,"West Cache Creek",25.4390914461248,3.18726606805293,-0.410341446124765,-0.192700850661626,46
1994,25.1645108695652,2.31010869565217,"West Cache Creek",25.4390914461248,3.18726606805293,-0.274580576559547,-0.877157372400756,46
1995,23.9989130434783,4.44304347826087,"West Cache Creek",25.4390914461248,3.18726606805293,-1.4401784026465,1.25577741020794,46
1996,26.7500543478261,2.55391304347826,"West Cache Creek",25.4390914461248,3.18726606805293,1.31096290170132,-0.633353024574669,46
1997,24.2196739130435,2.61163043478261,"West Cache Creek",25.4390914461248,3.18726606805293,-1.21941753308128,-0.575635633270322,46
1998,27.8950543478261,0.839347826086956,"West Cache Creek",25.4390914461248,3.18726606805293,2.45596290170132,-2.34791824196597,46
1999,24.8647826086957,3.475,"West Cache Creek",25.4390914461248,3.18726606805293,-0.574308837429111,0.28773393194707,46
2000,25.3042391304348,3.04652173913043,"West Cache Creek",25.4390914461248,3.18726606805293,-0.134852315689979,-0.140744328922495,46
2001,26.3767934782609,2.38978260869565,"West Cache Creek",25.4390914461248,3.18726606805293,0.937702032136105,-0.797483459357278,46
2002,24.1873369565217,2.6579347826087,"West Cache Creek",25.4390914461248,3.18726606805293,-1.25175448960302,-0.529331285444234,46
2003,24.9320108695652,3.20576086956522,"West Cache Creek",25.4390914461248,3.18726606805293,-0.507080576559545,0.0184948015122872,46
2004,24.5554347826087,2.26869565217391,"West Cache Creek",25.4390914461248,3.18726606805293,-0.883656663516067,-0.918570415879017,46
2005,24.7920108695652,2.49521739130435,"West Cache Creek",25.4390914461248,3.18726606805293,-0.647080576559546,-0.692048676748582,46
2006,26.6597282608696,1.79152173913043,"West Cache Creek",25.4390914461248,3.18726606805293,1.2206368147448,-1.3957443289225,46
2007,23.9876630434783,7.32358695652174,"West Cache Creek",25.4390914461248,3.18726606805293,-1.4514284026465,4.13632088846881,46
2008,25.9289130434783,2.46565217391304,"West Cache Creek",25.4390914461248,3.18726606805293,0.489821597353497,-0.721613894139887,46
2009,24.9713043478261,2.60282608695652,"West Cache Creek",25.4390914461248,3.18726606805293,-0.467787098298675,-0.584439981096408,46
2010,25.8364673913043,3.76228260869565,"West Cache Creek",25.4390914461248,3.18726606805293,0.397375945179583,0.575016540642722,46
2011,28.7603804347826,1.57228260869565,"West Cache Creek",25.4390914461248,3.18726606805293,3.32128898865784,-1.61498345935728,46
2012,27.15375,1.37336956521739,"West Cache Creek",25.4390914461248,3.18726606805293,1.71465855387524,-1.81389650283554,46
2013,25.290652173913,2.77380434782609,"West Cache Creek",25.4390914461248,3.18726606805293,-0.148439272211721,-0.413461720226843,46
2014,25.1501086956522,2.8975,"West Cache Creek",25.4390914461248,3.18726606805293,-0.288982750472591,-0.28976606805293,46
2015,24.8398913043478,6.95304347826087,"West Cache Creek",25.4390914461248,3.18726606805293,-0.599200141776937,3.76577741020794,46
2016,25.1742391304348,4.26608695652174,"West Cache Creek",25.4390914461248,3.18726606805293,-0.264852315689982,1.07882088846881,46
2017,25.100597826087,3.3875,"West Cache Creek",25.4390914461248,3.18726606805293,-0.338493620037806,0.20023393194707,46
2018,27.6211413043478,2.6875,"West Cache Creek",25.4390914461248,3.18726606805293,2.18204985822306,-0.49976606805293,46
1992,24.7614130434783,3.75554347826087,"Cottonwood Brake stand",25.7471739130435,3.78016776937618,-0.985760869565219,-0.0246242911153121,46
1993,25.565652173913,3.93673913043478,"Cottonwood Brake stand",25.7471739130435,3.78016776937618,-0.181521739130435,0.156571361058601,46
1994,25.0047282608696,4.51489130434783,"Cottonwood Brake stand",25.7471739130435,3.78016776937618,-0.742445652173913,0.734723534971645,46
1995,25.6605434782609,3.25989130434783,"Cottonwood Brake stand",25.7471739130435,3.78016776937618,-0.0866304347826095,-0.520276465028355,46
1996,26.0144565217391,3.31804347826087,"Cottonwood Brake stand",25.7471739130435,3.78016776937618,0.267282608695652,-0.462124291115312,46
1997,25.0929347826087,3.03032608695652,"Cottonwood Brake stand",25.7471739130435,3.78016776937618,-0.654239130434782,-0.74984168241966,46
1998,27.204347826087,2.7604347826087,"Cottonwood Brake stand",25.7471739130435,3.78016776937618,1.45717391304348,-1.01973298676749,46
1999,25.8570652173913,3.44565217391304,"Cottonwood Brake stand",25.7471739130435,3.78016776937618,0.109891304347826,-0.334515595463138,46
2000,26.3194565217391,2.2975,"Cottonwood Brake stand",25.7471739130435,3.78016776937618,0.572282608695652,-1.48266776937618,46
2001,25.7730434782609,2.12913043478261,"Cottonwood Brake stand",25.7471739130435,3.78016776937618,0.0258695652173913,-1.65103733459357,46
2002,25.6427717391304,3.64260869565217,"Cottonwood Brake stand",25.7471739130435,3.78016776937618,-0.104402173913044,-0.137559073724008,46
2003,25.621902173913,4.06826086956522,"Cottonwood Brake stand",25.7471739130435,3.78016776937618,-0.125271739130437,0.288093100189036,46
2004,25.2861956521739,6.84684782608696,"Cottonwood Brake stand",25.7471739130435,3.78016776937618,-0.460978260869567,3.06668005671078,46
2005,25.3248369565217,2.76402173913043,"Cottonwood Brake stand",25.7471739130435,3.78016776937618,-0.42233695652174,-1.01614603024575,46
2006,25.6677717391304,1.74130434782609,"Cottonwood Brake stand",25.7471739130435,3.78016776937618,-0.0794021739130457,-2.03886342155009,46
2007,25.3670652173913,4.24423913043478,"Cottonwood Brake stand",25.7471739130435,3.78016776937618,-0.380108695652176,0.464071361058601,46
2008,25.6957608695652,3.09913043478261,"Cottonwood Brake stand",25.7471739130435,3.78016776937618,-0.0514130434782629,-0.681037334593573,46
2009,25.6769565217391,5.1925,"Cottonwood Brake stand",25.7471739130435,3.78016776937618,-0.0702173913043502,1.41233223062382,46
2010,27.343152173913,2.45423913043478,"Cottonwood Brake stand",25.7471739130435,3.78016776937618,1.59597826086956,-1.3259286389414,46
2011,26.6979891304348,1.83619565217391,"Cottonwood Brake stand",25.7471739130435,3.78016776937618,0.950815217391302,-1.94397211720227,46
2012,26.3553260869565,3.7379347826087,"Cottonwood Brake stand",25.7471739130435,3.78016776937618,0.608152173913041,-0.0422329867674858,46
2013,24.9023369565217,4.41760869565217,"Cottonwood Brake stand",25.7471739130435,3.78016776937618,-0.844836956521739,0.637440926275992,46
2014,24.8864673913043,5.09923913043478,"Cottonwood Brake stand",25.7471739130435,3.78016776937618,-0.860706521739132,1.3190713610586,46
2015,26.4825543478261,3.91010869565217,"Cottonwood Brake stand",25.7471739130435,3.78016776937618,0.735380434782609,0.129940926275992,46
2016,26.4438586956522,3.51532608695652,"Cottonwood Brake stand",25.7471739130435,3.78016776937618,0.696684782608695,-0.26484168241966,46
2017,25.0832608695652,4.89760869565217,"Cottonwood Brake stand",25.7471739130435,3.78016776937618,-0.663913043478264,1.11744092627599,46
2018,26.8696195652174,3.57217391304348,"Cottonwood Brake stand",25.7471739130435,3.78016776937618,1.12244565217391,-0.207993856332703,46
1992,24.7539673913043,3.7554347826087,"Cottonwood Levee stand",25.7501382325142,3.76574905482042,-0.996170841209832,-0.01031427221172,46
1993,25.5634239130435,3.93739130434783,"Cottonwood Levee stand",25.7501382325142,3.76574905482042,-0.186714319470699,0.17164224952741,46
1994,25.0079347826087,4.4995652173913,"Cottonwood Levee stand",25.7501382325142,3.76574905482042,-0.742203449905482,0.733816162570889,46
1995,25.6628804347826,3.26673913043478,"Cottonwood Levee stand",25.7501382325142,3.76574905482042,-0.0872577977315707,-0.499009924385633,46
1996,26.0078804347826,3.30619565217391,"Cottonwood Levee stand",25.7501382325142,3.76574905482042,0.257742202268432,-0.459553402646503,46
1997,25.0934239130435,3.03978260869565,"Cottonwood Levee stand",25.7501382325142,3.76574905482042,-0.656714319470701,-0.725966446124763,46
1998,27.2201086956522,2.73869565217391,"Cottonwood Levee stand",25.7501382325142,3.76574905482042,1.46997046313799,-1.0270534026465,46
1999,25.8420108695652,3.4329347826087,"Cottonwood Levee stand",25.7501382325142,3.76574905482042,0.0918726370510399,-0.33281427221172,46
2000,26.3015760869565,2.31195652173913,"Cottonwood Levee stand",25.7501382325142,3.76574905482042,0.551437854442344,-1.45379253308129,46
2001,25.7639673913043,2.12815217391304,"Cottonwood Levee stand",25.7501382325142,3.76574905482042,0.0138291587901698,-1.63759688090737,46
2002,25.6351630434783,3.69402173913043,"Cottonwood Levee stand",25.7501382325142,3.76574905482042,-0.114975189035917,-0.0717273156899809,46
2003,25.628152173913,4.08423913043478,"Cottonwood Levee stand",25.7501382325142,3.76574905482042,-0.121986058601134,0.318490075614366,46
2004,25.2971739130435,6.87336956521739,"Cottonwood Levee stand",25.7501382325142,3.76574905482042,-0.452964319470698,3.10762051039698,46
2005,25.3238043478261,2.72815217391304,"Cottonwood Levee stand",25.7501382325142,3.76574905482042,-0.426333884688091,-1.03759688090737,46
2006,25.6633152173913,1.73858695652174,"Cottonwood Levee stand",25.7501382325142,3.76574905482042,-0.0868230151228744,-2.02716209829868,46
2007,25.3663043478261,4.24858695652174,"Cottonwood Levee stand",25.7501382325142,3.76574905482042,-0.383833884688091,0.482837901701323,46
2008,25.6994565217391,3.08076086956522,"Cottonwood Levee stand",25.7501382325142,3.76574905482042,-0.0506817107750486,-0.684988185255198,46
2009,25.6883695652174,5.15576086956522,"Cottonwood Levee stand",25.7501382325142,3.76574905482042,-0.0617686672967857,1.3900118147448,46
2010,27.3414673913043,2.42945652173913,"Cottonwood Levee stand",25.7501382325142,3.76574905482042,1.59132915879017,-1.33629253308129,46
2011,26.7063586956522,1.64260869565217,"Cottonwood Levee stand",25.7501382325142,3.76574905482042,0.956220463137996,-2.12314035916824,46
2012,26.3626630434783,3.48630434782609,"Cottonwood Levee stand",25.7501382325142,3.76574905482042,0.612524810964082,-0.279444706994329,46
2013,24.8971739130435,4.44184782608696,"Cottonwood Levee stand",25.7501382325142,3.76574905482042,-0.852964319470701,0.67609877126654,46
2014,24.8764673913043,5.14152173913044,"Cottonwood Levee stand",25.7501382325142,3.76574905482042,-0.87367084120983,1.37577268431002,46
2015,26.4775543478261,3.93934782608696,"Cottonwood Levee stand",25.7501382325142,3.76574905482042,0.727416115311907,0.173598771266541,46
2016,26.4335869565217,3.62119565217391,"Cottonwood Levee stand",25.7501382325142,3.76574905482042,0.683448724007562,-0.144553402646503,46
2017,25.0747282608696,4.69771739130435,"Cottonwood Levee stand",25.7501382325142,3.76574905482042,-0.675409971644612,0.931968336483932,46
2018,26.8733695652174,3.5320652173913,"Cottonwood Levee stand",25.7501382325142,3.76574905482042,1.12323133270321,-0.233683837429111,46
1992,24.776902173913,4.03826086956522,"TENS WOOD",25.789195415879,3.84373345935728,-1.01229324196597,0.19452741020794,46
1993,25.556847826087,3.9354347826087,"TENS WOOD",25.789195415879,3.84373345935728,-0.232347589792063,0.0917013232514177,46
1994,25.0896195652174,4.82630434782609,"TENS WOOD",25.789195415879,3.84373345935728,-0.699575850661628,0.982570888468809,46
1995,25.7357065217391,3.57826086956522,"TENS WOOD",25.789195415879,3.84373345935728,-0.0534888941398854,-0.26547258979206,46
1996,25.8742391304348,3.37347826086957,"TENS WOOD",25.789195415879,3.84373345935728,0.0850437145557663,-0.470255198487713,46
1997,25.1219565217391,3.67739130434783,"TENS WOOD",25.789195415879,3.84373345935728,-0.667238894139889,-0.166342155009452,46
1998,27.4189130434783,1.8329347826087,"TENS WOOD",25.789195415879,3.84373345935728,1.62971762759924,-2.01079867674858,46
1999,25.6646739130435,2.93054347826087,"TENS WOOD",25.789195415879,3.84373345935728,-0.124521502835538,-0.913189981096408,46
2000,26.1752173913043,2.55413043478261,"TENS WOOD",25.789195415879,3.84373345935728,0.386021975425329,-1.28960302457467,46
2001,25.6427717391304,2.03478260869565,"TENS WOOD",25.789195415879,3.84373345935728,-0.146423676748583,-1.80895085066163,46
2002,25.4299456521739,3.64619565217391,"TENS WOOD",25.789195415879,3.84373345935728,-0.359249763705105,-0.197537807183365,46
2003,25.6279891304348,4.41978260869565,"TENS WOOD",25.789195415879,3.84373345935728,-0.161206285444234,0.576049149338374,46
2004,25.2336413043478,7.25358695652174,"TENS WOOD",25.789195415879,3.84373345935728,-0.55555411153119,3.40985349716446,46
2005,25.3234782608696,2.7570652173913,"TENS WOOD",25.789195415879,3.84373345935728,-0.465717155009454,-1.08666824196597,46
2006,25.549347826087,2.7979347826087,"TENS WOOD",25.789195415879,3.84373345935728,-0.23984758979206,-1.04579867674858,46
2007,25.2422826086957,3.92054347826087,"TENS WOOD",25.789195415879,3.84373345935728,-0.546912807183364,0.0768100189035916,46
2008,25.743097826087,2.56065217391304,"TENS WOOD",25.789195415879,3.84373345935728,-0.0460975897920619,-1.28308128544423,46
2009,25.7954891304348,4.60010869565217,"TENS WOOD",25.789195415879,3.84373345935728,0.00629371455576688,0.756375236294896,46
2010,27.4138043478261,2.98695652173913,"TENS WOOD",25.789195415879,3.84373345935728,1.62460893194707,-0.856776937618148,46
2011,26.82875,1.75967391304348,"TENS WOOD",25.789195415879,3.84373345935728,1.03955458412098,-2.0840595463138,46
2012,26.3941847826087,2.79315217391304,"TENS WOOD",25.789195415879,3.84373345935728,0.604989366729679,-1.05058128544423,46
2013,24.8848913043478,4.09989130434783,"TENS WOOD",25.789195415879,3.84373345935728,-0.904304111531193,0.256157844990549,46
2014,24.7854891304348,5.2154347826087,"TENS WOOD",25.789195415879,3.84373345935728,-1.00370628544423,1.37170132325142,46
2015,26.4459239130435,4.1745652173913,"TENS WOOD",25.789195415879,3.84373345935728,0.656728497164462,0.330831758034027,46
2016,26.2941847826087,4.13771739130435,"TENS WOOD",25.789195415879,3.84373345935728,0.504989366729678,0.29398393194707,46
2017,25.1644565217391,4.59913043478261,"TENS WOOD",25.789195415879,3.84373345935728,-0.624738894139888,0.755396975425331,46
2018,26.9932608695652,3.2629347826087,"TENS WOOD",25.789195415879,3.84373345935728,1.2040654536862,-0.580798676748582,46
1992,20.7317934782609,3.13184782608696,"Proffitt's Prairie",22.0860680529301,4.08015831758034,-1.35427457466919,-0.948310491493384,46
1993,21.8541304347826,4.84815217391304,"Proffitt's Prairie",22.0860680529301,4.08015831758034,-0.231937618147448,0.767993856332703,46
1994,21.3113586956522,3.72923913043478,"Proffitt's Prairie",22.0860680529301,4.08015831758034,-0.774709357277882,-0.350919187145558,46
1995,21.0109239130435,5.00782608695652,"Proffitt's Prairie",22.0860680529301,4.08015831758034,-1.07514413988658,0.927667769376181,46
1996,21.6505434782609,4.28684782608696,"Proffitt's Prairie",22.0860680529301,4.08015831758034,-0.435524574669188,0.206689508506616,46
1997,20.7534239130435,3.005,"Proffitt's Prairie",22.0860680529301,4.08015831758034,-1.33264413988658,-1.07515831758034,46
1998,23.0615217391304,6.05076086956522,"Proffitt's Prairie",22.0860680529301,4.08015831758034,0.975453686200378,1.97060255198488,46
1999,22.2119565217391,2.73217391304348,"Proffitt's Prairie",22.0860680529301,4.08015831758034,0.125888468809073,-1.34798440453686,46
2000,21.9622282608696,3.14467391304348,"Proffitt's Prairie",22.0860680529301,4.08015831758034,-0.12383979206049,-0.935484404536862,46
2001,22.480597826087,4.53423913043478,"Proffitt's Prairie",22.0860680529301,4.08015831758034,0.394529773156901,0.454080812854442,46
2002,21.9317934782609,4.96434782608696,"Proffitt's Prairie",22.0860680529301,4.08015831758034,-0.154274574669188,0.884189508506616,46
2003,21.134402173913,3.70760869565217,"Proffitt's Prairie",22.0860680529301,4.08015831758034,-0.951665879017014,-0.372549621928167,46
2004,21.7004347826087,4.03434782608696,"Proffitt's Prairie",22.0860680529301,4.08015831758034,-0.38563327032136,-0.0458104914933841,46
2005,22.559347826087,2.58815217391304,"Proffitt's Prairie",22.0860680529301,4.08015831758034,0.4732797731569,-1.4920061436673,46
2006,22.4746739130435,3.99673913043478,"Proffitt's Prairie",22.0860680529301,4.08015831758034,0.388605860113422,-0.0834191871455578,46
2007,22.4185326086957,3.5029347826087,"Proffitt's Prairie",22.0860680529301,4.08015831758034,0.332464555765597,-0.577223534971645,46
2008,20.9958152173913,5.40369565217391,"Proffitt's Prairie",22.0860680529301,4.08015831758034,-1.09025283553875,1.32353733459357,46
2009,20.9932065217391,4.47673913043478,"Proffitt's Prairie",22.0860680529301,4.08015831758034,-1.09286153119093,0.396580812854442,46
2010,22.9982608695652,5.04771739130435,"Proffitt's Prairie",22.0860680529301,4.08015831758034,0.912192816635162,0.967559073724007,46
2011,22.9003260869565,4.28663043478261,"Proffitt's Prairie",22.0860680529301,4.08015831758034,0.814258034026466,0.206472117202268,46
2012,24.4485326086957,1.91163043478261,"Proffitt's Prairie",22.0860680529301,4.08015831758034,2.36246455576559,-2.16852788279773,46
2013,21.1923913043478,4.06652173913043,"Proffitt's Prairie",22.0860680529301,4.08015831758034,-0.89367674858223,-0.0136365784499057,46
2014,21.6089673913043,2.91815217391304,"Proffitt's Prairie",22.0860680529301,4.08015831758034,-0.477100661625709,-1.1620061436673,46
2015,22.4485869565217,8.12282608695652,"Proffitt's Prairie",22.0860680529301,4.08015831758034,0.362518903591681,4.04266776937618,46
2016,22.4192391304348,4.98380434782609,"Proffitt's Prairie",22.0860680529301,4.08015831758034,0.333171077504726,0.903646030245747,46
2017,22.0761956521739,4.76739130434783,"Proffitt's Prairie",22.0860680529301,4.08015831758034,-0.00987240075614437,0.687232986767485,46
2018,24.1635326086957,3.42021739130435,"Proffitt's Prairie",22.0860680529301,4.08015831758034,2.07746455576559,-0.659940926275993,46
1992,24.4847826086957,4.03239130434783,"Black Bayou Lake",25.6588657844991,3.74590028355388,-1.1740831758034,0.28649102079395,46
1993,25.4721739130435,3.0979347826087,"Black Bayou Lake",25.6588657844991,3.74590028355388,-0.186691871455579,-0.64796550094518,46
1994,25.0627173913043,3.89228260869565,"Black Bayou Lake",25.6588657844991,3.74590028355388,-0.59614839319471,0.146382325141777,46
1995,25.5494565217391,3.18282608695652,"Black Bayou Lake",25.6588657844991,3.74590028355388,-0.109409262759925,-0.563074196597354,46
1996,25.7129891304348,3.84923913043478,"Black Bayou Lake",25.6588657844991,3.74590028355388,0.0541233459357251,0.103338846880908,46
1997,25.0066304347826,3.33304347826087,"Black Bayou Lake",25.6588657844991,3.74590028355388,-0.652235349716449,-0.412856805293006,46
1998,27.6736413043478,1.24521739130435,"Black Bayou Lake",25.6588657844991,3.74590028355388,2.01477551984877,-2.50068289224953,46
1999,25.4554891304348,4.19619565217391,"Black Bayou Lake",25.6588657844991,3.74590028355388,-0.203376654064275,0.450295368620038,46
2000,25.7675,3.81576086956522,"Black Bayou Lake",25.6588657844991,3.74590028355388,0.108634215500942,0.0698605860113419,46
2001,25.496847826087,3.63847826086957,"Black Bayou Lake",25.6588657844991,3.74590028355388,-0.1620179584121,-0.10742202268431,46
2002,25.1989130434783,3.42152173913043,"Black Bayou Lake",25.6588657844991,3.74590028355388,-0.459952741020796,-0.32437854442344,46
2003,25.2679347826087,4.92326086956522,"Black Bayou Lake",25.6588657844991,3.74590028355388,-0.390931001890362,1.17736058601134,46
2004,24.9884782608696,8.50434782608696,"Black Bayou Lake",25.6588657844991,3.74590028355388,-0.67038752362949,4.75844754253308,46
2005,25.0008695652174,2.56586956521739,"Black Bayou Lake",25.6588657844991,3.74590028355388,-0.657996219281664,-1.18003071833648,46
2006,25.3382608695652,2.2995652173913,"Black Bayou Lake",25.6588657844991,3.74590028355388,-0.320604914933838,-1.44633506616257,46
2007,25.0282065217391,4.15858695652174,"Black Bayou Lake",25.6588657844991,3.74590028355388,-0.630659262759927,0.412686672967864,46
2008,25.5741304347826,2.96717391304348,"Black Bayou Lake",25.6588657844991,3.74590028355388,-0.0847353497164463,-0.778726370510397,46
2009,25.5529347826087,3.83608695652174,"Black Bayou Lake",25.6588657844991,3.74590028355388,-0.105931001890362,0.0901866729678638,46
2010,27.3273913043478,3.62826086956522,"Black Bayou Lake",25.6588657844991,3.74590028355388,1.66852551984877,-0.117639413988658,46
2011,26.9058695652174,1.88152173913043,"Black Bayou Lake",25.6588657844991,3.74590028355388,1.24700378071833,-1.86437854442344,46
2012,26.3879891304348,2.09119565217391,"Black Bayou Lake",25.6588657844991,3.74590028355388,0.729123345935726,-1.65470463137996,46
2013,24.6355434782609,3.32380434782609,"Black Bayou Lake",25.6588657844991,3.74590028355388,-1.02332230623819,-0.422095935727788,46
2014,24.5176086956522,4.75423913043478,"Black Bayou Lake",25.6588657844991,3.74590028355388,-1.14125708884688,1.00833884688091,46
2015,25.9902717391304,4.06326086956522,"Black Bayou Lake",25.6588657844991,3.74590028355388,0.331405954631379,0.317360586011342,46
2016,25.9809239130435,4.19108695652174,"Black Bayou Lake",25.6588657844991,3.74590028355388,0.322058128544423,0.445186672967864,46
2017,24.998152173913,5.31021739130435,"Black Bayou Lake",25.6588657844991,3.74590028355388,-0.660713610586011,1.56431710775047,46
2018,27.0814130434783,2.2220652173913,"Black Bayou Lake",25.6588657844991,3.74590028355388,1.4225472589792,-1.52383506616257,46
1992,20.5401630434783,4.15054347826087,"Homestead Springs Res Sta",21.972199905482,4.04523393194707,-1.43203686200378,0.1053095463138,46
1993,21.6078260869565,5.92010869565217,"Homestead Springs Res Sta",21.972199905482,4.04523393194707,-0.364373818525522,1.8748747637051,46
1994,21.3207065217391,2.4995652173913,"Homestead Springs Res Sta",21.972199905482,4.04523393194707,-0.651493383742913,-1.54566871455577,46
1995,20.6936956521739,4.71152173913043,"Homestead Springs Res Sta",21.972199905482,4.04523393194707,-1.27850425330813,0.666287807183364,46
1996,21.4121739130435,3.23086956521739,"Homestead Springs Res Sta",21.972199905482,4.04523393194707,-0.560025992438565,-0.814364366729679,46
1997,20.4350543478261,3.26326086956522,"Homestead Springs Res Sta",21.972199905482,4.04523393194707,-1.53714555765596,-0.781973062381853,46
1998,23.1982608695652,4.39260869565217,"Homestead Springs Res Sta",21.972199905482,4.04523393194707,1.22606096408317,0.347374763705104,46
1999,21.6455434782609,3.40423913043478,"Homestead Springs Res Sta",21.972199905482,4.04523393194707,-0.326656427221174,-0.640994801512288,46
2000,21.4166304347826,4.60445652173913,"Homestead Springs Res Sta",21.972199905482,4.04523393194707,-0.555569470699435,0.55922258979206,46
2001,22.1271195652174,4.52413043478261,"Homestead Springs Res Sta",21.972199905482,4.04523393194707,0.154919659735349,0.478896502835538,46
2002,21.5335869565217,4.46010869565217,"Homestead Springs Res Sta",21.972199905482,4.04523393194707,-0.438612948960305,0.414874763705104,46
2003,21.1594565217391,2.99228260869565,"Homestead Springs Res Sta",21.972199905482,4.04523393194707,-0.812743383742912,-1.05295132325142,46
2004,21.4501630434783,3.81858695652174,"Homestead Springs Res Sta",21.972199905482,4.04523393194707,-0.522036862003784,-0.226646975425331,46
2005,22.3779347826087,1.90195652173913,"Homestead Springs Res Sta",21.972199905482,4.04523393194707,0.405734877126651,-2.14327741020794,46
2006,22.6255434782609,2.8895652173913,"Homestead Springs Res Sta",21.972199905482,4.04523393194707,0.653343572778827,-1.15566871455577,46
2007,22.5266847826087,4.45032608695652,"Homestead Springs Res Sta",21.972199905482,4.04523393194707,0.554484877126654,0.405092155009451,46
2008,21.314347826087,5.93326086956522,"Homestead Springs Res Sta",21.972199905482,4.04523393194707,-0.657852079395088,1.88802693761815,46
2009,21.1248913043478,4.67119565217391,"Homestead Springs Res Sta",21.972199905482,4.04523393194707,-0.847308601134216,0.625961720226843,46
2010,23.1836956521739,4.78239130434783,"Homestead Springs Res Sta",21.972199905482,4.04523393194707,1.21149574669187,0.737157372400755,46
2011,23.3030434782609,2.91717391304348,"Homestead Springs Res Sta",21.972199905482,4.04523393194707,1.33084357277883,-1.12806001890359,46
2012,24.1383695652174,1.79065217391304,"Homestead Springs Res Sta",21.972199905482,4.04523393194707,2.16616965973535,-2.25458175803403,46
2013,21.0525543478261,4.7454347826087,"Homestead Springs Res Sta",21.972199905482,4.04523393194707,-0.919645557655954,0.700200850661625,46
2014,21.1564673913043,3.57586956521739,"Homestead Springs Res Sta",21.972199905482,4.04523393194707,-0.815732514177697,-0.469364366729679,46
2015,22.40625,7.70804347826087,"Homestead Springs Res Sta",21.972199905482,4.04523393194707,0.434050094517957,3.6628095463138,46
2016,22.1695108695652,5.14684782608696,"Homestead Springs Res Sta",21.972199905482,4.04523393194707,0.197310964083176,1.10161389413989,46
2017,21.7316304347826,4.08369565217391,"Homestead Springs Res Sta",21.972199905482,4.04523393194707,-0.240569470699434,0.0384617202268425,46
2018,24.2521195652174,2.78608695652174,"Homestead Springs Res Sta",21.972199905482,4.04523393194707,2.27991965973535,-1.25914697542533,46
1992,20.3130434782609,3.68815217391304,"Grandfather Prairie",22.0986495746692,4.38974480151229,-1.78560609640832,-0.701592627599243,46
1993,21.8007065217391,7.54010869565217,"Grandfather Prairie",22.0986495746692,4.38974480151229,-0.297943052930059,3.15036389413989,46
1994,21.6264673913043,2.54195652173913,"Grandfather Prairie",22.0986495746692,4.38974480151229,-0.47218218336484,-1.84778827977316,46
1995,20.8572282608696,6.90641304347826,"Grandfather Prairie",22.0986495746692,4.38974480151229,-1.24142131379962,2.51666824196597,46
1996,21.6189673913043,6.26880434782609,"Grandfather Prairie",22.0986495746692,4.38974480151229,-0.47968218336484,1.8790595463138,46
1997,20.7941304347826,4.58423913043478,"Grandfather Prairie",22.0986495746692,4.38974480151229,-1.30451913988658,0.194494328922495,46
1998,23.03375,7.43413043478261,"Grandfather Prairie",22.0986495746692,4.38974480151229,0.935100425330813,3.04438563327032,46
1999,22.3119565217391,3.6670652173913,"Grandfather Prairie",22.0986495746692,4.38974480151229,0.213306947069942,-0.722679584120983,46
2000,21.8559239130435,5.82076086956522,"Grandfather Prairie",22.0986495746692,4.38974480151229,-0.242725661625709,1.43101606805293,46
2001,22.4313586956522,6.805,"Grandfather Prairie",22.0986495746692,4.38974480151229,0.332709120982987,2.41525519848771,46
2002,21.9652717391304,3.99597826086957,"Grandfather Prairie",22.0986495746692,4.38974480151229,-0.133377835538752,-0.393766540642722,46
2003,21.4866304347826,2.9679347826087,"Grandfather Prairie",22.0986495746692,4.38974480151229,-0.612019139886581,-1.42181001890359,46
2004,21.1394565217391,5.1120652173913,"Grandfather Prairie",22.0986495746692,4.38974480151229,-0.959193052930058,0.722320415879017,46
2005,22.6014673913043,2.16260869565217,"Grandfather Prairie",22.0986495746692,4.38974480151229,0.502817816635158,-2.22713610586011,46
2006,22.8213043478261,1.61228260869565,"Grandfather Prairie",22.0986495746692,4.38974480151229,0.722654773156897,-2.77746219281663,46
2007,22.5741847826087,3.70804347826087,"Grandfather Prairie",22.0986495746692,4.38974480151229,0.475535207939508,-0.681701323251418,46
2008,21.2876630434783,5.43413043478261,"Grandfather Prairie",22.0986495746692,4.38974480151229,-0.810986531190927,1.04438563327032,46
2009,21.3684782608696,5.53282608695652,"Grandfather Prairie",22.0986495746692,4.38974480151229,-0.730171313799623,1.14308128544423,46
2010,23.0535869565217,4.94717391304348,"Grandfather Prairie",22.0986495746692,4.38974480151229,0.954937381852549,0.557429111531191,46
2011,23.3949456521739,3.4304347826087,"Grandfather Prairie",22.0986495746692,4.38974480151229,1.29629607750472,-0.959310018903591,46
2012,24.7057065217391,1.12,"Grandfather Prairie",22.0986495746692,4.38974480151229,2.60705694706994,-3.26974480151229,46
2013,21.2914130434783,3.87913043478261,"Grandfather Prairie",22.0986495746692,4.38974480151229,-0.807236531190927,-0.510614366729679,46
2014,21.3577173913043,3.665,"Grandfather Prairie",22.0986495746692,4.38974480151229,-0.740932183364841,-0.724744801512287,46
2015,22.2004891304348,6.42467391304348,"Grandfather Prairie",22.0986495746692,4.38974480151229,0.101839555765594,2.03492911153119,46
2016,22.284402173913,4.1379347826087,"Grandfather Prairie",22.0986495746692,4.38974480151229,0.185752599243855,-0.251810018903591,46
2017,22.0538043478261,4.01978260869565,"Grandfather Prairie",22.0986495746692,4.38974480151229,-0.0448452268431012,-0.369962192816635,46
2018,24.2927173913043,3.8445652173913,"Grandfather Prairie",22.0986495746692,4.38974480151229,2.19406781663516,-0.545179584120983,46
1992,20.2446739130435,3.76054347826087,"Iohia Ridge",22.0126984877127,4.45526701323251,-1.76802457466919,-0.694723534971644,46
1993,21.7448913043478,7.72021739130435,"Iohia Ridge",22.0126984877127,4.45526701323251,-0.267807183364837,3.26495037807183,46
1994,21.5511956521739,2.56282608695652,"Iohia Ridge",22.0126984877127,4.45526701323251,-0.461502835538752,-1.89244092627599,46
1995,20.7467934782609,6.90608695652174,"Iohia Ridge",22.0126984877127,4.45526701323251,-1.2659050094518,2.45081994328923,46
1996,21.5158152173913,6.43684782608696,"Iohia Ridge",22.0126984877127,4.45526701323251,-0.496883270321362,1.98158081285444,46
1997,20.6860869565217,4.70010869565217,"Iohia Ridge",22.0126984877127,4.45526701323251,-1.32661153119093,0.24484168241966,46
1998,22.9433695652174,7.61184782608696,"Iohia Ridge",22.0126984877127,4.45526701323251,0.930671077504726,3.15658081285444,46
1999,22.24125,3.78673913043478,"Iohia Ridge",22.0126984877127,4.45526701323251,0.228551512287336,-0.668527882797731,46
2000,21.778152173913,5.98282608695652,"Iohia Ridge",22.0126984877127,4.45526701323251,-0.234546313799623,1.52755907372401,46
2001,22.3570652173913,6.46858695652174,"Iohia Ridge",22.0126984877127,4.45526701323251,0.34436672967864,2.01331994328923,46
2002,21.8816304347826,4.16347826086957,"Iohia Ridge",22.0126984877127,4.45526701323251,-0.131068052930058,-0.291788752362948,46
2003,21.4191847826087,2.94326086956522,"Iohia Ridge",22.0126984877127,4.45526701323251,-0.59351370510397,-1.5120061436673,46
2004,21.0727173913043,5.21413043478261,"Iohia Ridge",22.0126984877127,4.45526701323251,-0.939981096408317,0.758863421550095,46
2005,22.565597826087,2.27826086956522,"Iohia Ridge",22.0126984877127,4.45526701323251,0.552899338374292,-2.1770061436673,46
2006,22.7752173913043,1.6145652173913,"Iohia Ridge",22.0126984877127,4.45526701323251,0.762518903591683,-2.84070179584121,46
2007,22.4947282608696,3.79804347826087,"Iohia Ridge",22.0126984877127,4.45526701323251,0.482029773156899,-0.657223534971644,46
2008,21.18125,5.49054347826087,"Iohia Ridge",22.0126984877127,4.45526701323251,-0.831448487712667,1.03527646502836,46
2009,21.3169565217391,5.58163043478261,"Iohia Ridge",22.0126984877127,4.45526701323251,-0.695741965973536,1.12636342155009,46
2010,23.0183695652174,5.03989130434783,"Iohia Ridge",22.0126984877127,4.45526701323251,1.00567107750473,0.584624291115312,46
2011,23.3508152173913,3.56467391304348,"Iohia Ridge",22.0126984877127,4.45526701323251,1.33811672967864,-0.890593100189036,46
2012,24.6786956521739,1.13369565217391,"Iohia Ridge",22.0126984877127,4.45526701323251,2.66599716446125,-3.3215713610586,46
2013,21.231847826087,3.6345652173913,"Iohia Ridge",22.0126984877127,4.45526701323251,-0.78085066162571,-0.82070179584121,46
2014,21.2554891304348,3.54163043478261,"Iohia Ridge",22.0126984877127,4.45526701323251,-0.757209357277883,-0.913636578449905,46
2015,22.0825,6.88684782608696,"Iohia Ridge",22.0126984877127,4.45526701323251,0.0698015122873343,2.43158081285444,46
2016,22.1658152173913,4.16967391304348,"Iohia Ridge",22.0126984877127,4.45526701323251,0.15311672967864,-0.285593100189035,46
2017,21.9485326086957,4.04097826086957,"Iohia Ridge",22.0126984877127,4.45526701323251,-0.0641658790170148,-0.414288752362949,46
2018,24.1879347826087,4.03913043478261,"Iohia Ridge",22.0126984877127,4.45526701323251,2.17523629489603,-0.416136578449906,46
1992,20.2890760869565,3.73086956521739,"Paint Brush Prairie",22.0540689981096,4.41830103969754,-1.76499291115312,-0.687431474480151,46
1993,21.7978260869565,7.67695652173913,"Paint Brush Prairie",22.0540689981096,4.41830103969754,-0.256242911153119,3.25865548204159,46
1994,21.5919565217391,2.51663043478261,"Paint Brush Prairie",22.0540689981096,4.41830103969754,-0.46211247637051,-1.90167060491493,46
1995,20.8000543478261,6.97380434782609,"Paint Brush Prairie",22.0540689981096,4.41830103969754,-1.25401465028355,2.55550330812854,46
1996,21.556902173913,6.20630434782609,"Paint Brush Prairie",22.0540689981096,4.41830103969754,-0.497166824196597,1.78800330812854,46
1997,20.7241304347826,4.63945652173913,"Paint Brush Prairie",22.0540689981096,4.41830103969754,-1.32993856332703,0.221155482041588,46
1998,22.9663586956522,7.67554347826087,"Paint Brush Prairie",22.0540689981096,4.41830103969754,0.912289697542533,3.25724243856333,46
1999,22.2761956521739,3.67336956521739,"Paint Brush Prairie",22.0540689981096,4.41830103969754,0.222126654064272,-0.744931474480151,46
2000,21.8079891304348,6.08619565217391,"Paint Brush Prairie",22.0540689981096,4.41830103969754,-0.246079867674858,1.66789461247637,46
2001,22.385652173913,6.26391304347826,"Paint Brush Prairie",22.0540689981096,4.41830103969754,0.331583175803402,1.84561200378072,46
2002,21.9136956521739,4.08902173913043,"Paint Brush Prairie",22.0540689981096,4.41830103969754,-0.140373345935728,-0.329279300567108,46
2003,21.4378804347826,3.03978260869565,"Paint Brush Prairie",22.0540689981096,4.41830103969754,-0.616188563327032,-1.37851843100189,46
2004,21.1,4.99771739130435,"Paint Brush Prairie",22.0540689981096,4.41830103969754,-0.954068998109641,0.579416351606805,46
2005,22.5909239130435,2.17380434782609,"Paint Brush Prairie",22.0540689981096,4.41830103969754,0.536854914933837,-2.24449669187146,46
2006,22.7970108695652,1.58728260869565,"Paint Brush Prairie",22.0540689981096,4.41830103969754,0.742941871455574,-2.83101843100189,46
2007,22.5229347826087,3.76217391304348,"Paint Brush Prairie",22.0540689981096,4.41830103969754,0.468865784499055,-0.656127126654064,46
2008,21.2129891304348,5.54054347826087,"Paint Brush Prairie",22.0540689981096,4.41830103969754,-0.841079867674861,1.12224243856333,46
2009,21.3358152173913,5.56804347826087,"Paint Brush Prairie",22.0540689981096,4.41830103969754,-0.718253780718339,1.14974243856333,46
2010,23.0395108695652,4.9495652173913,"Paint Brush Prairie",22.0540689981096,4.41830103969754,0.985441871455574,0.531264177693762,46
2011,23.3720108695652,3.48369565217391,"Paint Brush Prairie",22.0540689981096,4.41830103969754,1.31794187145557,-0.93460538752363,46
2012,24.7048913043478,1.15173913043478,"Paint Brush Prairie",22.0540689981096,4.41830103969754,2.65082230623818,-3.26656190926276,46
2013,21.2592934782609,3.9275,"Paint Brush Prairie",22.0540689981096,4.41830103969754,-0.794775519848773,-0.490801039697542,46
2014,21.3121195652174,3.555,"Paint Brush Prairie",22.0540689981096,4.41830103969754,-0.741949432892252,-0.863301039697542,46
2015,22.1354347826087,6.81326086956522,"Paint Brush Prairie",22.0540689981096,4.41830103969754,0.0813657844990523,2.39495982986768,46
2016,22.2228804347826,4.1729347826087,"Paint Brush Prairie",22.0540689981096,4.41830103969754,0.168811436672968,-0.245366257088847,46
2017,22.0011413043478,3.96304347826087,"Paint Brush Prairie",22.0540689981096,4.41830103969754,-0.0529276937618164,-0.455257561436673,46
2018,24.2277173913043,3.9679347826087,"Paint Brush Prairie",22.0540689981096,4.41830103969754,2.17364839319471,-0.450366257088847,46
1992,24.5232608695652,4.03315217391304,"Reforestation Site",25.6802445652174,3.73338610586011,-1.15698369565217,0.29976606805293,46
1993,25.5096195652174,3.08163043478261,"Reforestation Site",25.6802445652174,3.73338610586011,-0.170624999999998,-0.651755671077505,46
1994,25.1032065217391,3.89086956521739,"Reforestation Site",25.6802445652174,3.73338610586011,-0.577038043478257,0.157483459357278,46
1995,25.5858695652174,3.16978260869565,"Reforestation Site",25.6802445652174,3.73338610586011,-0.0943749999999994,-0.563603497164461,46
1996,25.7414673913043,3.84978260869565,"Reforestation Site",25.6802445652174,3.73338610586011,0.0612228260869578,0.116396502835538,46
1997,25.0288043478261,3.22119565217391,"Reforestation Site",25.6802445652174,3.73338610586011,-0.651440217391304,-0.512190453686201,46
1998,27.7115217391304,1.25586956521739,"Reforestation Site",25.6802445652174,3.73338610586011,2.03127717391305,-2.47751654064272,46
1999,25.4935869565217,4.16532608695652,"Reforestation Site",25.6802445652174,3.73338610586011,-0.186657608695651,0.431939981096408,46
2000,25.8049456521739,3.83380434782609,"Reforestation Site",25.6802445652174,3.73338610586011,0.124701086956524,0.100418241965973,46
2001,25.5235869565217,3.63576086956522,"Reforestation Site",25.6802445652174,3.73338610586011,-0.156657608695649,-0.0976252362948959,46
2002,25.2175543478261,3.35076086956522,"Reforestation Site",25.6802445652174,3.73338610586011,-0.462690217391302,-0.382625236294896,46
2003,25.2820108695652,4.96,"Reforestation Site",25.6802445652174,3.73338610586011,-0.398233695652173,1.22661389413989,46
2004,24.9985326086957,8.49467391304348,"Reforestation Site",25.6802445652174,3.73338610586011,-0.681711956521738,4.76128780718336,46
2005,25.0167391304348,2.56923913043478,"Reforestation Site",25.6802445652174,3.73338610586011,-0.663505434782607,-1.16414697542533,46
2006,25.3484782608696,2.30032608695652,"Reforestation Site",25.6802445652174,3.73338610586011,-0.331766304347823,-1.43306001890359,46
2007,25.0330434782609,4.17173913043478,"Reforestation Site",25.6802445652174,3.73338610586011,-0.647201086956521,0.438353024574669,46
2008,25.5884239130435,2.94989130434783,"Reforestation Site",25.6802445652174,3.73338610586011,-0.0918206521739116,-0.783494801512287,46
2009,25.5750543478261,3.80934782608696,"Reforestation Site",25.6802445652174,3.73338610586011,-0.105190217391304,0.075961720226843,46
2010,27.3575,3.61445652173913,"Reforestation Site",25.6802445652174,3.73338610586011,1.67725543478261,-0.118929584120983,46
2011,26.9309782608696,1.86695652173913,"Reforestation Site",25.6802445652174,3.73338610586011,1.25073369565218,-1.86642958412098,46
2012,26.4159239130435,2.12076086956522,"Reforestation Site",25.6802445652174,3.73338610586011,0.735679347826089,-1.6126252362949,46
2013,24.6515217391304,3.46913043478261,"Reforestation Site",25.6802445652174,3.73338610586011,-1.02872282608696,-0.264255671077505,46
2014,24.534347826087,4.6104347826087,"Reforestation Site",25.6802445652174,3.73338610586011,-1.14589673913043,0.877048676748582,46
2015,26.0045108695652,3.99054347826087,"Reforestation Site",25.6802445652174,3.73338610586011,0.324266304347827,0.257157372400756,46
2016,25.9798369565217,4.11326086956522,"Reforestation Site",25.6802445652174,3.73338610586011,0.299592391304351,0.379874763705104,46
2017,25.0122826086957,5.23347826086956,"Reforestation Site",25.6802445652174,3.73338610586011,-0.667961956521737,1.50009215500945,46
2018,27.1045108695652,2.25565217391304,"Reforestation Site",25.6802445652174,3.73338610586011,1.42426630434783,-1.47773393194707,46
1992,23.0596195652174,4.87521739130435,"Hardwood Tree Museum",24.5820853024575,3.92512287334594,-1.52246573724008,0.950094517958413,46
1993,24.5765760869565,3.74945652173913,"Hardwood Tree Museum",24.5820853024575,3.92512287334594,-0.00550921550094685,-0.175666351606805,46
1994,24.1060869565217,4.89347826086957,"Hardwood Tree Museum",24.5820853024575,3.92512287334594,-0.475998345935729,0.968355387523629,46
1995,23.5188586956522,4.69652173913043,"Hardwood Tree Museum",24.5820853024575,3.92512287334594,-1.06322660680529,0.771398865784499,46
1996,24.4532065217391,4.3845652173913,"Hardwood Tree Museum",24.5820853024575,3.92512287334594,-0.128878780718338,0.459442344045369,46
1997,23.6095108695652,2.62402173913043,"Hardwood Tree Museum",24.5820853024575,3.92512287334594,-0.972574432892252,-1.3011011342155,46
1998,26.3972282608696,2.34760869565217,"Hardwood Tree Museum",24.5820853024575,3.92512287334594,1.8151429584121,-1.57751417769376,46
1999,24.3064673913043,5.1595652173913,"Hardwood Tree Museum",24.5820853024575,3.92512287334594,-0.27561791115312,1.23444234404537,46
2000,24.1617391304348,4.73413043478261,"Hardwood Tree Museum",24.5820853024575,3.92512287334594,-0.420346172022686,0.809007561436673,46
2001,25.1760869565217,3.12358695652174,"Hardwood Tree Museum",24.5820853024575,3.92512287334594,0.594001654064272,-0.801535916824196,46
2002,24.1182065217391,3.04858695652174,"Hardwood Tree Museum",24.5820853024575,3.92512287334594,-0.463878780718339,-0.876535916824197,46
2003,23.9811413043478,3.00869565217391,"Hardwood Tree Museum",24.5820853024575,3.92512287334594,-0.600943998109642,-0.916427221172023,46
2004,23.8098913043478,5.4670652173913,"Hardwood Tree Museum",24.5820853024575,3.92512287334594,-0.772193998109643,1.54194234404537,46
2005,24.291847826087,1.995,"Hardwood Tree Museum",24.5820853024575,3.92512287334594,-0.29023747637051,-1.93012287334594,46
2006,24.9469565217391,2.65086956521739,"Hardwood Tree Museum",24.5820853024575,3.92512287334594,0.36487121928166,-1.27425330812854,46
2007,24.0853804347826,3.86836956521739,"Hardwood Tree Museum",24.5820853024575,3.92512287334594,-0.496704867674861,-0.0567533081285445,46
2008,24.3070108695652,3.52467391304348,"Hardwood Tree Museum",24.5820853024575,3.92512287334594,-0.27507443289225,-0.400448960302457,46
2009,24.0902717391304,4.70195652173913,"Hardwood Tree Museum",24.5820853024575,3.92512287334594,-0.491813563327032,0.776833648393195,46
2010,25.8498913043478,3.27326086956522,"Hardwood Tree Museum",24.5820853024575,3.92512287334594,1.26780600189036,-0.651862003780718,46
2011,26.4759782608696,3.22239130434783,"Hardwood Tree Museum",24.5820853024575,3.92512287334594,1.8938929584121,-0.70273156899811,46
2012,26.6400543478261,2.3670652173913,"Hardwood Tree Museum",24.5820853024575,3.92512287334594,2.05796904536862,-1.55805765595463,46
2013,23.9828804347826,4.28804347826087,"Hardwood Tree Museum",24.5820853024575,3.92512287334594,-0.59920486767486,0.362920604914934,46
2014,23.4069565217391,4.34673913043478,"Hardwood Tree Museum",24.5820853024575,3.92512287334594,-1.17512878071834,0.421616257088847,46
2015,25.1030434782609,8.08141304347826,"Hardwood Tree Museum",24.5820853024575,3.92512287334594,0.520958175803401,4.15629017013232,46
2016,24.7409239130435,3.23413043478261,"Hardwood Tree Museum",24.5820853024575,3.92512287334594,0.15883861058601,-0.690992438563327,46
2017,24.2460869565217,5.38239130434783,"Hardwood Tree Museum",24.5820853024575,3.92512287334594,-0.335998345935728,1.45726843100189,46
2018,26.506902173913,2.9529347826087,"Hardwood Tree Museum",24.5820853024575,3.92512287334594,1.92481687145558,-0.97218809073724,46
1992,18.1749456521739,3.66423913043478,"Hopewell",20.1279725897921,4.1413988657845,-1.95302693761815,-0.477159735349716,46
1993,20.3347282608696,2.2620652173913,"Hopewell",20.1279725897921,4.1413988657845,0.206755671077502,-1.87933364839319,46
1994,20.3922826086957,4.39989130434783,"Hopewell",20.1279725897921,4.1413988657845,0.26431001890359,0.258492438563327,46
1995,19.6373369565217,3.05271739130435,"Hopewell",20.1279725897921,4.1413988657845,-0.490635633270323,-1.08868147448015,46
1996,18.8892934782609,5.71554347826087,"Hopewell",20.1279725897921,4.1413988657845,-1.23867911153119,1.57414461247637,46
1997,18.6234782608696,4.59282608695652,"Hopewell",20.1279725897921,4.1413988657845,-1.5044943289225,0.451427221172023,46
1998,19.9621195652174,3.81641304347826,"Hopewell",20.1279725897921,4.1413988657845,-0.16585302457467,-0.324985822306238,46
1999,20.5425,1.59380434782609,"Hopewell",20.1279725897921,4.1413988657845,0.414527410207938,-2.54759451795841,46
2000,19.1710326086957,3.80217391304348,"Hopewell",20.1279725897921,4.1413988657845,-0.956939981096411,-0.33922495274102,46
2001,19.5082065217391,4.08978260869565,"Hopewell",20.1279725897921,4.1413988657845,-0.619766068052932,-0.0516162570888472,46
2002,19.9661413043478,3.30402173913043,"Hopewell",20.1279725897921,4.1413988657845,-0.161831285444237,-0.837377126654064,46
2003,18.6090217391304,4.70054347826087,"Hopewell",20.1279725897921,4.1413988657845,-1.51895085066163,0.559144612476371,46
2004,20.266847826087,4.49195652173913,"Hopewell",20.1279725897921,4.1413988657845,0.138875236294894,0.350557655954631,46
2005,20.1078260869565,3.19228260869565,"Hopewell",20.1279725897921,4.1413988657845,-0.0201465028355408,-0.949116257088847,46
2006,20.643152173913,5.11652173913043,"Hopewell",20.1279725897921,4.1413988657845,0.515179584120983,0.975122873345936,46
2007,20.3559782608696,3.46478260869565,"Hopewell",20.1279725897921,4.1413988657845,0.228005671077504,-0.676616257088847,46
2008,20.0426086956522,3.83413043478261,"Hopewell",20.1279725897921,4.1413988657845,-0.0853638941398884,-0.30726843100189,46
2009,18.9333152173913,5.99608695652174,"Hopewell",20.1279725897921,4.1413988657845,-1.19465737240076,1.85468809073724,46
2010,21.9569565217391,2.48619565217391,"Hopewell",20.1279725897921,4.1413988657845,1.82898393194707,-1.65520321361059,46
2011,21.4796739130435,3.37489130434783,"Hopewell",20.1279725897921,4.1413988657845,1.35170132325142,-0.766507561436673,46
2012,20.9386956521739,4.1425,"Hopewell",20.1279725897921,4.1413988657845,0.81072306238185,0.00110113421550118,46
2013,20.7074456521739,6.10847826086956,"Hopewell",20.1279725897921,4.1413988657845,0.579473062381851,1.96707939508507,46
2014,20.200652173913,3.47413043478261,"Hopewell",20.1279725897921,4.1413988657845,0.07267958412098,-0.66726843100189,46
2015,20.9775,3.29804347826087,"Hopewell",20.1279725897921,4.1413988657845,0.849527410207937,-0.843355387523629,46
2016,20.2359239130435,4.41684782608696,"Hopewell",20.1279725897921,4.1413988657845,0.107951323251417,0.275448960302458,46
2017,19.8666847826087,4.9570652173913,"Hopewell",20.1279725897921,4.1413988657845,-0.261287807183365,0.815666351606805,46
2018,20.9627717391304,5.4104347826087,"Hopewell",20.1279725897921,4.1413988657845,0.834799149338373,1.2690359168242,46
1992,18.3328260869565,3.60902173913043,"Great Swamp NWR",20.2521526465028,3.94954631379962,-1.91932655954631,-0.340524574669187,46
1993,20.514402173913,1.43717391304348,"Great Swamp NWR",20.2521526465028,3.94954631379962,0.262249527410209,-2.51237240075614,46
1994,20.4545108695652,4.33760869565217,"Great Swamp NWR",20.2521526465028,3.94954631379962,0.202358223062383,0.388062381852551,46
1995,19.7152173913043,2.92423913043478,"Great Swamp NWR",20.2521526465028,3.94954631379962,-0.53693525519849,-1.02530718336484,46
1996,18.8497826086957,4.69228260869565,"Great Swamp NWR",20.2521526465028,3.94954631379962,-1.40237003780718,0.742736294896031,46
1997,18.9885326086957,4.17467391304348,"Great Swamp NWR",20.2521526465028,3.94954631379962,-1.26362003780718,0.225127599243856,46
1998,20.2889130434783,4.05597826086957,"Great Swamp NWR",20.2521526465028,3.94954631379962,0.0367603969754242,0.106431947069944,46
1999,20.8884782608696,1.49097826086957,"Great Swamp NWR",20.2521526465028,3.94954631379962,0.636325614366729,-2.45856805293006,46
2000,19.2234782608696,4.27315217391304,"Great Swamp NWR",20.2521526465028,3.94954631379962,-1.02867438563327,0.323605860113422,46
2001,19.5771195652174,4.08739130434783,"Great Swamp NWR",20.2521526465028,3.94954631379962,-0.675033081285445,0.137844990548204,46
2002,19.8457608695652,3.41565217391304,"Great Swamp NWR",20.2521526465028,3.94954631379962,-0.406391776937618,-0.533894139886578,46
2003,18.7847826086957,4.98097826086957,"Great Swamp NWR",20.2521526465028,3.94954631379962,-1.46737003780718,1.03143194706994,46
2004,20.2936413043478,5.31760869565217,"Great Swamp NWR",20.2521526465028,3.94954631379962,0.0414886578449902,1.36806238185255,46
2005,20.2621739130435,2.29141304347826,"Great Swamp NWR",20.2521526465028,3.94954631379962,0.0100212665406438,-1.65813327032136,46
2006,20.7630434782609,4.81434782608696,"Great Swamp NWR",20.2521526465028,3.94954631379962,0.510890831758033,0.864801512287335,46
2007,20.4561413043478,3.70434782608696,"Great Swamp NWR",20.2521526465028,3.94954631379962,0.203988657844992,-0.245198487712666,46
2008,20.18125,3.54391304347826,"Great Swamp NWR",20.2521526465028,3.94954631379962,-0.0709026465028373,-0.405633270321361,46
2009,19.1286413043478,5.13434782608696,"Great Swamp NWR",20.2521526465028,3.94954631379962,-1.12351134215501,1.18480151228733,46
2010,21.9479347826087,2.73032608695652,"Great Swamp NWR",20.2521526465028,3.94954631379962,1.69578213610586,-1.2192202268431,46
2011,21.710597826087,3.3204347826087,"Great Swamp NWR",20.2521526465028,3.94954631379962,1.45844517958412,-0.629111531190926,46
2012,21.243097826087,3.30565217391304,"Great Swamp NWR",20.2521526465028,3.94954631379962,0.99094517958412,-0.643894139886579,46
2013,21.025597826087,5.72195652173913,"Great Swamp NWR",20.2521526465028,3.94954631379962,0.773445179584122,1.77241020793951,46
2014,20.6613586956522,3.6504347826087,"Great Swamp NWR",20.2521526465028,3.94954631379962,0.409206049149336,-0.299111531190926,46
2015,21.3252173913043,3.10619565217391,"Great Swamp NWR",20.2521526465028,3.94954631379962,1.07306474480151,-0.843350661625709,46
2016,20.5365217391304,3.57565217391304,"Great Swamp NWR",20.2521526465028,3.94954631379962,0.2843690926276,-0.373894139886579,46
2017,20.0720108695652,3.95804347826087,"Great Swamp NWR",20.2521526465028,3.94954631379962,-0.180141776937617,0.00849716446124749,46
2018,21.2203804347826,3.82423913043478,"Great Swamp NWR",20.2521526465028,3.94954631379962,0.968227788279773,-0.12530718336484,46
1992,18.0452717391304,4.46423913043478,"Raker",19.5381190926276,4.19170368620038,-1.49284735349717,0.272535444234404,46
1993,20.2033152173913,2.49630434782609,"Raker",19.5381190926276,4.19170368620038,0.665196124763703,-1.69539933837429,46
1994,19.6992391304348,3.50369565217391,"Raker",19.5381190926276,4.19170368620038,0.161120037807184,-0.688008034026465,46
1995,19.6247826086957,2.97173913043478,"Raker",19.5381190926276,4.19170368620038,0.0866635160680538,-1.2199645557656,46
1996,18.5210326086957,5.03934782608696,"Raker",19.5381190926276,4.19170368620038,-1.01708648393195,0.847644139886579,46
1997,18.0763586956522,3.54619565217391,"Raker",19.5381190926276,4.19170368620038,-1.46176039697542,-0.645508034026465,46
1998,19.7886413043478,3.4079347826087,"Raker",19.5381190926276,4.19170368620038,0.250522211720227,-0.783768903591682,46
1999,20.5569565217391,1.46673913043478,"Raker",19.5381190926276,4.19170368620038,1.01883742911153,-2.7249645557656,46
2000,18.7576086956522,4.18902173913043,"Raker",19.5381190926276,4.19170368620038,-0.780510396975426,-0.00268194706994329,46
2001,18.8951086956522,4.08380434782609,"Raker",19.5381190926276,4.19170368620038,-0.643010396975427,-0.107899338374291,46
2002,19.3429347826087,2.97076086956522,"Raker",19.5381190926276,4.19170368620038,-0.195184310018906,-1.22094281663516,46
2003,18.2802717391304,5.52304347826087,"Raker",19.5381190926276,4.19170368620038,-1.25784735349717,1.33133979206049,46
2004,19.7098913043478,4.51065217391304,"Raker",19.5381190926276,4.19170368620038,0.171772211720228,0.318948487712666,46
2005,19.6755434782609,2.60097826086957,"Raker",19.5381190926276,4.19170368620038,0.13742438563327,-1.59072542533081,46
2006,19.9949456521739,5.8229347826087,"Raker",19.5381190926276,4.19170368620038,0.456826559546315,1.63123109640832,46
2007,19.8241847826087,3.62608695652174,"Raker",19.5381190926276,4.19170368620038,0.286065689981097,-0.565616729678639,46
2008,19.1088586956522,3.19923913043478,"Raker",19.5381190926276,4.19170368620038,-0.429260396975426,-0.992464555765595,46
2009,18.42625,5.9979347826087,"Raker",19.5381190926276,4.19170368620038,-1.1118690926276,1.80623109640832,46
2010,20.9565760869565,3.66945652173913,"Raker",19.5381190926276,4.19170368620038,1.41845699432892,-0.522247164461247,46
2011,20.8779347826087,3.90576086956522,"Raker",19.5381190926276,4.19170368620038,1.33981568998109,-0.28594281663516,46
2012,20.5088043478261,4.84315217391304,"Raker",19.5381190926276,4.19170368620038,0.970685255198486,0.651448487712666,46
2013,20.02625,4.98891304347826,"Raker",19.5381190926276,4.19170368620038,0.488130907372401,0.797209357277883,46
2014,19.3486956521739,4.3929347826087,"Raker",19.5381190926276,4.19170368620038,-0.189423440453687,0.201231096408318,46
2015,20.3284239130435,4.57021739130435,"Raker",19.5381190926276,4.19170368620038,0.79030482041588,0.37851370510397,46
2016,19.67,4.23836956521739,"Raker",19.5381190926276,4.19170368620038,0.131880907372402,0.0466658790170138,46
2017,19.1513586956522,5.72423913043478,"Raker",19.5381190926276,4.19170368620038,-0.386760396975426,1.53253544423441,46
2018,20.3694565217391,6.13652173913043,"Raker",19.5381190926276,4.19170368620038,0.831337429111532,1.94481805293006,46
1992,16.3900543478261,4.1670652173913,"Hilltop Acre",18.6812629962193,4.23617911153119,-2.29120864839319,-0.0691138941398872,46
1993,18.8080434782609,1.6079347826087,"Hilltop Acre",18.6812629962193,4.23617911153119,0.126780482041589,-2.6282443289225,46
1994,18.5920652173913,4.03576086956522,"Hilltop Acre",18.6812629962193,4.23617911153119,-0.0891977788279767,-0.200418241965973,46
1995,17.8672826086957,2.8420652173913,"Hilltop Acre",18.6812629962193,4.23617911153119,-0.813980387523628,-1.39411389413989,46
1996,17.5576630434783,4.90347826086956,"Hilltop Acre",18.6812629962193,4.23617911153119,-1.12359995274102,0.667299149338374,46
1997,17.2752173913043,3.41891304347826,"Hilltop Acre",18.6812629962193,4.23617911153119,-1.40604560491493,-0.81726606805293,46
1998,18.7321739130435,4.34239130434783,"Hilltop Acre",18.6812629962193,4.23617911153119,0.050910916824197,0.106212192816635,46
1999,19.3227173913043,1.78010869565217,"Hilltop Acre",18.6812629962193,4.23617911153119,0.641454395085066,-2.45607041587902,46
2000,17.4671195652174,4.885,"Hilltop Acre",18.6812629962193,4.23617911153119,-1.21414343100189,0.648820888468808,46
2001,17.7402717391304,4.00826086956522,"Hilltop Acre",18.6812629962193,4.23617911153119,-0.940991257088847,-0.227918241965974,46
2002,18.0565760869565,3.39684782608696,"Hilltop Acre",18.6812629962193,4.23617911153119,-0.62468690926276,-0.839331285444235,46
2003,17.3526630434783,5.24967391304348,"Hilltop Acre",18.6812629962193,4.23617911153119,-1.32859995274102,1.01349480151229,46
2004,18.6941304347826,4.1125,"Hilltop Acre",18.6812629962193,4.23617911153119,0.0128674385633261,-0.123679111531191,46
2005,19.0127173913043,3.07891304347826,"Hilltop Acre",18.6812629962193,4.23617911153119,0.331454395085068,-1.15726606805293,46
2006,19.3665760869565,5.45130434782609,"Hilltop Acre",18.6812629962193,4.23617911153119,0.685313090737239,1.2151252362949,46
2007,19.1511413043478,3.70369565217391,"Hilltop Acre",18.6812629962193,4.23617911153119,0.469878308128546,-0.532483459357278,46
2008,18.8878260869565,3.32097826086957,"Hilltop Acre",18.6812629962193,4.23617911153119,0.206563090737241,-0.915200850661626,46
2009,17.8592934782609,5.35782608695652,"Hilltop Acre",18.6812629962193,4.23617911153119,-0.821969517958411,1.12164697542533,46
2010,20.5333695652174,3.1229347826087,"Hilltop Acre",18.6812629962193,4.23617911153119,1.85210656899811,-1.1132443289225,46
2011,20.0833695652174,4.79478260869565,"Hilltop Acre",18.6812629962193,4.23617911153119,1.40210656899811,0.55860349716446,46
2012,19.9463586956522,3.9545652173913,"Hilltop Acre",18.6812629962193,4.23617911153119,1.26509569943289,-0.281613894139887,46
2013,19.6789130434783,5.62,"Hilltop Acre",18.6812629962193,4.23617911153119,0.997650047258979,1.38382088846881,46
2014,19.4072282608696,4.29630434782609,"Hilltop Acre",18.6812629962193,4.23617911153119,0.725965264650284,0.0601252362948959,46
2015,19.9665217391304,4.21097826086956,"Hilltop Acre",18.6812629962193,4.23617911153119,1.28525874291115,-0.0252008506616264,46
2016,19.0300543478261,3.27739130434783,"Hilltop Acre",18.6812629962193,4.23617911153119,0.348791351606806,-0.958787807183365,46
2017,18.5773369565217,4.09021739130435,"Hilltop Acre",18.6812629962193,4.23617911153119,-0.103926039697541,-0.145961720226843,46
2018,19.8809239130435,4.27282608695652,"Hilltop Acre",18.6812629962193,4.23617911153119,1.1996609168242,0.03664697542533,46
1992,17.4608152173913,3.60086956521739,"Todd Sanctuary",18.9716765122873,3.80682183364839,-1.51086129489603,-0.205952268431002,46
1993,18.9679347826087,2.7825,"Todd Sanctuary",18.9716765122873,3.80682183364839,-0.00374172967864084,-1.02432183364839,46
1994,18.3821195652174,2.76858695652174,"Todd Sanctuary",18.9716765122873,3.80682183364839,-0.589556947069944,-1.03823487712665,46
1995,19.1903804347826,3.60326086956522,"Todd Sanctuary",18.9716765122873,3.80682183364839,0.218703922495273,-0.203560964083176,46
1996,18.5375,3.93913043478261,"Todd Sanctuary",18.9716765122873,3.80682183364839,-0.434176512287333,0.132308601134215,46
1997,17.5051086956522,3.49684782608696,"Todd Sanctuary",18.9716765122873,3.80682183364839,-1.46656781663516,-0.309974007561437,46
1998,19.3879347826087,3.10065217391304,"Todd Sanctuary",18.9716765122873,3.80682183364839,0.416258270321361,-0.70616965973535,46
1999,20.1084239130435,2.70913043478261,"Todd Sanctuary",18.9716765122873,3.80682183364839,1.13674740075614,-1.09769139886578,46
2000,18.8291847826087,3.38369565217391,"Todd Sanctuary",18.9716765122873,3.80682183364839,-0.142491729678639,-0.42312618147448,46
2001,18.3394565217391,2.70782608695652,"Todd Sanctuary",18.9716765122873,3.80682183364839,-0.632219990548204,-1.09899574669187,46
2002,18.8721739130435,3.35434782608696,"Todd Sanctuary",18.9716765122873,3.80682183364839,-0.0995025992438556,-0.452474007561437,46
2003,17.7274456521739,5.02010869565217,"Todd Sanctuary",18.9716765122873,3.80682183364839,-1.24423086011342,1.21328686200378,46
2004,19.1777173913043,4.6675,"Todd Sanctuary",18.9716765122873,3.80682183364839,0.206040879017014,0.860678166351607,46
2005,19.1008695652174,2.41695652173913,"Todd Sanctuary",18.9716765122873,3.80682183364839,0.129193052930056,-1.38986531190926,46
2006,18.5194565217391,5.05239130434783,"Todd Sanctuary",18.9716765122873,3.80682183364839,-0.452219990548205,1.24556947069943,46
2007,18.9548913043478,2.79532608695652,"Todd Sanctuary",18.9716765122873,3.80682183364839,-0.0167852079395097,-1.01149574669187,46
2008,18.1460869565217,3.47663043478261,"Todd Sanctuary",18.9716765122873,3.80682183364839,-0.825589555765596,-0.330191398865785,46
2009,17.7007065217391,4.06097826086957,"Todd Sanctuary",18.9716765122873,3.80682183364839,-1.27096999054821,0.254156427221172,46
2010,19.9547826086957,4.78347826086956,"Todd Sanctuary",18.9716765122873,3.80682183364839,0.983106096408317,0.976656427221172,46
2011,20.1990217391304,3.50108695652174,"Todd Sanctuary",18.9716765122873,3.80682183364839,1.2273452268431,-0.305734877126654,46
2012,20.8075,3.98978260869565,"Todd Sanctuary",18.9716765122873,3.80682183364839,1.83582348771267,0.182960775047259,46
2013,19.6147282608696,4.4225,"Todd Sanctuary",18.9716765122873,3.80682183364839,0.643051748582231,0.615678166351607,46
2014,18.6665760869565,5.00532608695652,"Todd Sanctuary",18.9716765122873,3.80682183364839,-0.305100425330814,1.19850425330813,46
2015,19.7533152173913,4.93489130434783,"Todd Sanctuary",18.9716765122873,3.80682183364839,0.781638705103969,1.12806947069943,46
2016,18.9411956521739,2.76521739130435,"Todd Sanctuary",18.9716765122873,3.80682183364839,-0.0304808601134212,-1.04160444234405,46
2017,18.9380434782609,5.2154347826087,"Todd Sanctuary",18.9716765122873,3.80682183364839,-0.0336330340264652,1.4086129489603,46
2018,20.2097282608696,4.02717391304348,"Todd Sanctuary",18.9716765122873,3.80682183364839,1.23805174858223,0.220352079395085,46
1992,17.0344565217391,3.21847826086957,"Cumberland Valley",18.7310668714556,3.5901724952741,-1.69661034971645,-0.371694234404537,46
1993,19.1357065217391,2.47021739130435,"Cumberland Valley",18.7310668714556,3.5901724952741,0.404639650283553,-1.11995510396975,46
1994,18.3292934782609,2.75608695652174,"Cumberland Valley",18.7310668714556,3.5901724952741,-0.401773393194709,-0.834085538752363,46
1995,18.7650543478261,3.87,"Cumberland Valley",18.7310668714556,3.5901724952741,0.033987476370509,0.279827504725898,46
1996,17.8295652173913,4.96880434782609,"Cumberland Valley",18.7310668714556,3.5901724952741,-0.901501654064273,1.37863185255198,46
1997,17.1414673913043,2.68054347826087,"Cumberland Valley",18.7310668714556,3.5901724952741,-1.58959948015123,-0.909629017013232,46
1998,19.1003260869565,3.98152173913043,"Cumberland Valley",18.7310668714556,3.5901724952741,0.369259215500943,0.391349243856333,46
1999,19.6401630434783,1.86619565217391,"Cumberland Valley",18.7310668714556,3.5901724952741,0.909096172022682,-1.72397684310019,46
2000,18.464347826087,3.82173913043478,"Cumberland Valley",18.7310668714556,3.5901724952741,-0.266719045368621,0.23156663516068,46
2001,17.7152717391304,2.82847826086957,"Cumberland Valley",18.7310668714556,3.5901724952741,-1.01579513232514,-0.761694234404537,46
2002,18.775652173913,2.82619565217391,"Cumberland Valley",18.7310668714556,3.5901724952741,0.0445853024574667,-0.763976843100189,46
2003,17.500597826087,4.8170652173913,"Cumberland Valley",18.7310668714556,3.5901724952741,-1.23046904536862,1.2268927221172,46
2004,18.8082065217391,3.63684782608696,"Cumberland Valley",18.7310668714556,3.5901724952741,0.0771396502835522,0.0466753308128545,46
2005,18.2377173913043,2.37684782608696,"Cumberland Valley",18.7310668714556,3.5901724952741,-0.493349480151231,-1.21332466918715,46
2006,18.1210326086957,3.33554347826087,"Cumberland Valley",18.7310668714556,3.5901724952741,-0.610034262759925,-0.254629017013233,46
2007,18.5523369565217,2.40326086956522,"Cumberland Valley",18.7310668714556,3.5901724952741,-0.178729914933839,-1.18691162570888,46
2008,17.9416847826087,3.84565217391304,"Cumberland Valley",18.7310668714556,3.5901724952741,-0.789382088846882,0.255479678638941,46
2009,17.4311413043478,4.20260869565217,"Cumberland Valley",18.7310668714556,3.5901724952741,-1.29992556710775,0.612436200378072,46
2010,19.8484782608696,3.36271739130435,"Cumberland Valley",18.7310668714556,3.5901724952741,1.11741138941399,-0.227455103969754,46
2011,19.9882608695652,3.2854347826087,"Cumberland Valley",18.7310668714556,3.5901724952741,1.25719399810964,-0.304737712665407,46
2012,19.8763586956522,4.04619565217391,"Cumberland Valley",18.7310668714556,3.5901724952741,1.1452918241966,0.456023156899811,46
2013,18.8310869565217,3.63228260869565,"Cumberland Valley",18.7310668714556,3.5901724952741,0.100020085066163,0.04211011342155,46
2014,18.3207065217391,4.04130434782609,"Cumberland Valley",18.7310668714556,3.5901724952741,-0.410360349716449,0.451131852551985,46
2015,19.4680434782609,3.9125,"Cumberland Valley",18.7310668714556,3.5901724952741,0.736976606805293,0.322327504725898,46
2016,18.7629347826087,3.56532608695652,"Cumberland Valley",18.7310668714556,3.5901724952741,0.0318679111531175,-0.0248464083175803,46
2017,18.5060326086957,5.01760869565217,"Cumberland Valley",18.7310668714556,3.5901724952741,-0.225034262759927,1.42743620037807,46
2018,19.8584239130435,6.09282608695652,"Cumberland Valley",18.7310668714556,3.5901724952741,1.1273570415879,2.50265359168242,46
1992,18.305,3.61728260869565,"Laurel Hollow",20.0111058601134,3.47544187145558,-1.70610586011342,0.141840737240076,46
1993,20.41125,1.46217391304348,"Laurel Hollow",20.0111058601134,3.47544187145558,0.400144139886578,-2.0132679584121,46
1994,20.2375,2.57510869565217,"Laurel Hollow",20.0111058601134,3.47544187145558,0.22639413988658,-0.900333175803403,46
1995,19.794347826087,2.77760869565217,"Laurel Hollow",20.0111058601134,3.47544187145558,-0.216758034026466,-0.697833175803403,46
1996,19.0842391304348,3.8029347826087,"Laurel Hollow",20.0111058601134,3.47544187145558,-0.92686672967864,0.327492911153119,46
1997,19.0683695652174,2.95228260869565,"Laurel Hollow",20.0111058601134,3.47544187145558,-0.942736294896029,-0.523159262759925,46
1998,20.0646739130435,3.91336956521739,"Laurel Hollow",20.0111058601134,3.47544187145558,0.0535680529300571,0.437927693761815,46
1999,21.3773913043478,1.78597826086957,"Laurel Hollow",20.0111058601134,3.47544187145558,1.3662854442344,-1.68946361058601,46
2000,19.0646739130435,4.38021739130435,"Laurel Hollow",20.0111058601134,3.47544187145558,-0.946431947069943,0.904775519848771,46
2001,19.5824456521739,2.84967391304348,"Laurel Hollow",20.0111058601134,3.47544187145558,-0.428660207939508,-0.625767958412098,46
2002,19.8458152173913,3.04380434782609,"Laurel Hollow",20.0111058601134,3.47544187145558,-0.165290642722116,-0.43163752362949,46
2003,18.6864673913043,5.97141304347826,"Laurel Hollow",20.0111058601134,3.47544187145558,-1.32463846880907,2.49597117202268,46
2004,19.6076086956522,3.50652173913043,"Laurel Hollow",20.0111058601134,3.47544187145558,-0.403497164461246,0.0310798676748583,46
2005,19.4758695652174,2.40152173913043,"Laurel Hollow",20.0111058601134,3.47544187145558,-0.535236294896031,-1.07392013232514,46
2006,20.2740760869565,4.87652173913043,"Laurel Hollow",20.0111058601134,3.47544187145558,0.262970226843102,1.40107986767486,46
2007,20.0240217391304,3.25119565217391,"Laurel Hollow",20.0111058601134,3.47544187145558,0.0129158790170152,-0.224246219281663,46
2008,19.97875,3.41663043478261,"Laurel Hollow",20.0111058601134,3.47544187145558,-0.0323558601134195,-0.058811436672968,46
2009,18.7244565217391,4.78076086956522,"Laurel Hollow",20.0111058601134,3.47544187145558,-1.28664933837429,1.30531899810964,46
2010,22.0071195652174,2.37978260869565,"Laurel Hollow",20.0111058601134,3.47544187145558,1.99601370510397,-1.09565926275992,46
2011,21.2634239130435,3.0775,"Laurel Hollow",20.0111058601134,3.47544187145558,1.25231805293006,-0.397941871455576,46
2012,20.7935326086957,4.15195652173913,"Laurel Hollow",20.0111058601134,3.47544187145558,0.782426748582232,0.676514650283554,46
2013,20.6553804347826,4.41347826086957,"Laurel Hollow",20.0111058601134,3.47544187145558,0.644274574669186,0.938036389413989,46
2014,20.1086956521739,2.91673913043478,"Laurel Hollow",20.0111058601134,3.47544187145558,0.0975897920604929,-0.558702741020794,46
2015,20.7620108695652,2.42891304347826,"Laurel Hollow",20.0111058601134,3.47544187145558,0.750905009451795,-1.04652882797732,46
2016,20.3571739130435,2.7554347826087,"Laurel Hollow",20.0111058601134,3.47544187145558,0.346068052930057,-0.720007088846881,46
2017,19.7697826086957,3.46423913043478,"Laurel Hollow",20.0111058601134,3.47544187145558,-0.241323251417768,-0.011202741020794,46
2018,20.7389130434783,3.10967391304348,"Laurel Hollow",20.0111058601134,3.47544187145558,0.727807183364838,-0.365767958412099,46
1992,17.4221195652174,3.66130434782609,"Thrush Wood",18.7165654536862,3.58581049149338,-1.29444588846881,0.0754938563327032,46
1993,18.825,1.95891304347826,"Thrush Wood",18.7165654536862,3.58581049149338,0.108434546313799,-1.62689744801512,46
1994,19.0857065217391,1.99902173913043,"Thrush Wood",18.7165654536862,3.58581049149338,0.369141068052929,-1.58678875236295,46
1995,18.3583695652174,2.70152173913043,"Thrush Wood",18.7165654536862,3.58581049149338,-0.35819588846881,-0.884288752362949,46
1996,17.63875,3.35260869565217,"Thrush Wood",18.7165654536862,3.58581049149338,-1.0778154536862,-0.23320179584121,46
1997,17.4979891304348,2.00663043478261,"Thrush Wood",18.7165654536862,3.58581049149338,-1.21857632325142,-1.57918005671077,46
1998,18.7809782608696,5.85402173913043,"Thrush Wood",18.7165654536862,3.58581049149338,0.0644128071833627,2.26821124763705,46
1999,19.7117934782609,2.1945652173913,"Thrush Wood",18.7165654536862,3.58581049149338,0.995228024574669,-1.39124527410208,46
2000,17.7041847826087,4.88847826086957,"Thrush Wood",18.7165654536862,3.58581049149338,-1.0123806710775,1.30266776937618,46
2001,18.4808695652174,3.84532608695652,"Thrush Wood",18.7165654536862,3.58581049149338,-0.235695888468811,0.259515595463138,46
2002,18.1623369565217,3.69054347826087,"Thrush Wood",18.7165654536862,3.58581049149338,-0.554228497164463,0.104732986767486,46
2003,17.5829347826087,4.2504347826087,"Thrush Wood",18.7165654536862,3.58581049149338,-1.1336306710775,0.664624291115312,46
2004,18.2049456521739,2.59880434782609,"Thrush Wood",18.7165654536862,3.58581049149338,-0.511619801512289,-0.987006143667297,46
2005,18.0677173913043,2.25391304347826,"Thrush Wood",18.7165654536862,3.58581049149338,-0.648848062381852,-1.33189744801512,46
2006,18.9760326086957,6.31934782608696,"Thrush Wood",18.7165654536862,3.58581049149338,0.259467155009453,2.73353733459357,46
2007,18.7115217391304,2.47815217391304,"Thrush Wood",18.7165654536862,3.58581049149338,-0.00504371455576447,-1.10765831758034,46
2008,18.6395652173913,3.17347826086957,"Thrush Wood",18.7165654536862,3.58581049149338,-0.0770002362948965,-0.412332230623818,46
2009,17.5196739130435,6.08260869565217,"Thrush Wood",18.7165654536862,3.58581049149338,-1.19689154064272,2.49679820415879,46
2010,20.2621195652174,3.31467391304348,"Thrush Wood",18.7165654536862,3.58581049149338,1.54555411153119,-0.271136578449906,46
2011,19.3763043478261,4.43630434782609,"Thrush Wood",18.7165654536862,3.58581049149338,0.659738894139885,0.850493856332703,46
2012,19.3876086956522,3.9870652173913,"Thrush Wood",18.7165654536862,3.58581049149338,0.671043241965972,0.401254725897921,46
2013,19.4892934782609,4.72630434782609,"Thrush Wood",18.7165654536862,3.58581049149338,0.772728024574668,1.1404938563327,46
2014,18.4902717391304,2.28739130434783,"Thrush Wood",18.7165654536862,3.58581049149338,-0.226293714555766,-1.29841918714556,46
2015,19.059402173913,2.42641304347826,"Thrush Wood",18.7165654536862,3.58581049149338,0.342836720226842,-1.15939744801512,46
2016,18.8697826086957,2.24152173913043,"Thrush Wood",18.7165654536862,3.58581049149338,0.15321715500945,-1.34428875236295,46
2017,18.4532065217391,3.79630434782609,"Thrush Wood",18.7165654536862,3.58581049149338,-0.263358931947071,0.210493856332703,46
2018,19.5057608695652,3.19076086956522,"Thrush Wood",18.7165654536862,3.58581049149338,0.789195415879018,-0.395049621928167,46
1992,18.0523913043478,4.31326086956522,"Devil's Den",19.3048582230624,3.85256379962193,-1.25246691871456,0.46069706994329,46
1993,20.0036413043478,1.74315217391304,"Devil's Den",19.3048582230624,3.85256379962193,0.698783081285445,-2.10941162570888,46
1994,19.9567934782609,3.82391304347826,"Devil's Den",19.3048582230624,3.85256379962193,0.651935255198488,-0.0286507561436675,46
1995,19.4413043478261,2.23586956521739,"Devil's Den",19.3048582230624,3.85256379962193,0.136446124763705,-1.61669423440454,46
1996,18.2565760869565,4.57032608695652,"Devil's Den",19.3048582230624,3.85256379962193,-1.04828213610586,0.717762287334593,46
1997,18.4290760869565,3.10565217391304,"Devil's Den",19.3048582230624,3.85256379962193,-0.875782136105862,-0.746911625708885,46
1998,19.3732608695652,4.39695652173913,"Devil's Den",19.3048582230624,3.85256379962193,0.068402646502836,0.544392722117202,46
1999,20.6377173913043,2.31108695652174,"Devil's Den",19.3048582230624,3.85256379962193,1.33285916824197,-1.54147684310019,46
2000,18.3710869565217,5.24934782608696,"Devil's Den",19.3048582230624,3.85256379962193,-0.933771266540642,1.39678402646503,46
2001,19.066847826087,3.95423913043478,"Devil's Den",19.3048582230624,3.85256379962193,-0.238010396975426,0.101675330812854,46
2002,19.0086413043478,4.0375,"Devil's Den",19.3048582230624,3.85256379962193,-0.296216918714556,0.184936200378071,46
2003,18.2099456521739,4.9279347826087,"Devil's Den",19.3048582230624,3.85256379962193,-1.09491257088847,1.07537098298677,46
2004,19.0261956521739,3.22847826086957,"Devil's Den",19.3048582230624,3.85256379962193,-0.278662570888468,-0.624085538752363,46
2005,18.8700543478261,2.9495652173913,"Devil's Den",19.3048582230624,3.85256379962193,-0.434803875236295,-0.902998582230624,46
2006,19.5089673913043,5.83826086956522,"Devil's Den",19.3048582230624,3.85256379962193,0.204109168241967,1.98569706994329,46
2007,19.338152173913,3.48228260869565,"Devil's Den",19.3048582230624,3.85256379962193,0.0332939508506627,-0.370281190926276,46
2008,19.1049456521739,3.94108695652174,"Devil's Den",19.3048582230624,3.85256379962193,-0.199912570888468,0.0885231568998108,46
2009,18.0175543478261,5.1904347826087,"Devil's Den",19.3048582230624,3.85256379962193,-1.28730387523629,1.33787098298677,46
2010,20.57125,2.72065217391304,"Devil's Den",19.3048582230624,3.85256379962193,1.26639177693762,-1.13191162570888,46
2011,19.9120652173913,3.89065217391304,"Devil's Den",19.3048582230624,3.85256379962193,0.607206994328923,0.0380883742911156,46
2012,19.8316847826087,4.41739130434783,"Devil's Den",19.3048582230624,3.85256379962193,0.526826559546315,0.564827504725898,46
2013,19.9266847826087,5.23641304347826,"Devil's Den",19.3048582230624,3.85256379962193,0.621826559546314,1.38384924385633,46
2014,19.1585326086957,3.84195652173913,"Devil's Den",19.3048582230624,3.85256379962193,-0.146325614366731,-0.0106072778827979,46
2015,19.5813043478261,3.91858695652174,"Devil's Den",19.3048582230624,3.85256379962193,0.276446124763705,0.0660231568998109,46
2016,19.2995652173913,3.04402173913043,"Devil's Den",19.3048582230624,3.85256379962193,-0.00529300567107782,-0.808542060491493,46
2017,18.5584782608696,3.7670652173913,"Devil's Den",19.3048582230624,3.85256379962193,-0.746379962192815,-0.085498582230624,46
2018,19.915652173913,3.88271739130435,"Devil's Den",19.3048582230624,3.85256379962193,0.610793950850663,0.0301535916824198,46
1992,18.2526630434783,3.64695652173913,"Warbler Woods",19.5934959829868,3.19280009451796,-1.34083293950851,0.454156427221172,46
1993,20.2210326086957,1.41652173913043,"Warbler Woods",19.5934959829868,3.19280009451796,0.627536625708885,-1.77627835538752,46
1994,20.235,1.34858695652174,"Warbler Woods",19.5934959829868,3.19280009451796,0.641504017013233,-1.84421313799622,46
1995,19.3638043478261,2.40467391304348,"Warbler Woods",19.5934959829868,3.19280009451796,-0.22969163516068,-0.78812618147448,46
1996,18.806902173913,3.3804347826087,"Warbler Woods",19.5934959829868,3.19280009451796,-0.786593809073722,0.187634688090737,46
1997,19.0184782608696,2.265,"Warbler Woods",19.5934959829868,3.19280009451796,-0.575017722117202,-0.927800094517958,46
1998,19.9975543478261,4.89891304347826,"Warbler Woods",19.5934959829868,3.19280009451796,0.404058364839319,1.7061129489603,46
1999,20.8215217391304,1.69380434782609,"Warbler Woods",19.5934959829868,3.19280009451796,1.22802575614367,-1.49899574669187,46
2000,18.6564130434783,3.7245652173913,"Warbler Woods",19.5934959829868,3.19280009451796,-0.937082939508507,0.531765122873346,46
2001,19.0665760869565,2.95967391304348,"Warbler Woods",19.5934959829868,3.19280009451796,-0.526919896030243,-0.23312618147448,46
2002,19.2311413043478,2.84228260869565,"Warbler Woods",19.5934959829868,3.19280009451796,-0.36235467863894,-0.350517485822306,46
2003,18.3051630434783,4.88728260869565,"Warbler Woods",19.5934959829868,3.19280009451796,-1.28833293950851,1.69448251417769,46
2004,18.9571195652174,1.94141304347826,"Warbler Woods",19.5934959829868,3.19280009451796,-0.636376417769377,-1.2513870510397,46
2005,18.7857608695652,1.625,"Warbler Woods",19.5934959829868,3.19280009451796,-0.80773511342155,-1.56780009451796,46
2006,19.741902173913,4.8325,"Warbler Woods",19.5934959829868,3.19280009451796,0.148406190926277,1.63969990548204,46
2007,19.4034239130435,2.62076086956522,"Warbler Woods",19.5934959829868,3.19280009451796,-0.190072069943287,-0.572039224952741,46
2008,19.3369565217391,3.17630434782609,"Warbler Woods",19.5934959829868,3.19280009451796,-0.256539461247637,-0.0164957466918714,46
2009,18.1239130434783,5.68152173913044,"Warbler Woods",19.5934959829868,3.19280009451796,-1.46958293950851,2.48872164461248,46
2010,21.2054347826087,2.49869565217391,"Warbler Woods",19.5934959829868,3.19280009451796,1.61193879962193,-0.694104442344045,46
2011,20.669347826087,2.8454347826087,"Warbler Woods",19.5934959829868,3.19280009451796,1.07585184310019,-0.347365311909263,46
2012,20.1553804347826,5.25,"Warbler Woods",19.5934959829868,3.19280009451796,0.561884451795841,2.05719990548204,46
2013,20.06125,4.49467391304348,"Warbler Woods",19.5934959829868,3.19280009451796,0.467754017013235,1.30187381852552,46
2014,19.3980434782609,2.54260869565217,"Warbler Woods",19.5934959829868,3.19280009451796,-0.195452504725896,-0.650191398865784,46
2015,19.9240760869565,1.87097826086957,"Warbler Woods",19.5934959829868,3.19280009451796,0.330580103969755,-1.32182183364839,46
2016,19.3365217391304,2.50184782608696,"Warbler Woods",19.5934959829868,3.19280009451796,-0.25697424385633,-0.690952268431002,46
2017,19.1259239130435,3.25304347826087,"Warbler Woods",19.5934959829868,3.19280009451796,-0.467572069943287,0.060243383742911,46
2018,20.0738586956522,3.13369565217391,"Warbler Woods",19.5934959829868,3.19280009451796,0.480362712665407,-0.0591044423440454,46
1992,20.4676630434783,2.6475,"Harford Glen",21.7526583175803,3.81074905482042,-1.28499527410208,-1.16324905482042,46
1993,22.4952717391304,3.07652173913043,"Harford Glen",21.7526583175803,3.81074905482042,0.742613421550093,-0.734227315689981,46
1994,22.331847826087,3.35532608695652,"Harford Glen",21.7526583175803,3.81074905482042,0.579189508506616,-0.455422967863894,46
1995,21.8651630434783,3.22902173913043,"Harford Glen",21.7526583175803,3.81074905482042,0.112504725897921,-0.581727315689981,46
1996,20.7590760869565,5.48445652173913,"Harford Glen",21.7526583175803,3.81074905482042,-0.993582230623819,1.67370746691872,46
1997,20.7685869565217,2.05054347826087,"Harford Glen",21.7526583175803,3.81074905482042,-0.984071361058604,-1.76020557655955,46
1998,22.1422282608696,3.54391304347826,"Harford Glen",21.7526583175803,3.81074905482042,0.389569943289224,-0.266836011342155,46
1999,22.2696739130435,1.82521739130435,"Harford Glen",21.7526583175803,3.81074905482042,0.517015595463139,-1.98553166351607,46
2000,21.0638043478261,3.67945652173913,"Harford Glen",21.7526583175803,3.81074905482042,-0.688853969754256,-0.131292533081285,46
2001,21.2000543478261,3.51054347826087,"Harford Glen",21.7526583175803,3.81074905482042,-0.552603969754255,-0.300205576559546,46
2002,21.94125,2.36445652173913,"Harford Glen",21.7526583175803,3.81074905482042,0.188591682419659,-1.44629253308129,46
2003,20.2691304347826,5.00554347826087,"Harford Glen",21.7526583175803,3.81074905482042,-1.48352788279773,1.19479442344045,46
2004,22.0501086956522,4.79239130434783,"Harford Glen",21.7526583175803,3.81074905482042,0.297450378071833,0.981642249527411,46
2005,21.2603804347826,3.54489130434783,"Harford Glen",21.7526583175803,3.81074905482042,-0.492277882797733,-0.265857750472589,46
2006,21.6326086956522,5.68608695652174,"Harford Glen",21.7526583175803,3.81074905482042,-0.120049621928167,1.87533790170132,46
2007,21.9853804347826,2.02728260869565,"Harford Glen",21.7526583175803,3.81074905482042,0.232722117202268,-1.78346644612476,46
2008,21.1165217391304,3.76923913043478,"Harford Glen",21.7526583175803,3.81074905482042,-0.636136578449907,-0.0415099243856329,46
2009,20.4449456521739,4.31597826086957,"Harford Glen",21.7526583175803,3.81074905482042,-1.30771266540643,0.50522920604915,46
2010,23.1088586956522,2.32510869565217,"Harford Glen",21.7526583175803,3.81074905482042,1.35620037807183,-1.48564035916824,46
2011,23.114347826087,2.23565217391304,"Harford Glen",21.7526583175803,3.81074905482042,1.36168950850661,-1.57509688090737,46
2012,22.5454347826087,3.50163043478261,"Harford Glen",21.7526583175803,3.81074905482042,0.792776465028354,-0.309118620037807,46
2013,21.7116304347826,4.61065217391304,"Harford Glen",21.7526583175803,3.81074905482042,-0.0410278827977315,0.799903119092628,46
2014,21.1046739130435,4.15565217391304,"Harford Glen",21.7526583175803,3.81074905482042,-0.647984404536864,0.344903119092628,46
2015,22.2984239130435,6.9575,"Harford Glen",21.7526583175803,3.81074905482042,0.545765595463138,3.14675094517958,46
2016,21.1716847826087,3.87,"Harford Glen",21.7526583175803,3.81074905482042,-0.580973534971644,0.0592509451795844,46
2017,21.4989673913043,4.16608695652174,"Harford Glen",21.7526583175803,3.81074905482042,-0.253690926275993,0.355337901701323,46
2018,22.3258152173913,6.37586956521739,"Harford Glen",21.7526583175803,3.81074905482042,0.573156899810964,2.56512051039698,46
1992,16.3942934782609,3.73815217391304,"Pass Mountain",18.5754702268431,4.48566871455577,-2.18117674858223,-0.747516540642722,46
1993,18.3574456521739,3.0845652173913,"Pass Mountain",18.5754702268431,4.48566871455577,-0.21802457466919,-1.40110349716446,46
1994,17.3220652173913,3.89173913043478,"Pass Mountain",18.5754702268431,4.48566871455577,-1.2534050094518,-0.593929584120982,46
1995,18.1972282608696,5.89228260869565,"Pass Mountain",18.5754702268431,4.48566871455577,-0.378241965973537,1.40661389413989,46
1996,17.6084239130435,6.33010869565217,"Pass Mountain",18.5754702268431,4.48566871455577,-0.967046313799624,1.84443998109641,46
1997,16.9936956521739,3.47184782608696,"Pass Mountain",18.5754702268431,4.48566871455577,-1.58177457466919,-1.01382088846881,46
1998,18.4911413043478,3.7570652173913,"Pass Mountain",18.5754702268431,4.48566871455577,-0.0843289224952741,-0.728603497164461,46
1999,18.9870652173913,2.53532608695652,"Pass Mountain",18.5754702268431,4.48566871455577,0.411594990548203,-1.95034262759924,46
2000,18.2875,4.32826086956522,"Pass Mountain",18.5754702268431,4.48566871455577,-0.2879702268431,-0.157407844990548,46
2001,17.2699456521739,4.53586956521739,"Pass Mountain",18.5754702268431,4.48566871455577,-1.30552457466919,0.0502008506616258,46
2002,18.5133695652174,3.54619565217391,"Pass Mountain",18.5754702268431,4.48566871455577,-0.0621006616257098,-0.939473062381852,46
2003,17.0155434782609,6.14434782608696,"Pass Mountain",18.5754702268431,4.48566871455577,-1.55992674858223,1.65867911153119,46
2004,18.3240217391304,4.82913043478261,"Pass Mountain",18.5754702268431,4.48566871455577,-0.251448487712668,0.343461720226843,46
2005,17.6164130434783,3.37184782608696,"Pass Mountain",18.5754702268431,4.48566871455577,-0.959057183364841,-1.11382088846881,46
2006,18.7783152173913,5.96760869565217,"Pass Mountain",18.5754702268431,4.48566871455577,0.202844990548204,1.48193998109641,46
2007,19.326902173913,3.3079347826087,"Pass Mountain",18.5754702268431,4.48566871455577,0.751431947069943,-1.17773393194707,46
2008,17.8519565217391,4.66076086956522,"Pass Mountain",18.5754702268431,4.48566871455577,-0.723513705103972,0.175092155009453,46
2009,17.6454347826087,5.11054347826087,"Pass Mountain",18.5754702268431,4.48566871455577,-0.930035444234406,0.624874763705105,46
2010,21.1358152173913,3.58402173913043,"Pass Mountain",18.5754702268431,4.48566871455577,2.5603449905482,-0.90164697542533,46
2011,20.5053804347826,4.74771739130435,"Pass Mountain",18.5754702268431,4.48566871455577,1.92991020793951,0.262048676748583,46
2012,20.3984782608696,3.77260869565217,"Pass Mountain",18.5754702268431,4.48566871455577,1.82300803402646,-0.713060018903591,46
2013,19.0045108695652,5.93891304347826,"Pass Mountain",18.5754702268431,4.48566871455577,0.429040642722114,1.4532443289225,46
2014,19.3320652173913,4.86326086956522,"Pass Mountain",18.5754702268431,4.48566871455577,0.756594990548201,0.377592155009452,46
2015,20.3576630434783,4.45989130434783,"Pass Mountain",18.5754702268431,4.48566871455577,1.78219281663516,-0.0257774102079393,46
2016,18.9271739130435,5.94434782608696,"Pass Mountain",18.5754702268431,4.48566871455577,0.351703686200377,1.45867911153119,46
2017,18.7613043478261,4.51032608695652,"Pass Mountain",18.5754702268431,4.48566871455577,0.185834120982985,0.0246573724007568,46
2018,20.23625,10.134347826087,"Pass Mountain",18.5754702268431,4.48566871455577,1.6607797731569,5.64867911153119,46
1992,15.4486413043478,3.91521739130435,"Pinnacle Cliff",17.9435054347826,4.79226370510397,-2.49486413043478,-0.877046313799622,46
1993,17.4576086956522,3.30336956521739,"Pinnacle Cliff",17.9435054347826,4.79226370510397,-0.485896739130435,-1.48889413988658,46
1994,16.37125,4.15902173913044,"Pinnacle Cliff",17.9435054347826,4.79226370510397,-1.57225543478261,-0.633241965973535,46
1995,17.4225,6.36369565217391,"Pinnacle Cliff",17.9435054347826,4.79226370510397,-0.521005434782609,1.57143194706994,46
1996,16.8824456521739,6.48663043478261,"Pinnacle Cliff",17.9435054347826,4.79226370510397,-1.06105978260869,1.69436672967864,46
1997,16.2675,3.6775,"Pinnacle Cliff",17.9435054347826,4.79226370510397,-1.67600543478261,-1.11476370510397,46
1998,17.6925543478261,3.95032608695652,"Pinnacle Cliff",17.9435054347826,4.79226370510397,-0.250951086956523,-0.841937618147448,46
1999,18.283152173913,2.78576086956522,"Pinnacle Cliff",17.9435054347826,4.79226370510397,0.339646739130433,-2.00650283553875,46
2000,17.6128804347826,4.85282608695652,"Pinnacle Cliff",17.9435054347826,4.79226370510397,-0.330624999999998,0.0605623818525514,46
2001,16.5210869565217,4.85641304347826,"Pinnacle Cliff",17.9435054347826,4.79226370510397,-1.42241847826087,0.0641493383742908,46
2002,17.8180434782609,3.58141304347826,"Pinnacle Cliff",17.9435054347826,4.79226370510397,-0.12546195652174,-1.21085066162571,46
2003,16.2491847826087,6.4279347826087,"Pinnacle Cliff",17.9435054347826,4.79226370510397,-1.69432065217391,1.63567107750473,46
2004,17.6371195652174,5.19891304347826,"Pinnacle Cliff",17.9435054347826,4.79226370510397,-0.306385869565215,0.406649338374291,46
2005,17.0022826086957,3.53336956521739,"Pinnacle Cliff",17.9435054347826,4.79226370510397,-0.941222826086957,-1.25889413988658,46
2006,18.5610869565217,6.57695652173913,"Pinnacle Cliff",17.9435054347826,4.79226370510397,0.61758152173913,1.78469281663516,46
2007,19.1179891304348,3.57934782608696,"Pinnacle Cliff",17.9435054347826,4.79226370510397,1.17448369565217,-1.21291587901701,46
2008,17.1878260869565,4.94304347826087,"Pinnacle Cliff",17.9435054347826,4.79226370510397,-0.755679347826085,0.150779773156899,46
2009,17.0157608695652,5.58619565217391,"Pinnacle Cliff",17.9435054347826,4.79226370510397,-0.927744565217392,0.793931947069943,46
2010,20.8460326086957,3.89152173913043,"Pinnacle Cliff",17.9435054347826,4.79226370510397,2.90252717391304,-0.900741965973535,46
2011,20.2078260869565,5.22282608695652,"Pinnacle Cliff",17.9435054347826,4.79226370510397,2.26432065217391,0.430562381852551,46
2012,20.171902173913,4.105,"Pinnacle Cliff",17.9435054347826,4.79226370510397,2.22839673913044,-0.68726370510397,46
2013,18.6141304347826,6.48728260869565,"Pinnacle Cliff",17.9435054347826,4.79226370510397,0.670625000000001,1.69501890359168,46
2014,19.2082065217391,5.05152173913044,"Pinnacle Cliff",17.9435054347826,4.79226370510397,1.26470108695652,0.259258034026465,46
2015,20.0660326086957,4.37510869565217,"Pinnacle Cliff",17.9435054347826,4.79226370510397,2.12252717391305,-0.417155009451796,46
2016,18.4691847826087,6.15554347826087,"Pinnacle Cliff",17.9435054347826,4.79226370510397,0.525679347826088,1.3632797731569,46
2017,18.243097826087,4.75271739130435,"Pinnacle Cliff",17.9435054347826,4.79226370510397,0.299592391304348,-0.0395463137996224,46
2018,19.8223369565217,10.9975,"Pinnacle Cliff",17.9435054347826,4.79226370510397,1.87883152173913,6.20523629489603,46
1992,16.9583152173913,3.60163043478261,"Pinnacle Ridge",19.0574527410208,4.44506852551985,-2.09913752362949,-0.84343809073724,46
1993,18.895,3.00847826086957,"Pinnacle Ridge",19.0574527410208,4.44506852551985,-0.162452741020793,-1.43659026465028,46
1994,17.8559239130435,3.87869565217391,"Pinnacle Ridge",19.0574527410208,4.44506852551985,-1.20152882797731,-0.566372873345936,46
1995,18.6783695652174,6.17217391304348,"Pinnacle Ridge",19.0574527410208,4.44506852551985,-0.379083175803402,1.72710538752363,46
1996,18.0067934782609,5.92391304347826,"Pinnacle Ridge",19.0574527410208,4.44506852551985,-1.05065926275992,1.47884451795841,46
1997,17.4414673913043,3.57717391304348,"Pinnacle Ridge",19.0574527410208,4.44506852551985,-1.61598534971645,-0.867894612476371,46
1998,18.9595108695652,3.80532608695652,"Pinnacle Ridge",19.0574527410208,4.44506852551985,-0.0979418714555749,-0.639742438563327,46
1999,19.3608695652174,2.53336956521739,"Pinnacle Ridge",19.0574527410208,4.44506852551985,0.303416824196599,-1.91169896030246,46
2000,18.7034239130435,4.58184782608696,"Pinnacle Ridge",19.0574527410208,4.44506852551985,-0.354028827977313,0.136779300567108,46
2001,17.7126630434783,4.60434782608696,"Pinnacle Ridge",19.0574527410208,4.44506852551985,-1.34478969754253,0.159279300567108,46
2002,18.9600543478261,3.38826086956522,"Pinnacle Ridge",19.0574527410208,4.44506852551985,-0.0973983931947053,-1.05680765595463,46
2003,17.51,6.05021739130435,"Pinnacle Ridge",19.0574527410208,4.44506852551985,-1.54745274102079,1.6051488657845,46
2004,18.9826630434783,4.60380434782609,"Pinnacle Ridge",19.0574527410208,4.44506852551985,-0.0747896975425313,0.158735822306238,46
2005,18.2554891304348,3.25152173913043,"Pinnacle Ridge",19.0574527410208,4.44506852551985,-0.801963610586011,-1.19354678638941,46
2006,19.3061956521739,5.50630434782609,"Pinnacle Ridge",19.0574527410208,4.44506852551985,0.248742911153119,1.06123582230624,46
2007,19.7590760869565,3.09315217391304,"Pinnacle Ridge",19.0574527410208,4.44506852551985,0.70162334593573,-1.35191635160681,46
2008,18.2400543478261,4.85695652173913,"Pinnacle Ridge",19.0574527410208,4.44506852551985,-0.817398393194704,0.411887996219281,46
2009,18.046902173913,5.14554347826087,"Pinnacle Ridge",19.0574527410208,4.44506852551985,-1.01055056710775,0.700474952741021,46
2010,21.3933152173913,3.79217391304348,"Pinnacle Ridge",19.0574527410208,4.44506852551985,2.33586247637051,-0.652894612476371,46
2011,20.8165760869565,4.43717391304348,"Pinnacle Ridge",19.0574527410208,4.44506852551985,1.75912334593573,-0.00789461247637036,46
2012,20.7761956521739,3.70673913043478,"Pinnacle Ridge",19.0574527410208,4.44506852551985,1.71874291115312,-0.738329395085066,46
2013,19.3874456521739,5.89815217391304,"Pinnacle Ridge",19.0574527410208,4.44506852551985,0.32999291115312,1.45308364839319,46
2014,19.7527173913043,4.79336956521739,"Pinnacle Ridge",19.0574527410208,4.44506852551985,0.695264650283555,0.348301039697542,46
2015,20.6590760869565,4.19728260869565,"Pinnacle Ridge",19.0574527410208,4.44506852551985,1.60162334593573,-0.247785916824196,46
2016,19.3541847826087,5.60282608695652,"Pinnacle Ridge",19.0574527410208,4.44506852551985,0.296732041587902,1.15775756143667,46
2017,19.3142391304348,4.55978260869565,"Pinnacle Ridge",19.0574527410208,4.44506852551985,0.256786389413989,0.114714083175803,46
2018,20.7260869565217,10.0514130434783,"Pinnacle Ridge",19.0574527410208,4.44506852551985,1.66863421550095,5.60634451795841,46
1992,14.9700543478261,4.05260869565217,"Thorofare Mountain",17.5854513232514,4.92228497164461,-2.61539697542533,-0.869676275992438,46
1993,16.9630434782609,3.50152173913043,"Thorofare Mountain",17.5854513232514,4.92228497164461,-0.622407844990551,-1.42076323251418,46
1994,15.858152173913,4.06413043478261,"Thorofare Mountain",17.5854513232514,4.92228497164461,-1.72729914933838,-0.858154536862004,46
1995,16.9477173913043,7.03989130434783,"Thorofare Mountain",17.5854513232514,4.92228497164461,-0.637733931947071,2.11760633270321,46
1996,16.4227173913043,6.55434782608696,"Thorofare Mountain",17.5854513232514,4.92228497164461,-1.16273393194707,1.63206285444234,46
1997,15.7829891304348,4.1175,"Thorofare Mountain",17.5854513232514,4.92228497164461,-1.80246219281664,-0.804784971644612,46
1998,17.1355434782609,3.93076086956522,"Thorofare Mountain",17.5854513232514,4.92228497164461,-0.449907844990548,-0.991524102079395,46
1999,17.8092391304348,2.92739130434783,"Thorofare Mountain",17.5854513232514,4.92228497164461,0.223787807183363,-1.99489366729679,46
2000,17.1486413043478,4.92782608695652,"Thorofare Mountain",17.5854513232514,4.92228497164461,-0.436810018903593,0.00554111531190937,46
2001,16.0177717391304,4.92586956521739,"Thorofare Mountain",17.5854513232514,4.92228497164461,-1.56767958412098,0.0035845935727794,46
2002,17.33875,3.55402173913043,"Thorofare Mountain",17.5854513232514,4.92228497164461,-0.246701323251418,-1.36826323251418,46
2003,15.7374456521739,6.51130434782609,"Thorofare Mountain",17.5854513232514,4.92228497164461,-1.84800567107751,1.58901937618147,46
2004,16.9248369565217,5.45978260869565,"Thorofare Mountain",17.5854513232514,4.92228497164461,-0.660614366729682,0.53749763705104,46
2005,16.2654891304348,3.4854347826087,"Thorofare Mountain",17.5854513232514,4.92228497164461,-1.31996219281664,-1.43685018903592,46
2006,18.3848913043478,6.55489130434783,"Thorofare Mountain",17.5854513232514,4.92228497164461,0.799439981096405,1.63260633270321,46
2007,18.8877173913043,3.84576086956522,"Thorofare Mountain",17.5854513232514,4.92228497164461,1.30226606805293,-1.07652410207939,46
2008,16.7152173913043,5.15434782608696,"Thorofare Mountain",17.5854513232514,4.92228497164461,-0.870233931947073,0.232062854442344,46
2009,16.5873913043478,5.52619565217391,"Thorofare Mountain",17.5854513232514,4.92228497164461,-0.998060018903594,0.603910680529301,46
2010,20.5385326086957,3.73152173913043,"Thorofare Mountain",17.5854513232514,4.92228497164461,2.95308128544423,-1.19076323251418,46
2011,19.9157608695652,5.50836956521739,"Thorofare Mountain",17.5854513232514,4.92228497164461,2.3303095463138,0.586084593572779,46
2012,20.0071195652174,4.25554347826087,"Thorofare Mountain",17.5854513232514,4.92228497164461,2.42166824196597,-0.666741493383743,46
2013,18.37,6.67978260869565,"Thorofare Mountain",17.5854513232514,4.92228497164461,0.784548676748582,1.75749763705104,46
2014,19.1140217391304,5.23402173913043,"Thorofare Mountain",17.5854513232514,4.92228497164461,1.52857041587902,0.311736767485822,46
2015,19.930597826087,4.03619565217391,"Thorofare Mountain",17.5854513232514,4.92228497164461,2.34514650283554,-0.886089319470699,46
2016,18.4114130434783,6.22467391304348,"Thorofare Mountain",17.5854513232514,4.92228497164461,0.825961720226843,1.30238894139887,46
2017,18.1209782608696,4.79586956521739,"Thorofare Mountain",17.5854513232514,4.92228497164461,0.535526937618148,-0.12641540642722,46
2018,19.8257065217391,11.135652173913,"Thorofare Mountain",17.5854513232514,4.92228497164461,2.24025519848771,6.21336720226843,46
1992,15.1149456521739,4.09119565217391,"Old Crescent Rock",17.7234321833648,4.91289224952741,-2.60848653119093,-0.821696597353498,46
1993,17.0935869565217,3.43423913043478,"Old Crescent Rock",17.7234321833648,4.91289224952741,-0.629845226843099,-1.47865311909263,46
1994,16.0121195652174,4.74239130434783,"Old Crescent Rock",17.7234321833648,4.91289224952741,-1.71131261814745,-0.170500945179585,46
1995,17.0735326086957,7.01086956521739,"Old Crescent Rock",17.7234321833648,4.91289224952741,-0.649899574669185,2.09797731568998,46
1996,16.5160326086957,6.5070652173913,"Old Crescent Rock",17.7234321833648,4.91289224952741,-1.20739957466919,1.59417296786389,46
1997,15.8929347826087,4.17217391304348,"Old Crescent Rock",17.7234321833648,4.91289224952741,-1.83049740075614,-0.740718336483932,46
1998,17.2442934782609,3.94065217391304,"Old Crescent Rock",17.7234321833648,4.91289224952741,-0.479138705103971,-0.972240075614367,46
1999,17.9003260869565,2.87565217391304,"Old Crescent Rock",17.7234321833648,4.91289224952741,0.176893903591683,-2.03724007561437,46
2000,17.239347826087,4.89358695652174,"Old Crescent Rock",17.7234321833648,4.91289224952741,-0.484084357277883,-0.0193052930056714,46
2001,16.1308152173913,4.88663043478261,"Old Crescent Rock",17.7234321833648,4.91289224952741,-1.59261696597353,-0.0262618147448022,46
2002,17.443097826087,3.50195652173913,"Old Crescent Rock",17.7234321833648,4.91289224952741,-0.280334357277884,-1.41093572778828,46
2003,15.8722282608696,6.46304347826087,"Old Crescent Rock",17.7234321833648,4.91289224952741,-1.85120392249527,1.55015122873346,46
2004,17.0567391304348,5.3829347826087,"Old Crescent Rock",17.7234321833648,4.91289224952741,-0.666693052930057,0.470042533081285,46
2005,16.2959239130435,3.42923913043478,"Old Crescent Rock",17.7234321833648,4.91289224952741,-1.42750827032136,-1.48365311909263,46
2006,18.5251086956522,6.28119565217391,"Old Crescent Rock",17.7234321833648,4.91289224952741,0.801676512287337,1.3683034026465,46
2007,18.8164673913043,3.62934782608696,"Old Crescent Rock",17.7234321833648,4.91289224952741,1.09303520793951,-1.28354442344045,46
2008,16.8346739130435,5.06184782608696,"Old Crescent Rock",17.7234321833648,4.91289224952741,-0.888758270321361,0.148955576559546,46
2009,16.6996195652174,5.57739130434783,"Old Crescent Rock",17.7234321833648,4.91289224952741,-1.02381261814745,0.664499054820416,46
2010,20.5749456521739,3.88934782608696,"Old Crescent Rock",17.7234321833648,4.91289224952741,2.85151346880907,-1.02354442344045,46
2011,19.9775543478261,5.31108695652174,"Old Crescent Rock",17.7234321833648,4.91289224952741,2.25412216446125,0.398194706994329,46
2012,20.0565217391304,4.23467391304348,"Old Crescent Rock",17.7234321833648,4.91289224952741,2.3330895557656,-0.678218336483932,46
2013,18.4813043478261,6.56326086956522,"Old Crescent Rock",17.7234321833648,4.91289224952741,0.757872164461247,1.65036862003781,46
2014,19.08125,5.24119565217391,"Old Crescent Rock",17.7234321833648,4.91289224952741,1.35781781663516,0.328303402646503,46
2015,20.005652173913,3.94891304347826,"Old Crescent Rock",17.7234321833648,4.91289224952741,2.2822199905482,-0.963979206049149,46
2016,18.6367391304348,6.23086956521739,"Old Crescent Rock",17.7234321833648,4.91289224952741,0.913306947069945,1.31797731568998,46
2017,18.4009782608696,4.73836956521739,"Old Crescent Rock",17.7234321833648,4.91289224952741,0.677546077504726,-0.174522684310019,46
2018,20.0779891304348,10.9836956521739,"Old Crescent Rock",17.7234321833648,4.91289224952741,2.35455694706994,6.0708034026465,46
1992,15.6194565217391,4.1845652173913,"Hazeltop Ridge",18.2411672967864,4.86554111531191,-2.62171077504726,-0.680975897920605,46
1993,17.5801086956522,3.31065217391304,"Hazeltop Ridge",18.2411672967864,4.86554111531191,-0.661058601134215,-1.55488894139887,46
1994,16.5173369565217,4.42597826086956,"Hazeltop Ridge",18.2411672967864,4.86554111531191,-1.72383034026465,-0.439562854442344,46
1995,17.4560869565217,7.55934782608696,"Hazeltop Ridge",18.2411672967864,4.86554111531191,-0.785080340264649,2.69380671077505,46
1996,16.8354347826087,6.46815217391304,"Hazeltop Ridge",18.2411672967864,4.86554111531191,-1.40573251417769,1.60261105860113,46
1997,16.2365760869565,4.33728260869565,"Hazeltop Ridge",18.2411672967864,4.86554111531191,-2.00459120982987,-0.528258506616257,46
1998,17.5795652173913,3.93119565217391,"Hazeltop Ridge",18.2411672967864,4.86554111531191,-0.661602079395085,-0.934345463137996,46
1999,18.2557065217391,2.62586956521739,"Hazeltop Ridge",18.2411672967864,4.86554111531191,0.0145392249527418,-2.23967155009452,46
2000,17.5389130434783,4.41695652173913,"Hazeltop Ridge",18.2411672967864,4.86554111531191,-0.70225425330813,-0.448584593572778,46
2001,16.4726630434783,4.60282608695652,"Hazeltop Ridge",18.2411672967864,4.86554111531191,-1.76850425330813,-0.262715028355387,46
2002,17.8016304347826,3.10804347826087,"Hazeltop Ridge",18.2411672967864,4.86554111531191,-0.439536862003781,-1.75749763705104,46
2003,16.2221195652174,6.24021739130435,"Hazeltop Ridge",18.2411672967864,4.86554111531191,-2.019047731569,1.37467627599244,46
2004,18.4498369565217,5.615,"Hazeltop Ridge",18.2411672967864,4.86554111531191,0.208669659735349,0.749458884688091,46
2005,18.0879891304348,3.38271739130435,"Hazeltop Ridge",18.2411672967864,4.86554111531191,-0.153178166351609,-1.48282372400756,46
2006,18.9903260869565,5.81663043478261,"Hazeltop Ridge",18.2411672967864,4.86554111531191,0.749158790170132,0.9510893194707,46
2007,19.2366304347826,3.06326086956522,"Hazeltop Ridge",18.2411672967864,4.86554111531191,0.995463137996218,-1.80228024574669,46
2008,17.2377717391304,4.73358695652174,"Hazeltop Ridge",18.2411672967864,4.86554111531191,-1.00339555765596,-0.13195415879017,46
2009,17.020652173913,5.19836956521739,"Hazeltop Ridge",18.2411672967864,4.86554111531191,-1.22051512287335,0.332828449905483,46
2010,20.8539673913043,3.68902173913043,"Hazeltop Ridge",18.2411672967864,4.86554111531191,2.61280009451796,-1.17651937618147,46
2011,20.2727717391304,5.26673913043478,"Hazeltop Ridge",18.2411672967864,4.86554111531191,2.03160444234404,0.401198015122874,46
2012,20.6672826086957,4.88271739130435,"Hazeltop Ridge",18.2411672967864,4.86554111531191,2.42611531190926,0.0171762759924388,46
2013,19.1299456521739,7.13673913043478,"Hazeltop Ridge",18.2411672967864,4.86554111531191,0.888778355387522,2.27119801512287,46
2014,19.6825,5.21141304347826,"Hazeltop Ridge",18.2411672967864,4.86554111531191,1.44133270321361,0.345871928166352,46
2015,20.5621195652174,4.51086956521739,"Hazeltop Ridge",18.2411672967864,4.86554111531191,2.320952268431,-0.354671550094517,46
2016,19.3727717391304,6.36934782608696,"Hazeltop Ridge",18.2411672967864,4.86554111531191,1.13160444234405,1.50380671077505,46
2017,19.1625543478261,5.52826086956522,"Hazeltop Ridge",18.2411672967864,4.86554111531191,0.921387051039698,0.662719754253309,46
2018,20.7975,9.4829347826087,"Hazeltop Ridge",18.2411672967864,4.86554111531191,2.55633270321361,4.61739366729679,46
1992,16.8748369565217,4.32217391304348,"Big Run",19.1501216918715,4.40605623818526,-2.27528473534971,-0.0838823251417766,46
1993,18.8998913043478,2.70902173913043,"Big Run",19.1501216918715,4.40605623818526,-0.250230387523629,-1.69703449905482,46
1994,17.7697282608696,3.87163043478261,"Big Run",19.1501216918715,4.40605623818526,-1.38039343100189,-0.534425803402646,46
1995,18.4332065217391,7.43326086956522,"Big Run",19.1501216918715,4.40605623818526,-0.716915170132324,3.02720463137996,46
1996,18.0642391304348,5.61402173913044,"Big Run",19.1501216918715,4.40605623818526,-1.08588256143667,1.20796550094518,46
1997,17.404402173913,4.34347826086957,"Big Run",19.1501216918715,4.40605623818526,-1.74571951795841,-0.0625779773156898,46
1998,18.8128260869565,3.84434782608696,"Big Run",19.1501216918715,4.40605623818526,-0.337295604914932,-0.561708412098298,46
1999,19.4034782608696,2.4570652173913,"Big Run",19.1501216918715,4.40605623818526,0.253356568998111,-1.94899102079395,46
2000,18.6563043478261,5.175,"Big Run",19.1501216918715,4.40605623818526,-0.493817344045368,0.768943761814745,46
2001,17.5241847826087,4.02510869565217,"Big Run",19.1501216918715,4.40605623818526,-1.62593690926276,-0.380947542533081,46
2002,18.9514130434783,3.11847826086957,"Big Run",19.1501216918715,4.40605623818526,-0.198708648393193,-1.28757797731569,46
2003,17.1232608695652,6.53413043478261,"Big Run",19.1501216918715,4.40605623818526,-2.02686082230624,2.12807419659735,46
2004,20.0711956521739,5.47369565217391,"Big Run",19.1501216918715,4.40605623818526,0.921073960302458,1.06763941398866,46
2005,19.6354347826087,3.42880434782609,"Big Run",19.1501216918715,4.40605623818526,0.48531309073724,-0.977251890359168,46
2006,19.4814673913043,4.02760869565217,"Big Run",19.1501216918715,4.40605623818526,0.331345699432894,-0.378447542533081,46
2007,19.8590760869565,3.78489130434783,"Big Run",19.1501216918715,4.40605623818526,0.708954395085065,-0.621164933837429,46
2008,18.5113586956522,4.23510869565217,"Big Run",19.1501216918715,4.40605623818526,-0.638762996219281,-0.170947542533081,46
2009,18.0250543478261,4.81054347826087,"Big Run",19.1501216918715,4.40605623818526,-1.12506734404537,0.404487240075614,46
2010,21.2895108695652,3.1654347826087,"Big Run",19.1501216918715,4.40605623818526,2.13938917769376,-1.24062145557656,46
2011,20.7690760869565,4.50565217391304,"Big Run",19.1501216918715,4.40605623818526,1.61895439508507,0.0995959357277885,46
2012,21.0408695652174,4.51826086956522,"Big Run",19.1501216918715,4.40605623818526,1.89074787334594,0.112204631379962,46
2013,19.5674456521739,6.17021739130435,"Big Run",19.1501216918715,4.40605623818526,0.417323960302458,1.76416115311909,46
2014,19.64,4.35923913043478,"Big Run",19.1501216918715,4.40605623818526,0.489878308128546,-0.0468171077504724,46
2015,21.264347826087,4.27532608695652,"Big Run",19.1501216918715,4.40605623818526,2.1142261342155,-0.130730151228733,46
2016,19.8251086956522,5.46565217391304,"Big Run",19.1501216918715,4.40605623818526,0.674987003780718,1.05959593572779,46
2017,19.7192391304348,5.43478260869565,"Big Run",19.1501216918715,4.40605623818526,0.569117438563328,1.0287263705104,46
2018,21.1799456521739,7.85663043478261,"Big Run",19.1501216918715,4.40605623818526,2.02982396030246,3.45057419659735,46
1992,17.7988586956522,4.69391304347826,"West Point",19.0563752362949,4.15868147448015,-1.25751654064272,0.53523156899811,46
1993,19.6504347826087,1.74130434782609,"West Point",19.0563752362949,4.15868147448015,0.594059546313797,-2.41737712665406,46
1994,19.5961413043478,5.4579347826087,"West Point",19.0563752362949,4.15868147448015,0.539766068052927,1.29925330812854,46
1995,19.2679891304348,2.41141304347826,"West Point",19.0563752362949,4.15868147448015,0.211613894139884,-1.74726843100189,46
1996,18.1520652173913,5.8695652173913,"West Point",19.0563752362949,4.15868147448015,-0.904310018903594,1.71088374291115,46
1997,18.0316304347826,3.04304347826087,"West Point",19.0563752362949,4.15868147448015,-1.02474480151229,-1.11563799621928,46
1998,19.2647826086957,4.33782608695652,"West Point",19.0563752362949,4.15868147448015,0.208407372400753,0.17914461247637,46
1999,20.4179891304348,1.83119565217391,"West Point",19.0563752362949,4.15868147448015,1.36161389413989,-2.32748582230624,46
2000,18.1835326086957,4.99586956521739,"West Point",19.0563752362949,4.15868147448015,-0.872842627599244,0.837188090737239,46
2001,18.8092391304348,3.67913043478261,"West Point",19.0563752362949,4.15868147448015,-0.247136105860115,-0.479551039697543,46
2002,18.9711413043478,4.23934782608696,"West Point",19.0563752362949,4.15868147448015,-0.085233931947073,0.0806663516068049,46
2003,18.0720108695652,4.63967391304348,"West Point",19.0563752362949,4.15868147448015,-0.984364366729679,0.480992438563327,46
2004,19.0180434782609,3.3504347826087,"West Point",19.0563752362949,4.15868147448015,-0.0383317580340261,-0.808246691871456,46
2005,19.0542391304348,3.37673913043478,"West Point",19.0563752362949,4.15868147448015,-0.0021361058601137,-0.781942344045369,46
2006,19.4020108695652,4.84565217391304,"West Point",19.0563752362949,4.15868147448015,0.345635633270319,0.686970699432892,46
2007,19.4604347826087,3.18804347826087,"West Point",19.0563752362949,4.15868147448015,0.4040595463138,-0.970637996219282,46
2008,18.8902717391304,3.82739130434783,"West Point",19.0563752362949,4.15868147448015,-0.166103497164464,-0.331290170132326,46
2009,17.8953804347826,6.2120652173913,"West Point",19.0563752362949,4.15868147448015,-1.16099480151229,2.05338374291115,46
2010,20.4659239130435,2.76652173913043,"West Point",19.0563752362949,4.15868147448015,1.40954867674858,-1.39215973534972,46
2011,19.9592934782609,4.0575,"West Point",19.0563752362949,4.15868147448015,0.90291824196597,-0.101181474480152,46
2012,20.0104347826087,4.83586956521739,"West Point",19.0563752362949,4.15868147448015,0.954059546313797,0.67718809073724,46
2013,19.639402173913,5.66717391304348,"West Point",19.0563752362949,4.15868147448015,0.583026937618147,1.50849243856333,46
2014,18.8328260869565,4.36445652173913,"West Point",19.0563752362949,4.15868147448015,-0.223549149338375,0.205775047258979,46
2015,19.2423913043478,3.46326086956522,"West Point",19.0563752362949,4.15868147448015,0.186016068052929,-0.695420604914934,46
2016,18.9301630434783,4.75858695652174,"West Point",19.0563752362949,4.15868147448015,-0.126212192816638,0.599905482041588,46
2017,18.1291847826087,3.82304347826087,"West Point",19.0563752362949,4.15868147448015,-0.927190453686201,-0.335637996219282,46
2018,19.7021195652174,4.46413043478261,"West Point",19.0563752362949,4.15868147448015,0.645744328922493,0.305448960302457,46
1992,16.3074456521739,3.99608695652174,"Hell Hollow",18.3716020793951,3.77665879017013,-2.06415642722117,0.219428166351607,46
1993,18.15125,3.1120652173913,"Hell Hollow",18.3716020793951,3.77665879017013,-0.220352079395084,-0.664593572778828,46
1994,17.6078804347826,3.04880434782609,"Hell Hollow",18.3716020793951,3.77665879017013,-0.763721644612477,-0.727854442344045,46
1995,18.550597826087,3.35978260869565,"Hell Hollow",18.3716020793951,3.77665879017013,0.178995746691871,-0.41687618147448,46
1996,17.2864673913043,4.36673913043478,"Hell Hollow",18.3716020793951,3.77665879017013,-1.08513468809074,0.590080340264651,46
1997,16.4845652173913,3.95076086956522,"Hell Hollow",18.3716020793951,3.77665879017013,-1.88703686200378,0.174102079395085,46
1998,18.8828804347826,2.24021739130435,"Hell Hollow",18.3716020793951,3.77665879017013,0.511278355387525,-1.53644139886578,46
1999,19.3997282608696,2.8170652173913,"Hell Hollow",18.3716020793951,3.77665879017013,1.02812618147448,-0.959593572778828,46
2000,18.0571739130435,4.07847826086957,"Hell Hollow",18.3716020793951,3.77665879017013,-0.314428166351608,0.301819470699433,46
2001,18.456902173913,2.29402173913043,"Hell Hollow",18.3716020793951,3.77665879017013,0.0853000945179581,-1.4826370510397,46
2002,18.5241304347826,3.09,"Hell Hollow",18.3716020793951,3.77665879017013,0.152528355387524,-0.686658790170132,46
2003,17.583152173913,4.91021739130435,"Hell Hollow",18.3716020793951,3.77665879017013,-0.788449905482043,1.13355860113422,46
2004,18.7521195652174,4.78989130434783,"Hell Hollow",18.3716020793951,3.77665879017013,0.380517485822306,1.01323251417769,46
2005,19.0228260869565,3.51880434782609,"Hell Hollow",18.3716020793951,3.77665879017013,0.651224007561435,-0.257854442344045,46
2006,18.425597826087,7.19554347826087,"Hell Hollow",18.3716020793951,3.77665879017013,0.0539957466918715,3.41888468809074,46
2007,18.5204891304348,2.15076086956522,"Hell Hollow",18.3716020793951,3.77665879017013,0.148887051039697,-1.62589792060491,46
2008,17.8932608695652,4.57119565217391,"Hell Hollow",18.3716020793951,3.77665879017013,-0.478341209829868,0.794536862003781,46
2009,17.1896739130435,3.87076086956522,"Hell Hollow",18.3716020793951,3.77665879017013,-1.18192816635161,0.0941020793950851,46
2010,19.6207065217391,4.28097826086957,"Hell Hollow",18.3716020793951,3.77665879017013,1.24910444234404,0.504319470699433,46
2011,19.4865217391304,4.11684782608696,"Hell Hollow",18.3716020793951,3.77665879017013,1.11491965973535,0.340189035916824,46
2012,20.079402173913,2.38271739130435,"Hell Hollow",18.3716020793951,3.77665879017013,1.70780009451796,-1.39394139886578,46
2013,18.8120652173913,5.48054347826087,"Hell Hollow",18.3716020793951,3.77665879017013,0.440463137996218,1.70388468809074,46
2014,18.2300543478261,4.53423913043478,"Hell Hollow",18.3716020793951,3.77665879017013,-0.141547731568998,0.75758034026465,46
2015,18.8992934782609,4.82,"Hell Hollow",18.3716020793951,3.77665879017013,0.527691398865784,1.04334120982987,46
2016,18.5374456521739,2.77641304347826,"Hell Hollow",18.3716020793951,3.77665879017013,0.165843572778826,-1.00024574669187,46
2017,18.2572826086957,3.72934782608696,"Hell Hollow",18.3716020793951,3.77665879017013,-0.114319470699431,-0.0473109640831759,46
2018,19.9379891304348,3.97923913043478,"Hell Hollow",18.3716020793951,3.77665879017013,1.5663870510397,0.20258034026465,46
1992,17.9721195652174,4.50445652173913,"Taft Reserve",19.6797885160681,3.94304820415879,-1.70766895085066,0.56140831758034,46
1993,19.3135869565217,3.40934782608696,"Taft Reserve",19.6797885160681,3.94304820415879,-0.366201559546315,-0.533700378071834,46
1994,18.6501086956522,2.49239130434783,"Taft Reserve",19.6797885160681,3.94304820415879,-1.02967982041588,-1.45065689981096,46
1995,19.2241847826087,4.44521739130435,"Taft Reserve",19.6797885160681,3.94304820415879,-0.455603733459359,0.502169187145557,46
1996,18.6091847826087,4.90163043478261,"Taft Reserve",19.6797885160681,3.94304820415879,-1.07060373345936,0.958582230623819,46
1997,17.813152173913,4.97358695652174,"Taft Reserve",19.6797885160681,3.94304820415879,-1.86663634215501,1.03053875236295,46
1998,19.9159782608696,4.33228260869565,"Taft Reserve",19.6797885160681,3.94304820415879,0.236189744801511,0.389234404536862,46
1999,20.5822826086957,1.73391304347826,"Taft Reserve",19.6797885160681,3.94304820415879,0.902494092627599,-2.20913516068053,46
2000,19.2077717391304,3.44717391304348,"Taft Reserve",19.6797885160681,3.94304820415879,-0.472016776937618,-0.495874291115312,46
2001,18.936902173913,3.62021739130435,"Taft Reserve",19.6797885160681,3.94304820415879,-0.74288634215501,-0.322830812854443,46
2002,19.494402173913,4.15228260869565,"Taft Reserve",19.6797885160681,3.94304820415879,-0.185386342155009,0.209234404536862,46
2003,18.3294565217391,4.49,"Taft Reserve",19.6797885160681,3.94304820415879,-1.35033199432892,0.54695179584121,46
2004,19.4998369565217,4.79978260869565,"Taft Reserve",19.6797885160681,3.94304820415879,-0.179951559546314,0.856734404536862,46
2005,19.3379347826087,2.86728260869565,"Taft Reserve",19.6797885160681,3.94304820415879,-0.341853733459359,-1.07576559546314,46
2006,19.1035326086957,3.88423913043478,"Taft Reserve",19.6797885160681,3.94304820415879,-0.576255907372403,-0.0588090737240079,46
2007,19.9261413043478,2.48619565217391,"Taft Reserve",19.6797885160681,3.94304820415879,0.246352788279772,-1.45685255198488,46
2008,19.1898913043478,5.24663043478261,"Taft Reserve",19.6797885160681,3.94304820415879,-0.48989721172023,1.30358223062382,46
2009,19.038152173913,3.15771739130435,"Taft Reserve",19.6797885160681,3.94304820415879,-0.64163634215501,-0.785330812854443,46
2010,21.0171739130435,3.96467391304348,"Taft Reserve",19.6797885160681,3.94304820415879,1.33738539697542,0.0216257088846881,46
2011,20.9386956521739,4.26565217391304,"Taft Reserve",19.6797885160681,3.94304820415879,1.25890713610586,0.322603969754253,46
2012,21.8026086956522,2.12282608695652,"Taft Reserve",19.6797885160681,3.94304820415879,2.12282017958412,-1.82022211720227,46
2013,20.1883695652174,4.84239130434783,"Taft Reserve",19.6797885160681,3.94304820415879,0.508581049149338,0.899343100189036,46
2014,19.4682065217391,4.66336956521739,"Taft Reserve",19.6797885160681,3.94304820415879,-0.211581994328924,0.720321361058601,46
2015,20.34625,4.1979347826087,"Taft Reserve",19.6797885160681,3.94304820415879,0.666461483931947,0.254886578449906,46
2016,20.1691304347826,3.03282608695652,"Taft Reserve",19.6797885160681,3.94304820415879,0.489341918714555,-0.910222117202269,46
2017,19.565597826087,5.12065217391304,"Taft Reserve",19.6797885160681,3.94304820415879,-0.114190689981097,1.17760396975425,46
2018,21.4603804347826,4.1820652173913,"Taft Reserve",19.6797885160681,3.94304820415879,1.78059191871456,0.239017013232514,46
1992,15.2515760869565,4.52358695652174,"Dean Mountain",18.0792804820416,5.12431947069943,-2.82770439508507,-0.600732514177694,46
1993,17.2561956521739,3.49336956521739,"Dean Mountain",18.0792804820416,5.12431947069943,-0.823084829867678,-1.63094990548204,46
1994,16.1641304347826,4.49608695652174,"Dean Mountain",18.0792804820416,5.12431947069943,-1.91515004725898,-0.628232514177694,46
1995,17.0577717391304,7.95369565217391,"Dean Mountain",18.0792804820416,5.12431947069943,-1.02150874291116,2.82937618147448,46
1996,16.5232065217391,6.74913043478261,"Dean Mountain",18.0792804820416,5.12431947069943,-1.55607396030246,1.62481096408318,46
1997,15.9189130434783,4.34978260869565,"Dean Mountain",18.0792804820416,5.12431947069943,-2.16036743856333,-0.774536862003781,46
1998,17.2095108695652,4.00826086956522,"Dean Mountain",18.0792804820416,5.12431947069943,-0.869769612476372,-1.11605860113422,46
1999,17.97125,3.0220652173913,"Dean Mountain",18.0792804820416,5.12431947069943,-0.108030482041588,-2.10225425330813,46
2000,17.2336413043478,4.95184782608696,"Dean Mountain",18.0792804820416,5.12431947069943,-0.845639177693762,-0.172471644612476,46
2001,16.1308695652174,4.90565217391304,"Dean Mountain",18.0792804820416,5.12431947069943,-1.9484109168242,-0.218667296786389,46
2002,17.504402173913,3.28358695652174,"Dean Mountain",18.0792804820416,5.12431947069943,-0.574878308128547,-1.84073251417769,46
2003,15.8327173913043,6.71184782608696,"Dean Mountain",18.0792804820416,5.12431947069943,-2.24656309073724,1.58752835538752,46
2004,19.0108695652174,6.47010869565217,"Dean Mountain",18.0792804820416,5.12431947069943,0.931589083175801,1.34578922495274,46
2005,18.7590760869565,3.56217391304348,"Dean Mountain",18.0792804820416,5.12431947069943,0.679795604914933,-1.56214555765595,46
2006,19.1660869565217,6.18032608695652,"Dean Mountain",18.0792804820416,5.12431947069943,1.08680647448015,1.05600661625709,46
2007,19.2589130434783,3.61510869565217,"Dean Mountain",18.0792804820416,5.12431947069943,1.17963256143667,-1.50921077504726,46
2008,17.0358695652174,4.5925,"Dean Mountain",18.0792804820416,5.12431947069943,-1.0434109168242,-0.531819470699433,46
2009,16.7436413043478,5.49423913043478,"Dean Mountain",18.0792804820416,5.12431947069943,-1.33563917769376,0.369919659735349,46
2010,20.866847826087,3.51336956521739,"Dean Mountain",18.0792804820416,5.12431947069943,2.78756734404537,-1.61094990548204,46
2011,20.2552717391304,4.76923913043478,"Dean Mountain",18.0792804820416,5.12431947069943,2.17599125708885,-0.35508034026465,46
2012,20.9891847826087,5.57978260869565,"Dean Mountain",18.0792804820416,5.12431947069943,2.90990430056711,0.455463137996219,46
2013,19.3813043478261,7.44760869565217,"Dean Mountain",18.0792804820416,5.12431947069943,1.3020238657845,2.32328922495274,46
2014,19.8214130434783,5.11108695652174,"Dean Mountain",18.0792804820416,5.12431947069943,1.74213256143667,-0.0132325141776937,46
2015,20.6957608695652,6.69,"Dean Mountain",18.0792804820416,5.12431947069943,2.61648038752363,1.56568052930057,46
2016,19.5179891304348,7.0475,"Dean Mountain",18.0792804820416,5.12431947069943,1.43870864839319,1.92318052930057,46
2017,19.2440760869565,6.43010869565217,"Dean Mountain",18.0792804820416,5.12431947069943,1.16479560491493,1.30578922495274,46
2018,20.821902173913,10.1586956521739,"Dean Mountain",18.0792804820416,5.12431947069943,2.74262169187145,5.03437618147448,46
1992,16.4460869565217,3.6754347826087,"Jeremy's Run",18.5767450378072,4.41557419659735,-2.13065808128544,-0.740139413988658,46
1993,18.4432065217391,2.88217391304348,"Jeremy's Run",18.5767450378072,4.41557419659735,-0.13353851606805,-1.53340028355388,46
1994,17.4620652173913,3.54184782608696,"Jeremy's Run",18.5767450378072,4.41557419659735,-1.11467982041588,-0.873726370510397,46
1995,18.2375,6.10880434782609,"Jeremy's Run",18.5767450378072,4.41557419659735,-0.339245037807181,1.69323015122873,46
1996,17.6596195652174,6.13141304347826,"Jeremy's Run",18.5767450378072,4.41557419659735,-0.917125472589792,1.71583884688091,46
1997,17.0215217391304,3.18358695652174,"Jeremy's Run",18.5767450378072,4.41557419659735,-1.55522329867675,-1.23198724007561,46
1998,18.5372826086957,3.54978260869565,"Jeremy's Run",18.5767450378072,4.41557419659735,-0.0394624291115306,-0.865791587901701,46
1999,19.0705434782609,2.23184782608696,"Jeremy's Run",18.5767450378072,4.41557419659735,0.493798440453688,-2.1837263705104,46
2000,18.3280434782609,4.16380434782609,"Jeremy's Run",18.5767450378072,4.41557419659735,-0.248701559546312,-0.251769848771267,46
2001,17.3344565217391,4.40489130434783,"Jeremy's Run",18.5767450378072,4.41557419659735,-1.24228851606805,-0.0106828922495277,46
2002,18.56,3.56565217391304,"Jeremy's Run",18.5767450378072,4.41557419659735,-0.0167450378071834,-0.84992202268431,46
2003,17.0627173913043,6.14315217391304,"Jeremy's Run",18.5767450378072,4.41557419659735,-1.51402764650284,1.72757797731569,46
2004,18.3108695652174,4.80934782608696,"Jeremy's Run",18.5767450378072,4.41557419659735,-0.265875472589791,0.393773629489603,46
2005,17.6117391304348,3.14641304347826,"Jeremy's Run",18.5767450378072,4.41557419659735,-0.965005907372401,-1.26916115311909,46
2006,18.6764130434783,5.8970652173913,"Jeremy's Run",18.5767450378072,4.41557419659735,0.0996680056710773,1.48149102079395,46
2007,19.2332065217391,3.46923913043478,"Jeremy's Run",18.5767450378072,4.41557419659735,0.656461483931949,-0.946335066162571,46
2008,17.9613586956522,4.88934782608696,"Jeremy's Run",18.5767450378072,4.41557419659735,-0.615386342155009,0.473773629489602,46
2009,17.7097282608696,5.23554347826087,"Jeremy's Run",18.5767450378072,4.41557419659735,-0.867016776937618,0.819969281663516,46
2010,21.11,3.58760869565217,"Jeremy's Run",18.5767450378072,4.41557419659735,2.53325496219282,-0.82796550094518,46
2011,20.4659239130435,4.8329347826087,"Jeremy's Run",18.5767450378072,4.41557419659735,1.8891788752363,0.417360586011342,46
2012,20.2967391304348,3.68152173913043,"Jeremy's Run",18.5767450378072,4.41557419659735,1.7199940926276,-0.734052457466919,46
2013,18.9392391304348,5.69347826086956,"Jeremy's Run",18.5767450378072,4.41557419659735,0.3624940926276,1.27790406427221,46
2014,19.2054347826087,4.79423913043478,"Jeremy's Run",18.5767450378072,4.41557419659735,0.628689744801513,0.378664933837429,46
2015,20.2413043478261,4.2929347826087,"Jeremy's Run",18.5767450378072,4.41557419659735,1.66455931001891,-0.122639413988658,46
2016,18.9157608695652,6.01902173913043,"Jeremy's Run",18.5767450378072,4.41557419659735,0.339015831758037,1.60344754253308,46
2017,18.6942934782609,4.61489130434783,"Jeremy's Run",18.5767450378072,4.41557419659735,0.117548440453689,0.199317107750472,46
2018,20.1141304347826,10.1426086956522,"Jeremy's Run",18.5767450378072,4.41557419659735,1.53738539697543,5.72703449905482,46
1992,15.1149456521739,4.09119565217391,"New Crescent Rock",17.7234321833648,4.91289224952741,-2.60848653119093,-0.821696597353498,46
1993,17.0935869565217,3.43423913043478,"New Crescent Rock",17.7234321833648,4.91289224952741,-0.629845226843099,-1.47865311909263,46
1994,16.0121195652174,4.74239130434783,"New Crescent Rock",17.7234321833648,4.91289224952741,-1.71131261814745,-0.170500945179585,46
1995,17.0735326086957,7.01086956521739,"New Crescent Rock",17.7234321833648,4.91289224952741,-0.649899574669185,2.09797731568998,46
1996,16.5160326086957,6.5070652173913,"New Crescent Rock",17.7234321833648,4.91289224952741,-1.20739957466919,1.59417296786389,46
1997,15.8929347826087,4.17217391304348,"New Crescent Rock",17.7234321833648,4.91289224952741,-1.83049740075614,-0.740718336483932,46
1998,17.2442934782609,3.94065217391304,"New Crescent Rock",17.7234321833648,4.91289224952741,-0.479138705103971,-0.972240075614367,46
1999,17.9003260869565,2.87565217391304,"New Crescent Rock",17.7234321833648,4.91289224952741,0.176893903591683,-2.03724007561437,46
2000,17.239347826087,4.89358695652174,"New Crescent Rock",17.7234321833648,4.91289224952741,-0.484084357277883,-0.0193052930056714,46
2001,16.1308152173913,4.88663043478261,"New Crescent Rock",17.7234321833648,4.91289224952741,-1.59261696597353,-0.0262618147448022,46
2002,17.443097826087,3.50195652173913,"New Crescent Rock",17.7234321833648,4.91289224952741,-0.280334357277884,-1.41093572778828,46
2003,15.8722282608696,6.46304347826087,"New Crescent Rock",17.7234321833648,4.91289224952741,-1.85120392249527,1.55015122873346,46
2004,17.0567391304348,5.3829347826087,"New Crescent Rock",17.7234321833648,4.91289224952741,-0.666693052930057,0.470042533081285,46
2005,16.2959239130435,3.42923913043478,"New Crescent Rock",17.7234321833648,4.91289224952741,-1.42750827032136,-1.48365311909263,46
2006,18.5251086956522,6.28119565217391,"New Crescent Rock",17.7234321833648,4.91289224952741,0.801676512287337,1.3683034026465,46
2007,18.8164673913043,3.62934782608696,"New Crescent Rock",17.7234321833648,4.91289224952741,1.09303520793951,-1.28354442344045,46
2008,16.8346739130435,5.06184782608696,"New Crescent Rock",17.7234321833648,4.91289224952741,-0.888758270321361,0.148955576559546,46
2009,16.6996195652174,5.57739130434783,"New Crescent Rock",17.7234321833648,4.91289224952741,-1.02381261814745,0.664499054820416,46
2010,20.5749456521739,3.88934782608696,"New Crescent Rock",17.7234321833648,4.91289224952741,2.85151346880907,-1.02354442344045,46
2011,19.9775543478261,5.31108695652174,"New Crescent Rock",17.7234321833648,4.91289224952741,2.25412216446125,0.398194706994329,46
2012,20.0565217391304,4.23467391304348,"New Crescent Rock",17.7234321833648,4.91289224952741,2.3330895557656,-0.678218336483932,46
2013,18.4813043478261,6.56326086956522,"New Crescent Rock",17.7234321833648,4.91289224952741,0.757872164461247,1.65036862003781,46
2014,19.08125,5.24119565217391,"New Crescent Rock",17.7234321833648,4.91289224952741,1.35781781663516,0.328303402646503,46
2015,20.005652173913,3.94891304347826,"New Crescent Rock",17.7234321833648,4.91289224952741,2.2822199905482,-0.963979206049149,46
2016,18.6367391304348,6.23086956521739,"New Crescent Rock",17.7234321833648,4.91289224952741,0.913306947069945,1.31797731568998,46
2017,18.4009782608696,4.73836956521739,"New Crescent Rock",17.7234321833648,4.91289224952741,0.677546077504726,-0.174522684310019,46
2018,20.0779891304348,10.9836956521739,"New Crescent Rock",17.7234321833648,4.91289224952741,2.35455694706994,6.0708034026465,46
1992,17.9529891304348,3.87641304347826,"Augusta Springs",19.5162854442344,3.75861531190926,-1.56329631379962,0.117797731568998,46
1993,19.9095108695652,2.23065217391304,"Augusta Springs",19.5162854442344,3.75861531190926,0.393225425330812,-1.52796313799622,46
1994,18.8528804347826,3.57413043478261,"Augusta Springs",19.5162854442344,3.75861531190926,-0.663405009451797,-0.184484877126654,46
1995,19.1828804347826,5.25478260869565,"Augusta Springs",19.5162854442344,3.75861531190926,-0.333405009451798,1.49616729678639,46
1996,19.0404347826087,4.43032608695652,"Augusta Springs",19.5162854442344,3.75861531190926,-0.47585066162571,0.671710775047259,46
1997,18.3323369565217,3.2754347826087,"Augusta Springs",19.5162854442344,3.75861531190926,-1.18394848771267,-0.483180529300567,46
1998,19.9277173913043,3.61717391304348,"Augusta Springs",19.5162854442344,3.75861531190926,0.411431947069943,-0.141441398865784,46
1999,20.066847826087,2.00021739130435,"Augusta Springs",19.5162854442344,3.75861531190926,0.550562381852551,-1.75839792060491,46
2000,19.5627173913043,4.17054347826087,"Augusta Springs",19.5162854442344,3.75861531190926,0.0464319470699408,0.411928166351607,46
2001,18.4994565217391,3.79510869565217,"Augusta Springs",19.5162854442344,3.75861531190926,-1.01682892249528,0.0364933837429113,46
2002,19.405,2.98173913043478,"Augusta Springs",19.5162854442344,3.75861531190926,-0.111285444234404,-0.77687618147448,46
2003,18.3115217391304,5.39108695652174,"Augusta Springs",19.5162854442344,3.75861531190926,-1.20476370510397,1.63247164461248,46
2004,20.14375,4.32217391304348,"Augusta Springs",19.5162854442344,3.75861531190926,0.627464555765595,0.563558601134216,46
2005,18.9470108695652,3.23336956521739,"Augusta Springs",19.5162854442344,3.75861531190926,-0.569274574669187,-0.525245746691871,46
2006,18.5633152173913,4.07967391304348,"Augusta Springs",19.5162854442344,3.75861531190926,-0.9529702268431,0.321058601134215,46
2007,19.3521739130435,2.91228260869565,"Augusta Springs",19.5162854442344,3.75861531190926,-0.164111531190926,-0.846332703213611,46
2008,19.0310326086957,2.43217391304348,"Augusta Springs",19.5162854442344,3.75861531190926,-0.485252835538752,-1.32644139886578,46
2009,18.4145108695652,4.4970652173913,"Augusta Springs",19.5162854442344,3.75861531190926,-1.10177457466919,0.738449905482041,46
2010,20.8321739130435,3.47923913043478,"Augusta Springs",19.5162854442344,3.75861531190926,1.31588846880907,-0.27937618147448,46
2011,20.2352173913043,3.93086956521739,"Augusta Springs",19.5162854442344,3.75861531190926,0.718931947069944,0.172254253308129,46
2012,20.1702173913043,3.46880434782609,"Augusta Springs",19.5162854442344,3.75861531190926,0.653931947069943,-0.289810964083176,46
2013,18.934402173913,5.45739130434783,"Augusta Springs",19.5162854442344,3.75861531190926,-0.581883270321363,1.69877599243856,46
2014,19.1574456521739,3.42967391304348,"Augusta Springs",19.5162854442344,3.75861531190926,-0.358839792060493,-0.328941398865784,46
2015,20.5361413043478,3.5945652173913,"Augusta Springs",19.5162854442344,3.75861531190926,1.01985586011342,-0.164050094517958,46
2016,19.3370652173913,4.81771739130435,"Augusta Springs",19.5162854442344,3.75861531190926,-0.1792202268431,1.05910207939509,46
2017,19.2509782608696,4.29489130434783,"Augusta Springs",19.5162854442344,3.75861531190926,-0.26530718336484,0.536275992438563,46
2018,20.7701630434783,4.86532608695652,"Augusta Springs",19.5162854442344,3.75861531190926,1.25387759924385,1.10671077504726,46
1992,17.6079347826087,2.97260869565217,"Moore's Woods",19.0065430056711,3.09115548204159,-1.39860822306238,-0.118546786389414,46
1993,19.4711956521739,1.54130434782609,"Moore's Woods",19.0065430056711,3.09115548204159,0.464652646502838,-1.5498511342155,46
1994,19.6348913043478,1.30130434782609,"Moore's Woods",19.0065430056711,3.09115548204159,0.628348298676748,-1.7898511342155,46
1995,18.6817391304348,2.25597826086957,"Moore's Woods",19.0065430056711,3.09115548204159,-0.324803875236295,-0.835177221172023,46
1996,18.0661956521739,2.99478260869565,"Moore's Woods",19.0065430056711,3.09115548204159,-0.940347353497163,-0.0963728733459357,46
1997,18.1696195652174,1.78565217391304,"Moore's Woods",19.0065430056711,3.09115548204159,-0.836923440453685,-1.30550330812854,46
1998,19.1892391304348,4.25217391304348,"Moore's Woods",19.0065430056711,3.09115548204159,0.182696124763705,1.16101843100189,46
1999,19.9876086956522,1.86619565217391,"Moore's Woods",19.0065430056711,3.09115548204159,0.981065689981097,-1.22495982986767,46
2000,18.100652173913,3.54891304347826,"Moore's Woods",19.0065430056711,3.09115548204159,-0.905890831758033,0.457757561436673,46
2001,18.6899456521739,3.54923913043478,"Moore's Woods",19.0065430056711,3.09115548204159,-0.316597353497162,0.458083648393194,46
2002,18.530597826087,2.55315217391304,"Moore's Woods",19.0065430056711,3.09115548204159,-0.475945179584119,-0.538003308128545,46
2003,17.7984782608696,4.30641304347826,"Moore's Woods",19.0065430056711,3.09115548204159,-1.20806474480151,1.21525756143667,46
2004,18.3748369565217,2.13728260869565,"Moore's Woods",19.0065430056711,3.09115548204159,-0.631706049149336,-0.953872873345936,46
2005,18.2391847826087,1.81184782608696,"Moore's Woods",19.0065430056711,3.09115548204159,-0.767358223062381,-1.27930765595463,46
2006,19.2469565217391,5.07217391304348,"Moore's Woods",19.0065430056711,3.09115548204159,0.240413516068053,1.98101843100189,46
2007,18.9189130434783,2.33532608695652,"Moore's Woods",19.0065430056711,3.09115548204159,-0.0876299621928176,-0.755829395085066,46
2008,18.9911956521739,3.15380434782609,"Moore's Woods",19.0065430056711,3.09115548204159,-0.0153473534971624,0.062648865784499,46
2009,17.7571739130435,5.6070652173913,"Moore's Woods",19.0065430056711,3.09115548204159,-1.2493690926276,2.51590973534972,46
2010,20.636847826087,2.31326086956522,"Moore's Woods",19.0065430056711,3.09115548204159,1.63030482041588,-0.777894612476371,46
2011,19.7683695652174,3.9425,"Moore's Woods",19.0065430056711,3.09115548204159,0.761826559546314,0.851344517958412,46
2012,19.7238586956522,3.95663043478261,"Moore's Woods",19.0065430056711,3.09115548204159,0.717315689981096,0.865474952741021,46
2013,19.6461413043478,4.03336956521739,"Moore's Woods",19.0065430056711,3.09115548204159,0.639598298676749,0.942214083175803,46
2014,18.7598913043478,2.20673913043478,"Moore's Woods",19.0065430056711,3.09115548204159,-0.246651701323252,-0.884416351606805,46
2015,19.2740217391304,2.105,"Moore's Woods",19.0065430056711,3.09115548204159,0.26747873345936,-0.986155482041588,46
2016,18.8569565217391,2.22510869565217,"Moore's Woods",19.0065430056711,3.09115548204159,-0.149586483931945,-0.866046786389414,46
2017,18.7222826086957,3.19826086956522,"Moore's Woods",19.0065430056711,3.09115548204159,-0.284260396975423,0.107105387523629,46
2018,19.5196195652174,2.48010869565217,"Moore's Woods",19.0065430056711,3.09115548204159,0.513076559546313,-0.611046786389414,46
1992,15.7192391304348,6.20347826086956,"Bass Lake",17.5029146975425,5.11285207939509,-1.78367556710775,1.09062618147448,46
1993,18.0675543478261,2.7295652173913,"Bass Lake",17.5029146975425,5.11285207939509,0.564639650283553,-2.38328686200378,46
1994,16.5578260869565,4.88358695652174,"Bass Lake",17.5029146975425,5.11285207939509,-0.945088610586012,-0.229265122873346,46
1995,17.1508695652174,6.06195652173913,"Bass Lake",17.5029146975425,5.11285207939509,-0.352045132325141,0.949104442344045,46
1996,17.2165760869565,4.55565217391304,"Bass Lake",17.5029146975425,5.11285207939509,-0.286338610586011,-0.557199905482042,46
1997,15.6634239130435,4.89326086956522,"Bass Lake",17.5029146975425,5.11285207939509,-1.83949078449905,-0.219591209829868,46
1998,18.014402173913,4.24565217391304,"Bass Lake",17.5029146975425,5.11285207939509,0.511487476370512,-0.867199905482042,46
1999,17.0940217391304,4.29695652173913,"Bass Lake",17.5029146975425,5.11285207939509,-0.4088929584121,-0.815895557655955,46
2000,17.5465217391304,4.29782608695652,"Bass Lake",17.5029146975425,5.11285207939509,0.0436070415879009,-0.815025992438564,46
2001,16.8646195652174,5.58652173913043,"Bass Lake",17.5029146975425,5.11285207939509,-0.63829513232514,0.473669659735349,46
2002,17.3560326086957,3.35065217391304,"Bass Lake",17.5029146975425,5.11285207939509,-0.14688208884688,-1.76219990548204,46
2003,16.7076086956522,6.35836956521739,"Bass Lake",17.5029146975425,5.11285207939509,-0.79530600189036,1.24551748582231,46
2004,18.0427173913043,4.92695652173913,"Bass Lake",17.5029146975425,5.11285207939509,0.539802693761814,-0.185895557655955,46
2005,17.1189130434783,5.18989130434783,"Bass Lake",17.5029146975425,5.11285207939509,-0.384001654064271,0.077039224952741,46
2006,17.0078804347826,4.28076086956522,"Bass Lake",17.5029146975425,5.11285207939509,-0.495034262759923,-0.832091209829868,46
2007,17.3772826086957,3.26032608695652,"Bass Lake",17.5029146975425,5.11285207939509,-0.125632088846881,-1.85252599243856,46
2008,17.3180434782609,3.73097826086957,"Bass Lake",17.5029146975425,5.11285207939509,-0.184871219281664,-1.38187381852552,46
2009,17.1227173913043,6.26880434782609,"Bass Lake",17.5029146975425,5.11285207939509,-0.380197306238184,1.155952268431,46
2010,19.3527173913043,3.4720652173913,"Bass Lake",17.5029146975425,5.11285207939509,1.84980269376182,-1.64078686200378,46
2011,18.6325543478261,4.91380434782609,"Bass Lake",17.5029146975425,5.11285207939509,1.12963965028355,-0.199047731568998,46
2012,18.349402173913,4.71315217391304,"Bass Lake",17.5029146975425,5.11285207939509,0.846487476370513,-0.399699905482042,46
2013,16.8775,13.3167391304348,"Bass Lake",17.5029146975425,5.11285207939509,-0.625414697542531,8.2038870510397,46
2014,17.5746739130435,4.73217391304348,"Bass Lake",17.5029146975425,5.11285207939509,0.071759215500947,-0.380678166351607,46
2015,18.6775543478261,4.49760869565217,"Bass Lake",17.5029146975425,5.11285207939509,1.17463965028356,-0.615243383742912,46
2016,17.7694565217391,4.86782608695652,"Bass Lake",17.5029146975425,5.11285207939509,0.266541824196597,-0.245025992438563,46
2017,17.6583152173913,7.44326086956522,"Bass Lake",17.5029146975425,5.11285207939509,0.155400519848772,2.33040879017013,46
2018,19.01875,7.50782608695652,"Bass Lake",17.5029146975425,5.11285207939509,1.51583530245747,2.39497400756144,46
1992,20.7398913043478,3.28054347826087,"Clinch River",22.5285597826087,4.03289933837429,-1.78866847826087,-0.752355860113421,46
1993,22.9882608695652,2.14173913043478,"Clinch River",22.5285597826087,4.03289933837429,0.459701086956521,-1.89116020793951,46
1994,21.3798369565217,4.45010869565217,"Clinch River",22.5285597826087,4.03289933837429,-1.14872282608696,0.417209357277883,46
1995,22.1877717391304,3.53663043478261,"Clinch River",22.5285597826087,4.03289933837429,-0.340788043478259,-0.496268903591682,46
1996,22.1207065217391,4.84923913043478,"Clinch River",22.5285597826087,4.03289933837429,-0.407853260869565,0.816339792060492,46
1997,21.0196739130435,4.96336956521739,"Clinch River",22.5285597826087,4.03289933837429,-1.50888586956522,0.9304702268431,46
1998,23.2627173913043,4.7475,"Clinch River",22.5285597826087,4.03289933837429,0.734157608695654,0.714600661625709,46
1999,22.5191304347826,5.4525,"Clinch River",22.5285597826087,4.03289933837429,-0.00942934782608873,1.41960066162571,46
2000,22.7374456521739,4.0220652173913,"Clinch River",22.5285597826087,4.03289933837429,0.208885869565218,-0.0108341209829863,46
2001,22.1308152173913,3.78032608695652,"Clinch River",22.5285597826087,4.03289933837429,-0.397744565217391,-0.252573251417769,46
2002,22.5761413043478,3.43097826086957,"Clinch River",22.5285597826087,4.03289933837429,0.0475815217391293,-0.601921077504726,46
2003,21.7692391304348,6.26315217391304,"Clinch River",22.5285597826087,4.03289933837429,-0.759320652173912,2.23025283553875,46
2004,22.9090760869565,4.66978260869565,"Clinch River",22.5285597826087,4.03289933837429,0.380516304347825,0.636883270321361,46
2005,22.1436413043478,4.22597826086957,"Clinch River",22.5285597826087,4.03289933837429,-0.384918478260868,0.193078922495275,46
2006,22.3445652173913,2.69163043478261,"Clinch River",22.5285597826087,4.03289933837429,-0.18399456521739,-1.34126890359168,46
2007,22.8814673913043,2.52934782608696,"Clinch River",22.5285597826087,4.03289933837429,0.352907608695652,-1.50355151228733,46
2008,22.2063586956522,2.83826086956522,"Clinch River",22.5285597826087,4.03289933837429,-0.322201086956522,-1.19463846880907,46
2009,22.175652173913,4.90532608695652,"Clinch River",22.5285597826087,4.03289933837429,-0.352907608695652,0.872426748582231,46
2010,24.3001086956522,4.4620652173913,"Clinch River",22.5285597826087,4.03289933837429,1.77154891304348,0.429165879017013,46
2011,23.4171739130435,3.80934782608696,"Clinch River",22.5285597826087,4.03289933837429,0.888614130434782,-0.223551512287334,46
2012,23.9799456521739,3.14978260869565,"Clinch River",22.5285597826087,4.03289933837429,1.45138586956522,-0.883116729678639,46
2013,22.0598369565217,6.01891304347826,"Clinch River",22.5285597826087,4.03289933837429,-0.468722826086957,1.98601370510397,46
2014,22.3978260869565,4.1179347826087,"Clinch River",22.5285597826087,4.03289933837429,-0.130733695652175,0.0850354442344043,46
2015,23.6142934782609,3.52141304347826,"Clinch River",22.5285597826087,4.03289933837429,1.08573369565217,-0.51148629489603,46
2016,23.3652717391304,3.24434782608696,"Clinch River",22.5285597826087,4.03289933837429,0.836711956521739,-0.788551512287334,46
2017,22.4871739130435,4.30934782608696,"Clinch River",22.5285597826087,4.03289933837429,-0.0413858695652181,0.276448487712666,46
2018,24.2982608695652,3.63989130434783,"Clinch River",22.5285597826087,4.03289933837429,1.76970108695652,-0.393008034026465,46
1992,17.5861956521739,2.75086956521739,"Raystown",19.3200803402646,3.37370746691871,-1.73388468809074,-0.622837901701323,46
1993,19.3690217391304,2.18271739130435,"Raystown",19.3200803402646,3.37370746691871,0.0489413988657859,-1.19099007561437,46
1994,18.9519565217391,2.2125,"Raystown",19.3200803402646,3.37370746691871,-0.368123818525518,-1.16120746691871,46
1995,19.2096739130435,3.4329347826087,"Raystown",19.3200803402646,3.37370746691871,-0.110406427221172,0.0592273156899807,46
1996,18.3865217391304,4.34913043478261,"Raystown",19.3200803402646,3.37370746691871,-0.933558601134216,0.975422967863894,46
1997,17.7661956521739,3.21478260869565,"Raystown",19.3200803402646,3.37370746691871,-1.55388468809074,-0.158924858223063,46
1998,19.4982065217391,3.16695652173913,"Raystown",19.3200803402646,3.37370746691871,0.178126181474482,-0.206750945179584,46
1999,19.99,1.97760869565217,"Raystown",19.3200803402646,3.37370746691871,0.669919659735349,-1.39609877126654,46
2000,18.7675543478261,3.82478260869565,"Raystown",19.3200803402646,3.37370746691871,-0.552525992438561,0.451075141776937,46
2001,18.6791304347826,2.04978260869565,"Raystown",19.3200803402646,3.37370746691871,-0.640949905482042,-1.32392485822306,46
2002,19.4026630434783,2.9729347826087,"Raystown",19.3200803402646,3.37370746691871,0.0825827032136104,-0.400772684310019,46
2003,18.1176086956522,3.8795652173913,"Raystown",19.3200803402646,3.37370746691871,-1.20247164461248,0.50585775047259,46
2004,19.4248913043478,3.94413043478261,"Raystown",19.3200803402646,3.37370746691871,0.104810964083178,0.570422967863894,46
2005,18.8673369565217,2.6870652173913,"Raystown",19.3200803402646,3.37370746691871,-0.452743383742909,-0.68664224952741,46
2006,18.8772826086957,3.57663043478261,"Raystown",19.3200803402646,3.37370746691871,-0.442797731568998,0.202922967863894,46
2007,19.3247826086957,2.57989130434783,"Raystown",19.3200803402646,3.37370746691871,0.00470226843100363,-0.793816162570889,46
2008,18.6426086956522,3.08597826086957,"Raystown",19.3200803402646,3.37370746691871,-0.677471644612474,-0.287729206049149,46
2009,17.94125,4.22717391304348,"Raystown",19.3200803402646,3.37370746691871,-1.37883034026465,0.853466446124764,46
2010,20.4191304347826,3.78347826086957,"Raystown",19.3200803402646,3.37370746691871,1.09905009451796,0.40977079395085,46
2011,20.9635326086957,2.89282608695652,"Raystown",19.3200803402646,3.37370746691871,1.643452268431,-0.480881379962193,46
2012,20.7366847826087,3.67869565217391,"Raystown",19.3200803402646,3.37370746691871,1.41660444234405,0.304988185255198,46
2013,19.7958152173913,2.87663043478261,"Raystown",19.3200803402646,3.37370746691871,0.475734877126655,-0.497077032136106,46
2014,19.1265217391304,3.66347826086957,"Raystown",19.3200803402646,3.37370746691871,-0.193558601134214,0.28977079395085,46
2015,20.2479891304348,4.08619565217391,"Raystown",19.3200803402646,3.37370746691871,0.927908790170132,0.712488185255198,46
2016,19.5907065217391,2.70695652173913,"Raystown",19.3200803402646,3.37370746691871,0.27062618147448,-0.666750945179584,46
2017,19.3448369565217,4.22847826086957,"Raystown",19.3200803402646,3.37370746691871,0.0247566162570898,0.85477079395085,46
2018,20.5267391304348,6.00869565217391,"Raystown",19.3200803402646,3.37370746691871,1.20665879017013,2.6349881852552,46
1992,12.0303804347826,3.89978260869565,"Plateau Mountain",13.850681710775,4.9237145557656,-1.82030127599244,-1.02393194706994,46
1993,13.503152173913,1.68902173913043,"Plateau Mountain",13.850681710775,4.9237145557656,-0.347529536862003,-3.23469281663516,46
1994,14.1754347826087,4.16086956521739,"Plateau Mountain",13.850681710775,4.9237145557656,0.324753071833648,-0.762844990548205,46
1995,13.6723913043478,2.42163043478261,"Plateau Mountain",13.850681710775,4.9237145557656,-0.178290406427221,-2.50208412098299,46
1996,12.94,6.1579347826087,"Plateau Mountain",13.850681710775,4.9237145557656,-0.910681710775048,1.2342202268431,46
1997,12.6570652173913,2.40369565217391,"Plateau Mountain",13.850681710775,4.9237145557656,-1.19361649338374,-2.52001890359168,46
1998,13.8550543478261,6.83217391304348,"Plateau Mountain",13.850681710775,4.9237145557656,0.00437263705103952,1.90845935727788,46
1999,15.0633152173913,3.55847826086957,"Plateau Mountain",13.850681710775,4.9237145557656,1.21263350661626,-1.36523629489603,46
2000,13.3545652173913,6.69304347826087,"Plateau Mountain",13.850681710775,4.9237145557656,-0.496116493383743,1.76932892249527,46
2001,13.58875,3.92130434782609,"Plateau Mountain",13.850681710775,4.9237145557656,-0.261931710775048,-1.00241020793951,46
2002,13.815,4.41728260869565,"Plateau Mountain",13.850681710775,4.9237145557656,-0.035681710775048,-0.506431947069943,46
2003,13.0615760869565,5.32641304347826,"Plateau Mountain",13.850681710775,4.9237145557656,-0.789105623818525,0.402698487712665,46
2004,14.0397282608696,5.10836956521739,"Plateau Mountain",13.850681710775,4.9237145557656,0.189046550094517,0.184655009451796,46
2005,13.9788586956522,3.87978260869565,"Plateau Mountain",13.850681710775,4.9237145557656,0.128176984877125,-1.04393194706994,46
2006,14.2641304347826,8.51021739130435,"Plateau Mountain",13.850681710775,4.9237145557656,0.41344872400756,3.58650283553875,46
2007,14.0386413043478,4.58913043478261,"Plateau Mountain",13.850681710775,4.9237145557656,0.187959593572778,-0.334584120982987,46
2008,13.5666847826087,4.96510869565217,"Plateau Mountain",13.850681710775,4.9237145557656,-0.283996928166353,0.0413941398865783,46
2009,13.5911956521739,7.26239130434783,"Plateau Mountain",13.850681710775,4.9237145557656,-0.259486058601134,2.33867674858223,46
2010,15.8105434782609,3.48869565217391,"Plateau Mountain",13.850681710775,4.9237145557656,1.95986176748582,-1.43501890359168,46
2011,15.1891304347826,5.96891304347826,"Plateau Mountain",13.850681710775,4.9237145557656,1.33844872400756,1.04519848771266,46
2012,15.3628260869565,4.63413043478261,"Plateau Mountain",13.850681710775,4.9237145557656,1.51214437618147,-0.289584120982987,46
2013,15.0896739130435,6.94673913043478,"Plateau Mountain",13.850681710775,4.9237145557656,1.23899220226843,2.02302457466919,46
2014,14.4216847826087,6.3920652173913,"Plateau Mountain",13.850681710775,4.9237145557656,0.571003071833648,1.46835066162571,46
2015,15.2501086956522,4.56989130434783,"Plateau Mountain",13.850681710775,4.9237145557656,1.39942698487713,-0.353823251417769,46
2016,13.5640760869565,4.44076086956522,"Plateau Mountain",13.850681710775,4.9237145557656,-0.286605623818526,-0.482953686200378,46
2017,13.5088043478261,5.95989130434783,"Plateau Mountain",13.850681710775,4.9237145557656,-0.34187736294896,1.03617674858223,46
2018,14.7897282608696,6.00380434782609,"Plateau Mountain",13.850681710775,4.9237145557656,0.939046550094517,1.08008979206049,46
1992,18.3736956521739,3.5475,"Tiffany Creek",20.1442320415879,3.51916115311909,-1.77053638941399,0.0283388468809074,46
1993,20.5238043478261,1.4370652173913,"Tiffany Creek",20.1442320415879,3.51916115311909,0.379572306238185,-2.08209593572779,46
1994,20.3117391304348,2.70586956521739,"Tiffany Creek",20.1442320415879,3.51916115311909,0.167507088846882,-0.813291587901701,46
1995,19.9163586956522,2.81228260869565,"Tiffany Creek",20.1442320415879,3.51916115311909,-0.227873345935727,-0.70687854442344,46
1996,19.1938586956522,3.87119565217391,"Tiffany Creek",20.1442320415879,3.51916115311909,-0.950373345935727,0.35203449905482,46
1997,19.1460326086957,3.31152173913044,"Tiffany Creek",20.1442320415879,3.51916115311909,-0.99819943289225,-0.207639413988657,46
1998,20.1216847826087,3.71326086956522,"Tiffany Creek",20.1442320415879,3.51916115311909,-0.0225472589792055,0.194099716446125,46
1999,21.306902173913,1.74489130434783,"Tiffany Creek",20.1442320415879,3.51916115311909,1.16267013232514,-1.77426984877127,46
2000,19.1771739130435,4.23478260869565,"Tiffany Creek",20.1442320415879,3.51916115311909,-0.967058128544423,0.71562145557656,46
2001,19.6992934782609,3.01826086956522,"Tiffany Creek",20.1442320415879,3.51916115311909,-0.444938563327032,-0.500900283553875,46
2002,19.9764673913043,2.83641304347826,"Tiffany Creek",20.1442320415879,3.51916115311909,-0.167764650283555,-0.682748109640832,46
2003,18.7920108695652,5.20271739130435,"Tiffany Creek",20.1442320415879,3.51916115311909,-1.35222117202268,1.68355623818526,46
2004,19.8366847826087,3.85065217391304,"Tiffany Creek",20.1442320415879,3.51916115311909,-0.307547258979206,0.331491020793951,46
2005,19.7394565217391,2.34315217391304,"Tiffany Creek",20.1442320415879,3.51916115311909,-0.404775519848773,-1.17600897920605,46
2006,20.4825543478261,4.77728260869565,"Tiffany Creek",20.1442320415879,3.51916115311909,0.338322306238187,1.25812145557656,46
2007,20.2482065217391,3.26923913043478,"Tiffany Creek",20.1442320415879,3.51916115311909,0.10397448015123,-0.24992202268431,46
2008,20.1916304347826,3.16717391304348,"Tiffany Creek",20.1442320415879,3.51916115311909,0.0473983931947082,-0.351987240075614,46
2009,18.8980434782609,4.97760869565217,"Tiffany Creek",20.1442320415879,3.51916115311909,-1.24618856332703,1.45844754253308,46
2010,22.1703260869565,1.9945652173913,"Tiffany Creek",20.1442320415879,3.51916115311909,2.02609404536862,-1.52459593572779,46
2011,21.3554347826087,3.28076086956522,"Tiffany Creek",20.1442320415879,3.51916115311909,1.2112027410208,-0.238400283553875,46
2012,20.97125,4.21217391304348,"Tiffany Creek",20.1442320415879,3.51916115311909,0.8270179584121,0.693012759924386,46
2013,20.8400543478261,4.53358695652174,"Tiffany Creek",20.1442320415879,3.51916115311909,0.695822306238185,1.01442580340265,46
2014,20.2832065217391,3.21402173913043,"Tiffany Creek",20.1442320415879,3.51916115311909,0.13897448015123,-0.305139413988658,46
2015,20.9482065217391,2.53869565217391,"Tiffany Creek",20.1442320415879,3.51916115311909,0.803974480151229,-0.98046550094518,46
2016,20.5352173913043,2.98445652173913,"Tiffany Creek",20.1442320415879,3.51916115311909,0.390985349716445,-0.534704631379962,46
2017,19.9271739130435,3.63913043478261,"Tiffany Creek",20.1442320415879,3.51916115311909,-0.217058128544423,0.119969281663516,46
2018,20.9185326086957,2.96228260869565,"Tiffany Creek",20.1442320415879,3.51916115311909,0.774300567107751,-0.55687854442344,46
1992,18.663152173913,3.81630434782609,"Sandstone Falls",20.0234640831758,3.49919896030246,-1.36031190926276,0.31710538752363,46
1993,20.3948369565217,2.43576086956522,"Sandstone Falls",20.0234640831758,3.49919896030246,0.371372873345937,-1.06343809073724,46
1994,19.4814673913043,3.08782608695652,"Sandstone Falls",20.0234640831758,3.49919896030246,-0.541996691871454,-0.411372873345936,46
1995,20.0727173913043,3.06663043478261,"Sandstone Falls",20.0234640831758,3.49919896030246,0.0492533081285451,-0.432568525519849,46
1996,19.3460869565217,3.84065217391304,"Sandstone Falls",20.0234640831758,3.49919896030246,-0.677377126654065,0.341453213610586,46
1997,18.3486956521739,2.80108695652174,"Sandstone Falls",20.0234640831758,3.49919896030246,-1.67476843100189,-0.698112003780718,46
1998,20.2683695652174,3.98434782608696,"Sandstone Falls",20.0234640831758,3.49919896030246,0.244905482041588,0.485148865784499,46
1999,20.5065217391304,1.925,"Sandstone Falls",20.0234640831758,3.49919896030246,0.483057655954632,-1.57419896030246,46
2000,20.1053260869565,3.5775,"Sandstone Falls",20.0234640831758,3.49919896030246,0.0818620037807172,0.0783010396975428,46
2001,19.7611956521739,5.68380434782609,"Sandstone Falls",20.0234640831758,3.49919896030246,-0.262268431001889,2.18460538752363,46
2002,20.1853260869565,3.86130434782609,"Sandstone Falls",20.0234640831758,3.49919896030246,0.161862003780719,0.36210538752363,46
2003,19.1580434782609,4.7779347826087,"Sandstone Falls",20.0234640831758,3.49919896030246,-0.865420604914934,1.27873582230624,46
2004,20.5372282608696,4.07630434782609,"Sandstone Falls",20.0234640831758,3.49919896030246,0.513764177693762,0.577105387523629,46
2005,19.905652173913,3.3754347826087,"Sandstone Falls",20.0234640831758,3.49919896030246,-0.117811909262759,-0.123764177693762,46
2006,19.3489130434783,3.28076086956522,"Sandstone Falls",20.0234640831758,3.49919896030246,-0.67455103969754,-0.21843809073724,46
2007,19.9730434782609,2.97847826086957,"Sandstone Falls",20.0234640831758,3.49919896030246,-0.0504206049149332,-0.520720699432892,46
2008,19.1416304347826,3.28489130434783,"Sandstone Falls",20.0234640831758,3.49919896030246,-0.881833648393194,-0.214307655954631,46
2009,19.3607608695652,4.74771739130435,"Sandstone Falls",20.0234640831758,3.49919896030246,-0.662703213610584,1.24851843100189,46
2010,21.42,3.37760869565217,"Sandstone Falls",20.0234640831758,3.49919896030246,1.3965359168242,-0.121590264650283,46
2011,21.1641304347826,2.55304347826087,"Sandstone Falls",20.0234640831758,3.49919896030246,1.14066635160681,-0.946155482041588,46
2012,21.4428804347826,2.97815217391304,"Sandstone Falls",20.0234640831758,3.49919896030246,1.41941635160681,-0.521046786389414,46
2013,20.1857608695652,3.98673913043478,"Sandstone Falls",20.0234640831758,3.49919896030246,0.162296786389415,0.487540170132325,46
2014,20.023097826087,2.3845652173913,"Sandstone Falls",20.0234640831758,3.49919896030246,-0.000366257088845856,-1.11463374291115,46
2015,21.0605434782609,3.53021739130435,"Sandstone Falls",20.0234640831758,3.49919896030246,1.03707939508507,0.0310184310018906,46
2016,20.0127717391304,5.59271739130435,"Sandstone Falls",20.0234640831758,3.49919896030246,-0.010692344045367,2.09351843100189,46
2017,19.568152173913,4.21217391304348,"Sandstone Falls",20.0234640831758,3.49919896030246,-0.455311909262758,0.712974952741021,46
2018,21.3839130434783,4.18826086956522,"Sandstone Falls",20.0234640831758,3.49919896030246,1.36044896030246,0.68906190926276,46
1992,19.1383152173913,3.19228260869565,"C. Brooke Worth Preserve",20.7803508979206,3.95471172022684,-1.6420356805293,-0.762429111531191,46
1993,21.26625,2.0879347826087,"C. Brooke Worth Preserve",20.7803508979206,3.95471172022684,0.485899102079394,-1.86677693761815,46
1994,21.1408152173913,4.2620652173913,"C. Brooke Worth Preserve",20.7803508979206,3.95471172022684,0.360464319470697,0.307353497164462,46
1995,20.7273913043478,2.79130434782609,"C. Brooke Worth Preserve",20.7803508979206,3.95471172022684,-0.0529595935727798,-1.16340737240076,46
1996,19.8505434782609,5.17391304347826,"C. Brooke Worth Preserve",20.7803508979206,3.95471172022684,-0.929807419659735,1.21920132325142,46
1997,19.634402173913,2.3104347826087,"C. Brooke Worth Preserve",20.7803508979206,3.95471172022684,-1.14594872400756,-1.64427693761815,46
1998,21.0796195652174,3.38717391304348,"C. Brooke Worth Preserve",20.7803508979206,3.95471172022684,0.299268667296786,-0.567537807183365,46
1999,21.4559239130435,1.94847826086957,"C. Brooke Worth Preserve",20.7803508979206,3.95471172022684,0.675573015122872,-2.00623345935728,46
2000,20.2213586956522,3.84445652173913,"C. Brooke Worth Preserve",20.7803508979206,3.95471172022684,-0.558992202268431,-0.110255198487713,46
2001,20.430597826087,2.8120652173913,"C. Brooke Worth Preserve",20.7803508979206,3.95471172022684,-0.34975307183365,-1.14264650283554,46
2002,21.00125,2.74239130434783,"C. Brooke Worth Preserve",20.7803508979206,3.95471172022684,0.220899102079393,-1.21232041587902,46
2003,19.4342934782609,5.25434782608696,"C. Brooke Worth Preserve",20.7803508979206,3.95471172022684,-1.34605741965974,1.29963610586011,46
2004,21.2538586956522,5.79326086956522,"C. Brooke Worth Preserve",20.7803508979206,3.95471172022684,0.473507797731568,1.83854914933837,46
2005,20.6477173913043,2.68380434782609,"C. Brooke Worth Preserve",20.7803508979206,3.95471172022684,-0.132633506616259,-1.27090737240076,46
2006,20.8648913043478,4.9870652173913,"C. Brooke Worth Preserve",20.7803508979206,3.95471172022684,0.0845404064272195,1.03235349716446,46
2007,20.7357065217391,3.09478260869565,"C. Brooke Worth Preserve",20.7803508979206,3.95471172022684,-0.0446443761814734,-0.859929111531191,46
2008,20.159402173913,3.62217391304348,"C. Brooke Worth Preserve",20.7803508979206,3.95471172022684,-0.620948724007562,-0.332537807183365,46
2009,19.6041304347826,4.81847826086956,"C. Brooke Worth Preserve",20.7803508979206,3.95471172022684,-1.176220463138,0.863766540642722,46
2010,22.2652717391304,3.25978260869565,"C. Brooke Worth Preserve",20.7803508979206,3.95471172022684,1.48492084120983,-0.694929111531191,46
2011,22.1595652173913,2.64978260869565,"C. Brooke Worth Preserve",20.7803508979206,3.95471172022684,1.3792143194707,-1.30492911153119,46
2012,21.5954347826087,2.94445652173913,"C. Brooke Worth Preserve",20.7803508979206,3.95471172022684,0.815083884688089,-1.01025519848771,46
2013,21.0642391304348,6.09934782608696,"C. Brooke Worth Preserve",20.7803508979206,3.95471172022684,0.283888232514176,2.14463610586011,46
2014,20.4490217391304,3.29826086956522,"C. Brooke Worth Preserve",20.7803508979206,3.95471172022684,-0.331329158790172,-0.656450850661626,46
2015,21.5483152173913,4.4020652173913,"C. Brooke Worth Preserve",20.7803508979206,3.95471172022684,0.7679643194707,0.447353497164461,46
2016,20.4620652173913,4.51869565217391,"C. Brooke Worth Preserve",20.7803508979206,3.95471172022684,-0.3182856805293,0.56398393194707,46
2017,20.3127173913043,4.685,"C. Brooke Worth Preserve",20.7803508979206,3.95471172022684,-0.467633506616259,0.730288279773156,46
2018,21.2386413043478,5.12369565217391,"C. Brooke Worth Preserve",20.7803508979206,3.95471172022684,0.458290406427221,1.16898393194707,46
1992,19.3836956521739,3.31913043478261,"Yankauer",21.1199184782609,3.3523511342155,-1.73622282608696,-0.0332206994328925,46
1993,21.6228804347826,2.01,"Yankauer",21.1199184782609,3.3523511342155,0.502961956521737,-1.3423511342155,46
1994,20.9429891304348,2.49217391304348,"Yankauer",21.1199184782609,3.3523511342155,-0.176929347826089,-0.860177221172023,46
1995,21.0448369565217,3.46717391304348,"Yankauer",21.1199184782609,3.3523511342155,-0.0750815217391327,0.114822778827977,46
1996,20.1883695652174,5.62467391304348,"Yankauer",21.1199184782609,3.3523511342155,-0.931548913043478,2.27232277882798,46
1997,20.0297826086957,1.55119565217391,"Yankauer",21.1199184782609,3.3523511342155,-1.09013586956522,-1.80115548204159,46
1998,21.4155434782609,2.72902173913043,"Yankauer",21.1199184782609,3.3523511342155,0.295624999999998,-0.623329395085066,46
1999,21.956847826087,1.71086956521739,"Yankauer",21.1199184782609,3.3523511342155,0.836929347826086,-1.64148156899811,46
2000,20.6563586956522,3.87010869565217,"Yankauer",21.1199184782609,3.3523511342155,-0.463559782608698,0.517757561436673,46
2001,19.9783695652174,2.57565217391304,"Yankauer",21.1199184782609,3.3523511342155,-1.14154891304348,-0.776698960302458,46
2002,20.9553260869565,2.86380434782609,"Yankauer",21.1199184782609,3.3523511342155,-0.16459239130435,-0.488546786389414,46
2003,19.8745652173913,5.1025,"Yankauer",21.1199184782609,3.3523511342155,-1.24535326086957,1.7501488657845,46
2004,21.5311956521739,4.19641304347826,"Yankauer",21.1199184782609,3.3523511342155,0.411277173913042,0.84406190926276,46
2005,20.763152173913,2.70826086956522,"Yankauer",21.1199184782609,3.3523511342155,-0.356766304347829,-0.644090264650284,46
2006,20.751847826087,3.70532608695652,"Yankauer",21.1199184782609,3.3523511342155,-0.368070652173916,0.352974952741021,46
2007,21.140597826087,1.69369565217391,"Yankauer",21.1199184782609,3.3523511342155,0.0206793478260856,-1.65865548204159,46
2008,20.0104891304348,4.19108695652174,"Yankauer",21.1199184782609,3.3523511342155,-1.10942934782609,0.838735822306238,46
2009,19.9669565217391,3.98815217391304,"Yankauer",21.1199184782609,3.3523511342155,-1.15296195652174,0.635801039697542,46
2010,22.444402173913,1.93163043478261,"Yankauer",21.1199184782609,3.3523511342155,1.32448369565217,-1.42072069943289,46
2011,22.2175,2.8625,"Yankauer",21.1199184782609,3.3523511342155,1.09758152173913,-0.489851134215501,46
2012,22.0489673913043,3.37478260869565,"Yankauer",21.1199184782609,3.3523511342155,0.929048913043477,0.0224314744801513,46
2013,21.1458695652174,3.09108695652174,"Yankauer",21.1199184782609,3.3523511342155,0.0259510869565212,-0.261264177693762,46
2014,20.9080434782609,4.16423913043478,"Yankauer",21.1199184782609,3.3523511342155,-0.211875000000003,0.811887996219281,46
2015,21.9101086956522,3.34619565217391,"Yankauer",21.1199184782609,3.3523511342155,0.790190217391302,-0.00615548204158811,46
2016,20.9759782608696,4.10369565217391,"Yankauer",21.1199184782609,3.3523511342155,-0.143940217391307,0.751344517958412,46
2017,20.9199456521739,4.21336956521739,"Yankauer",21.1199184782609,3.3523511342155,-0.199972826086956,0.86101843100189,46
2018,22.0169565217391,6.16130434782609,"Yankauer",21.1199184782609,3.3523511342155,0.897038043478258,2.80895321361059,46
1992,17.1132065217391,2.94173913043478,"Buttercup Farm",18.4848109640832,3.72109877126654,-1.37160444234405,-0.779359640831758,46
1993,18.4391847826087,1.36391304347826,"Buttercup Farm",18.4848109640832,3.72109877126654,-0.0456261814744821,-2.35718572778828,46
1994,18.5105434782609,3.48152173913043,"Buttercup Farm",18.4848109640832,3.72109877126654,0.0257325141776938,-0.239577032136105,46
1995,18.1403260869565,2.22304347826087,"Buttercup Farm",18.4848109640832,3.72109877126654,-0.344484877126657,-1.49805529300567,46
1996,17.5652717391304,5.54108695652174,"Buttercup Farm",18.4848109640832,3.72109877126654,-0.919539224952743,1.8199881852552,46
1997,17.3672826086957,2.52641304347826,"Buttercup Farm",18.4848109640832,3.72109877126654,-1.11752835538752,-1.19468572778828,46
1998,18.6103260869565,4.54326086956522,"Buttercup Farm",18.4848109640832,3.72109877126654,0.125515122873345,0.822162098298677,46
1999,19.1548369565217,2.22239130434783,"Buttercup Farm",18.4848109640832,3.72109877126654,0.670025992438561,-1.49870746691871,46
2000,17.2567934782609,5.61478260869565,"Buttercup Farm",18.4848109640832,3.72109877126654,-1.22801748582231,1.89368383742911,46
2001,17.9571195652174,3.40880434782609,"Buttercup Farm",18.4848109640832,3.72109877126654,-0.527691398865787,-0.312294423440453,46
2002,18.1341304347826,2.89086956521739,"Buttercup Farm",18.4848109640832,3.72109877126654,-0.350680529300568,-0.830229206049149,46
2003,17.6385326086957,3.95021739130435,"Buttercup Farm",18.4848109640832,3.72109877126654,-0.846278355387525,0.229118620037807,46
2004,18.4936956521739,3.15054347826087,"Buttercup Farm",18.4848109640832,3.72109877126654,0.00888468809073473,-0.570555293005671,46
2005,18.475597826087,2.5495652173913,"Buttercup Farm",18.4848109640832,3.72109877126654,-0.0092131379962197,-1.17153355387524,46
2006,18.5086956521739,4.2,"Buttercup Farm",18.4848109640832,3.72109877126654,0.0238846880907353,0.47890122873346,46
2007,18.5022826086957,3.02195652173913,"Buttercup Farm",18.4848109640832,3.72109877126654,0.0174716446124741,-0.69914224952741,46
2008,18.0611956521739,3.79076086956522,"Buttercup Farm",18.4848109640832,3.72109877126654,-0.423615311909263,0.0696620982986769,46
2009,17.2353804347826,6.78532608695652,"Buttercup Farm",18.4848109640832,3.72109877126654,-1.24943052930057,3.06422731568998,46
2010,19.5480434782609,2.66097826086957,"Buttercup Farm",18.4848109640832,3.72109877126654,1.06323251417769,-1.06012051039698,46
2011,19.4010326086957,4.33423913043478,"Buttercup Farm",18.4848109640832,3.72109877126654,0.916221644612474,0.613140359168242,46
2012,19.3639673913043,3.78217391304348,"Buttercup Farm",18.4848109640832,3.72109877126654,0.879156427221172,0.061075141776938,46
2013,19.2547826086957,5.56902173913043,"Buttercup Farm",18.4848109640832,3.72109877126654,0.769971644612475,1.84792296786389,46
2014,18.5001086956522,4.68673913043478,"Buttercup Farm",18.4848109640832,3.72109877126654,0.0152977315689959,0.965640359168242,46
2015,19.0829891304348,4.12282608695652,"Buttercup Farm",18.4848109640832,3.72109877126654,0.598178166351605,0.401727315689981,46
2016,18.8939673913043,2.7004347826087,"Buttercup Farm",18.4848109640832,3.72109877126654,0.40915642722117,-1.02066398865784,46
2017,17.838152173913,4.28086956521739,"Buttercup Farm",18.4848109640832,3.72109877126654,-0.646658790170132,0.559770793950851,46
2018,19.4804891304348,3.3870652173913,"Buttercup Farm",18.4848109640832,3.72109877126654,0.995678166351606,-0.334033553875236,46
1992,18.5864673913043,3.38445652173913,"Fairmont Mall",20.0040146502836,4.03854914933837,-1.41754725897921,-0.654092627599244,46
1993,20.2308695652174,2.10532608695652,"Fairmont Mall",20.0040146502836,4.03854914933837,0.226854914933835,-1.93322306238185,46
1994,19.4649456521739,3.72282608695652,"Fairmont Mall",20.0040146502836,4.03854914933837,-0.539068998109641,-0.315723062381852,46
1995,20.169402173913,3.43695652173913,"Fairmont Mall",20.0040146502836,4.03854914933837,0.165387523629487,-0.601592627599244,46
1996,19.4271739130435,6.65902173913044,"Fairmont Mall",20.0040146502836,4.03854914933837,-0.576840737240076,2.62047258979206,46
1997,18.4583152173913,3.76086956521739,"Fairmont Mall",20.0040146502836,4.03854914933837,-1.54569943289225,-0.277679584120983,46
1998,20.4852717391304,4.42847826086957,"Fairmont Mall",20.0040146502836,4.03854914933837,0.481257088846881,0.389929111531191,46
1999,21.0535869565217,2.29010869565217,"Fairmont Mall",20.0040146502836,4.03854914933837,1.04957230623819,-1.7484404536862,46
2000,19.9311413043478,4.35826086956522,"Fairmont Mall",20.0040146502836,4.03854914933837,-0.0728733459357294,0.319711720226843,46
2001,19.2714130434783,4.39673913043478,"Fairmont Mall",20.0040146502836,4.03854914933837,-0.732601606805293,0.358189981096408,46
2002,20.0792391304348,4.07510869565217,"Fairmont Mall",20.0040146502836,4.03854914933837,0.0752244801512276,0.0365595463138,46
2003,18.8150543478261,6.08717391304348,"Fairmont Mall",20.0040146502836,4.03854914933837,-1.18896030245747,2.0486247637051,46
2004,20.2034239130435,4.78891304347826,"Fairmont Mall",20.0040146502836,4.03854914933837,0.199409262759925,0.750363894139887,46
2005,19.9872282608696,3.03597826086957,"Fairmont Mall",20.0040146502836,4.03854914933837,-0.0167863894139906,-1.00257088846881,46
2006,19.0172826086957,3.85347826086957,"Fairmont Mall",20.0040146502836,4.03854914933837,-0.986732041587903,-0.185070888468809,46
2007,19.8548369565217,3.47358695652174,"Fairmont Mall",20.0040146502836,4.03854914933837,-0.149177693761818,-0.564962192816635,46
2008,18.9995108695652,5.31891304347826,"Fairmont Mall",20.0040146502836,4.03854914933837,-1.00450378071834,1.28036389413989,46
2009,19.0842391304348,3.97380434782609,"Fairmont Mall",20.0040146502836,4.03854914933837,-0.919775519848773,-0.0647448015122873,46
2010,21.2932608695652,3.95913043478261,"Fairmont Mall",20.0040146502836,4.03854914933837,1.28924621928166,-0.0794187145557657,46
2011,21.0638043478261,4.07880434782609,"Fairmont Mall",20.0040146502836,4.03854914933837,1.05978969754253,0.0402551984877126,46
2012,21.4148913043478,2.91586956521739,"Fairmont Mall",20.0040146502836,4.03854914933837,1.41087665406427,-1.12267958412098,46
2013,20.1369565217391,4.97228260869565,"Fairmont Mall",20.0040146502836,4.03854914933837,0.132941871455575,0.933733459357278,46
2014,19.8185869565217,3.85326086956522,"Fairmont Mall",20.0040146502836,4.03854914933837,-0.185427693761817,-0.185288279773157,46
2015,20.9347826086957,3.61282608695652,"Fairmont Mall",20.0040146502836,4.03854914933837,0.930767958412098,-0.425723062381853,46
2016,20.2292934782609,4.8870652173913,"Fairmont Mall",20.0040146502836,4.03854914933837,0.225278827977316,0.84851606805293,46
2017,19.9728804347826,6.09173913043478,"Fairmont Mall",20.0040146502836,4.03854914933837,-0.0311342155009449,2.05318998109641,46
2018,21.9502173913043,4.625,"Fairmont Mall",20.0040146502836,4.03854914933837,1.94620274102079,0.586450850661626,46
1992,18.5573369565217,4.4245652173913,"Ross Lake",20.5574881852552,3.71474716446125,-2.00015122873346,0.709818052930057,46
1993,20.2426086956522,2.77097826086957,"Ross Lake",20.5574881852552,3.71474716446125,-0.314879489603026,-0.943768903591683,46
1994,19.573152173913,3.2404347826087,"Ross Lake",20.5574881852552,3.71474716446125,-0.984336011342155,-0.474312381852552,46
1995,20.1124456521739,3.60434782608696,"Ross Lake",20.5574881852552,3.71474716446125,-0.445042533081285,-0.110399338374291,46
1996,19.5986956521739,5.25358695652174,"Ross Lake",20.5574881852552,3.71474716446125,-0.958792533081287,1.53883979206049,46
1997,18.8014673913043,3.57695652173913,"Ross Lake",20.5574881852552,3.71474716446125,-1.75602079395085,-0.137790642722117,46
1998,20.7536413043478,4.12836956521739,"Ross Lake",20.5574881852552,3.71474716446125,0.196153119092628,0.413622400756144,46
1999,21.8605434782609,1.70771739130435,"Ross Lake",20.5574881852552,3.71474716446125,1.30305529300567,-2.0070297731569,46
2000,20.356847826087,3.70413043478261,"Ross Lake",20.5574881852552,3.71474716446125,-0.200640359168244,-0.010616729678639,46
2001,20.1166304347826,4.07989130434783,"Ross Lake",20.5574881852552,3.71474716446125,-0.440857750472592,0.365144139886578,46
2002,20.565652173913,4.36195652173913,"Ross Lake",20.5574881852552,3.71474716446125,0.00816398865784507,0.647209357277883,46
2003,19.5704347826087,4.76108695652174,"Ross Lake",20.5574881852552,3.71474716446125,-0.987053402646502,1.04633979206049,46
2004,20.8659239130435,4.20315217391304,"Ross Lake",20.5574881852552,3.71474716446125,0.308435727788279,0.488405009451796,46
2005,20.6045108695652,1.74152173913043,"Ross Lake",20.5574881852552,3.71474716446125,0.0470226843100185,-1.97322542533081,46
2006,19.9239130434783,2.72826086956522,"Ross Lake",20.5574881852552,3.71474716446125,-0.633575141776937,-0.98648629489603,46
2007,20.8015217391304,2.46086956521739,"Ross Lake",20.5574881852552,3.71474716446125,0.244033553875237,-1.25387759924386,46
2008,19.8699456521739,4.42521739130435,"Ross Lake",20.5574881852552,3.71474716446125,-0.687542533081285,0.7104702268431,46
2009,19.8577717391304,3.95195652173913,"Ross Lake",20.5574881852552,3.71474716446125,-0.699716446124764,0.237209357277883,46
2010,21.9457065217391,4.69380434782609,"Ross Lake",20.5574881852552,3.71474716446125,1.38821833648393,0.979057183364839,46
2011,21.3882608695652,4.81695652173913,"Ross Lake",20.5574881852552,3.71474716446125,0.83077268431002,1.10220935727788,46
2012,22.2727717391304,2.84641304347826,"Ross Lake",20.5574881852552,3.71474716446125,1.71528355387523,-0.868334120982987,46
2013,20.7417391304348,3.98358695652174,"Ross Lake",20.5574881852552,3.71474716446125,0.184250945179585,0.268839792060492,46
2014,20.0679891304348,2.83728260869565,"Ross Lake",20.5574881852552,3.71474716446125,-0.489499054820417,-0.877464555765596,46
2015,21.0291304347826,4.02760869565217,"Ross Lake",20.5574881852552,3.71474716446125,0.47164224952741,0.312861531190926,46
2016,20.5688586956522,3.16119565217391,"Ross Lake",20.5574881852552,3.71474716446125,0.0113705103969757,-0.553551512287334,46
2017,20.4986413043478,4.02967391304348,"Ross Lake",20.5574881852552,3.71474716446125,-0.058846880907371,0.31492674858223,46
2018,22.6177717391304,4.99826086956522,"Ross Lake",20.5574881852552,3.71474716446125,2.06028355387524,1.28351370510397,46
1992,19.3040217391304,4.00195652173913,"Holston Valley",20.7206911625709,3.78224480151229,-1.41666942344045,0.219711720226844,46
1993,21.2490217391304,2.09445652173913,"Holston Valley",20.7206911625709,3.78224480151229,0.528330576559547,-1.68778827977316,46
1994,19.9288043478261,3.61369565217391,"Holston Valley",20.7206911625709,3.78224480151229,-0.791886814744799,-0.168549149338374,46
1995,20.3514130434783,3.62391304347826,"Holston Valley",20.7206911625709,3.78224480151229,-0.369278119092627,-0.158331758034026,46
1996,20.0753804347826,4.30217391304348,"Holston Valley",20.7206911625709,3.78224480151229,-0.645310727788278,0.519929111531191,46
1997,18.8371195652174,3.92619565217391,"Holston Valley",20.7206911625709,3.78224480151229,-1.88357159735349,0.143950850661626,46
1998,21.1051630434783,4.60978260869565,"Holston Valley",20.7206911625709,3.78224480151229,0.384471880907373,0.827537807183365,46
1999,21.0144565217391,3.48010869565217,"Holston Valley",20.7206911625709,3.78224480151229,0.293765359168244,-0.302136105860113,46
2000,20.9750543478261,4.14554347826087,"Holston Valley",20.7206911625709,3.78224480151229,0.254363185255201,0.363298676748582,46
2001,20.4029891304348,4.65413043478261,"Holston Valley",20.7206911625709,3.78224480151229,-0.317702032136104,0.871885633270321,46
2002,20.7830434782609,2.91228260869565,"Holston Valley",20.7206911625709,3.78224480151229,0.0623523156899815,-0.869962192816635,46
2003,20.1585326086957,5.45228260869565,"Holston Valley",20.7206911625709,3.78224480151229,-0.562158553875236,1.67003780718337,46
2004,21.2027173913043,5.23717391304348,"Holston Valley",20.7206911625709,3.78224480151229,0.48202622873346,1.45492911153119,46
2005,20.3746195652174,2.85413043478261,"Holston Valley",20.7206911625709,3.78224480151229,-0.346071597353497,-0.928114366729679,46
2006,20.0041304347826,3.56195652173913,"Holston Valley",20.7206911625709,3.78224480151229,-0.716560727788277,-0.220288279773157,46
2007,20.1797826086957,2.80163043478261,"Holston Valley",20.7206911625709,3.78224480151229,-0.540908553875234,-0.980614366729678,46
2008,20.4096739130435,2.71054347826087,"Holston Valley",20.7206911625709,3.78224480151229,-0.31101724952741,-1.07170132325142,46
2009,20.0238586956522,4.64847826086956,"Holston Valley",20.7206911625709,3.78224480151229,-0.696832466918714,0.866233459357278,46
2010,22.3519565217391,3.23152173913043,"Holston Valley",20.7206911625709,3.78224480151229,1.63126535916824,-0.550723062381852,46
2011,21.4516304347826,3.17663043478261,"Holston Valley",20.7206911625709,3.78224480151229,0.730939272211721,-0.605614366729678,46
2012,21.765597826087,3.4375,"Holston Valley",20.7206911625709,3.78224480151229,1.04490666351607,-0.344744801512287,46
2013,20.37125,5.20826086956522,"Holston Valley",20.7206911625709,3.78224480151229,-0.349441162570887,1.42601606805293,46
2014,20.5190760869565,3.8770652173913,"Holston Valley",20.7206911625709,3.78224480151229,-0.201615075614367,0.0948204158790174,46
2015,21.7778260869565,3.91076086956522,"Holston Valley",20.7206911625709,3.78224480151229,1.05713492438564,0.12851606805293,46
2016,21.1783152173913,3.685,"Holston Valley",20.7206911625709,3.78224480151229,0.457624054820418,-0.0972448015122871,46
2017,20.7155434782609,4.46076086956522,"Holston Valley",20.7206911625709,3.78224480151229,-0.00514768431001755,0.678516068052931,46
2018,22.2199456521739,3.8045652173913,"Holston Valley",20.7206911625709,3.78224480151229,1.49925448960303,0.0223204158790171,46
1992,20.3965760869565,2.77434782608696,"St. Timothy's School",21.5831734404537,3.72916824196597,-1.18659735349716,-0.954820415879017,46
1993,22.30125,2.99586956521739,"St. Timothy's School",21.5831734404537,3.72916824196597,0.718076559546315,-0.733298676748582,46
1994,22.0290760869565,3.55391304347826,"St. Timothy's School",21.5831734404537,3.72916824196597,0.445902646502837,-0.175255198487713,46
1995,21.7824456521739,3.35054347826087,"St. Timothy's School",21.5831734404537,3.72916824196597,0.199272211720228,-0.378624763705104,46
1996,20.5748913043478,5.47728260869565,"St. Timothy's School",21.5831734404537,3.72916824196597,-1.00828213610586,1.74811436672968,46
1997,20.6708152173913,1.65880434782609,"St. Timothy's School",21.5831734404537,3.72916824196597,-0.91235822306238,-2.07036389413989,46
1998,21.9825543478261,3.69021739130435,"St. Timothy's School",21.5831734404537,3.72916824196597,0.399380907372404,-0.0389508506616258,46
1999,22.0441304347826,2.02413043478261,"St. Timothy's School",21.5831734404537,3.72916824196597,0.460956994328924,-1.70503780718336,46
2000,20.7649456521739,3.57108695652174,"St. Timothy's School",21.5831734404537,3.72916824196597,-0.818227788279771,-0.158081285444234,46
2001,20.8941304347826,3.23565217391304,"St. Timothy's School",21.5831734404537,3.72916824196597,-0.689043005671074,-0.49351606805293,46
2002,21.5307608695652,2.50402173913043,"St. Timothy's School",21.5831734404537,3.72916824196597,-0.0524125708884675,-1.22514650283554,46
2003,20.0233695652174,5.27260869565217,"St. Timothy's School",21.5831734404537,3.72916824196597,-1.55980387523629,1.5434404536862,46
2004,21.5136413043478,4.61358695652174,"St. Timothy's School",21.5831734404537,3.72916824196597,-0.0695321361058596,0.884418714555765,46
2005,20.7338043478261,3.7179347826087,"St. Timothy's School",21.5831734404537,3.72916824196597,-0.849369092627597,-0.0112334593572778,46
2006,21.2175,5.2654347826087,"St. Timothy's School",21.5831734404537,3.72916824196597,-0.365673440453683,1.53626654064272,46
2007,21.6124456521739,1.67304347826087,"St. Timothy's School",21.5831734404537,3.72916824196597,0.0292722117202295,-2.0561247637051,46
2008,20.751847826087,3.70586956521739,"St. Timothy's School",21.5831734404537,3.72916824196597,-0.83132561436673,-0.0232986767485821,46
2009,20.011847826087,3.72076086956522,"St. Timothy's School",21.5831734404537,3.72916824196597,-1.57132561436673,-0.00840737240075606,46
2010,22.8904347826087,2.62076086956522,"St. Timothy's School",21.5831734404537,3.72916824196597,1.30726134215501,-1.10840737240076,46
2011,22.9495652173913,2.31641304347826,"St. Timothy's School",21.5831734404537,3.72916824196597,1.36639177693762,-1.41275519848771,46
2012,22.4577717391304,4.17369565217391,"St. Timothy's School",21.5831734404537,3.72916824196597,0.874598298676752,0.44452741020794,46
2013,21.4282065217391,4.33054347826087,"St. Timothy's School",21.5831734404537,3.72916824196597,-0.154966918714553,0.601375236294896,46
2014,20.9570108695652,3.48032608695652,"St. Timothy's School",21.5831734404537,3.72916824196597,-0.626162570888468,-0.248842155009452,46
2015,22.2027717391304,5.15554347826087,"St. Timothy's School",21.5831734404537,3.72916824196597,0.619598298676749,1.4263752362949,46
2016,20.9724456521739,4.44271739130435,"St. Timothy's School",21.5831734404537,3.72916824196597,-0.610727788279771,0.713549149338375,46
2017,21.2420652173913,3.54358695652174,"St. Timothy's School",21.5831734404537,3.72916824196597,-0.341108223062381,-0.185581285444234,46
2018,22.3926630434783,7.47032608695652,"St. Timothy's School",21.5831734404537,3.72916824196597,0.809489603024577,3.74115784499055,46
1992,17.8308695652174,3.7125,"Ohio & Erie Canal Reserv.",19.8044766068053,3.12223534971645,-1.9736070415879,0.590264650283554,46
1993,19.7701086956522,2.3829347826087,"Ohio & Erie Canal Reserv.",19.8044766068053,3.12223534971645,-0.0343679111531188,-0.73930056710775,46
1994,19.0977173913043,2.0720652173913,"Ohio & Erie Canal Reserv.",19.8044766068053,3.12223534971645,-0.706759215500945,-1.05017013232514,46
1995,19.9932608695652,3.42173913043478,"Ohio & Erie Canal Reserv.",19.8044766068053,3.12223534971645,0.188784262759924,0.299503780718337,46
1996,18.6426630434783,2.95521739130435,"Ohio & Erie Canal Reserv.",19.8044766068053,3.12223534971645,-1.16181356332703,-0.167017958412098,46
1997,17.9966304347826,2.81445652173913,"Ohio & Erie Canal Reserv.",19.8044766068053,3.12223534971645,-1.80784617202268,-0.307778827977315,46
1998,20.2932065217391,2.14684782608696,"Ohio & Erie Canal Reserv.",19.8044766068053,3.12223534971645,0.488729914933838,-0.97538752362949,46
1999,20.9984782608696,2.07336956521739,"Ohio & Erie Canal Reserv.",19.8044766068053,3.12223534971645,1.19400165406427,-1.04886578449905,46
2000,19.3229891304348,3.94282608695652,"Ohio & Erie Canal Reserv.",19.8044766068053,3.12223534971645,-0.481487476370507,0.820590737240076,46
2001,19.6067934782609,1.91413043478261,"Ohio & Erie Canal Reserv.",19.8044766068053,3.12223534971645,-0.197683128544423,-1.20810491493384,46
2002,19.6434782608696,2.67673913043478,"Ohio & Erie Canal Reserv.",19.8044766068053,3.12223534971645,-0.160998345935727,-0.445496219281663,46
2003,18.5347826086957,4.29076086956522,"Ohio & Erie Canal Reserv.",19.8044766068053,3.12223534971645,-1.26969399810964,1.16852551984877,46
2004,20.0620652173913,3.30923913043478,"Ohio & Erie Canal Reserv.",19.8044766068053,3.12223534971645,0.257588610586012,0.187003780718337,46
2005,20.4750543478261,2.11565217391304,"Ohio & Erie Canal Reserv.",19.8044766068053,3.12223534971645,0.670577741020796,-1.0065831758034,46
2006,19.743152173913,4.68315217391304,"Ohio & Erie Canal Reserv.",19.8044766068053,3.12223534971645,-0.0613244328922491,1.5609168241966,46
2007,20.1253804347826,1.47652173913043,"Ohio & Erie Canal Reserv.",19.8044766068053,3.12223534971645,0.320903827977318,-1.64571361058601,46
2008,19.2746195652174,3.36739130434783,"Ohio & Erie Canal Reserv.",19.8044766068053,3.12223534971645,-0.529857041587899,0.24515595463138,46
2009,18.8200543478261,2.66141304347826,"Ohio & Erie Canal Reserv.",19.8044766068053,3.12223534971645,-0.984422258979205,-0.460822306238185,46
2010,21.4010869565217,3.34489130434783,"Ohio & Erie Canal Reserv.",19.8044766068053,3.12223534971645,1.59661034971645,0.22265595463138,46
2011,20.9214130434783,4.09054347826087,"Ohio & Erie Canal Reserv.",19.8044766068053,3.12223534971645,1.11693643667297,0.968308128544423,46
2012,21.7183695652174,1.88847826086957,"Ohio & Erie Canal Reserv.",19.8044766068053,3.12223534971645,1.9138929584121,-1.23375708884688,46
2013,20.2785869565217,3.95304347826087,"Ohio & Erie Canal Reserv.",19.8044766068053,3.12223534971645,0.474110349716447,0.830808128544424,46
2014,19.7241847826087,3.91760869565217,"Ohio & Erie Canal Reserv.",19.8044766068053,3.12223534971645,-0.0802918241965962,0.795373345935728,46
2015,20.1996195652174,4.60413043478261,"Ohio & Erie Canal Reserv.",19.8044766068053,3.12223534971645,0.395142958412098,1.48189508506616,46
2016,20.1701630434783,2.10152173913043,"Ohio & Erie Canal Reserv.",19.8044766068053,3.12223534971645,0.36568643667297,-1.02071361058601,46
2017,19.7548369565217,3.56836956521739,"Ohio & Erie Canal Reserv.",19.8044766068053,3.12223534971645,-0.0496396502835523,0.446134215500945,46
2018,21.2510869565217,3.5704347826087,"Ohio & Erie Canal Reserv.",19.8044766068053,3.12223534971645,1.44661034971645,0.44819943289225,46
1992,20.5990760869565,3.47434782608696,"U of T Arb & For Exp Sta1",22.4383081285444,4.15443052930057,-1.8392320415879,-0.680082703213611,46
1993,22.8104891304348,2.19858695652174,"U of T Arb & For Exp Sta1",22.4383081285444,4.15443052930057,0.372181001890358,-1.95584357277883,46
1994,21.2089673913043,4.60380434782609,"U of T Arb & For Exp Sta1",22.4383081285444,4.15443052930057,-1.22934073724008,0.44937381852552,46
1995,22.02625,3.59369565217391,"U of T Arb & For Exp Sta1",22.4383081285444,4.15443052930057,-0.412058128544423,-0.560734877126654,46
1996,21.9614673913043,4.82913043478261,"U of T Arb & For Exp Sta1",22.4383081285444,4.15443052930057,-0.476840737240078,0.674699905482041,46
1997,20.9250543478261,5.05097826086956,"U of T Arb & For Exp Sta1",22.4383081285444,4.15443052930057,-1.51325378071834,0.896547731568997,46
1998,23.1055434782609,4.9675,"U of T Arb & For Exp Sta1",22.4383081285444,4.15443052930057,0.667235349716446,0.813069470699433,46
1999,22.4322826086957,5.62347826086957,"U of T Arb & For Exp Sta1",22.4383081285444,4.15443052930057,-0.00602551984877309,1.469047731569,46
2000,22.6204347826087,3.97402173913043,"U of T Arb & For Exp Sta1",22.4383081285444,4.15443052930057,0.182126654064273,-0.180408790170133,46
2001,22.0341304347826,3.88586956521739,"U of T Arb & For Exp Sta1",22.4383081285444,4.15443052930057,-0.404177693761817,-0.268560964083176,46
2002,22.4882608695652,3.40065217391304,"U of T Arb & For Exp Sta1",22.4383081285444,4.15443052930057,0.0499527410207925,-0.753778355387524,46
2003,21.6736956521739,6.3995652173913,"U of T Arb & For Exp Sta1",22.4383081285444,4.15443052930057,-0.764612476370512,2.24513468809074,46
2004,22.91375,4.82445652173913,"U of T Arb & For Exp Sta1",22.4383081285444,4.15443052930057,0.475441871455576,0.670025992438563,46
2005,22.1217391304348,4.24141304347826,"U of T Arb & For Exp Sta1",22.4383081285444,4.15443052930057,-0.316568998109641,0.0869825141776932,46
2006,22.3658152173913,2.66673913043478,"U of T Arb & For Exp Sta1",22.4383081285444,4.15443052930057,-0.0724929111531196,-1.48769139886578,46
2007,22.9003804347826,2.53391304347826,"U of T Arb & For Exp Sta1",22.4383081285444,4.15443052930057,0.462072306238184,-1.62051748582231,46
2008,22.2346195652174,3.14086956521739,"U of T Arb & For Exp Sta1",22.4383081285444,4.15443052930057,-0.203688563327031,-1.01356096408318,46
2009,22.1508695652174,5.2845652173913,"U of T Arb & For Exp Sta1",22.4383081285444,4.15443052930057,-0.287438563327033,1.13013468809074,46
2010,24.3013586956522,4.42717391304348,"U of T Arb & For Exp Sta1",22.4383081285444,4.15443052930057,1.86305056710775,0.272743383742911,46
2011,23.4034239130435,3.75945652173913,"U of T Arb & For Exp Sta1",22.4383081285444,4.15443052930057,0.965115784499055,-0.394974007561437,46
2012,23.8938043478261,3.42858695652174,"U of T Arb & For Exp Sta1",22.4383081285444,4.15443052930057,1.45549621928166,-0.725843572778828,46
2013,21.98625,6.24358695652174,"U of T Arb & For Exp Sta1",22.4383081285444,4.15443052930057,-0.452058128544422,2.08915642722117,46
2014,22.3279347826087,4.39510869565217,"U of T Arb & For Exp Sta1",22.4383081285444,4.15443052930057,-0.110373345935727,0.240678166351606,46
2015,23.5583152173913,3.94510869565217,"U of T Arb & For Exp Sta1",22.4383081285444,4.15443052930057,1.12000708884688,-0.209321833648394,46
2016,23.3751086956522,3.33315217391304,"U of T Arb & For Exp Sta1",22.4383081285444,4.15443052930057,0.936800567107749,-0.821278355387524,46
2017,22.4578804347826,4.46,"U of T Arb & For Exp Sta1",22.4383081285444,4.15443052930057,0.0195723062381852,0.305569470699433,46
2018,24.2020652173913,4.04152173913043,"U of T Arb & For Exp Sta1",22.4383081285444,4.15443052930057,1.76375708884688,-0.112908790170133,46
1992,20.6695652173913,3.43565217391304,"U of T Arb & For Exp Sta2",22.4953745274102,4.12682892249527,-1.8258093100189,-0.69117674858223,46
1993,22.8896739130435,2.16163043478261,"U of T Arb & For Exp Sta2",22.4953745274102,4.12682892249527,0.394299385633271,-1.96519848771266,46
1994,21.2795652173913,4.53554347826087,"U of T Arb & For Exp Sta2",22.4953745274102,4.12682892249527,-1.2158093100189,0.408714555765596,46
1995,22.109347826087,3.55815217391304,"U of T Arb & For Exp Sta2",22.4953745274102,4.12682892249527,-0.386026701323249,-0.56867674858223,46
1996,22.0432608695652,4.75347826086957,"U of T Arb & For Exp Sta2",22.4953745274102,4.12682892249527,-0.45211365784499,0.626649338374292,46
1997,20.9976630434783,5.13217391304348,"U of T Arb & For Exp Sta2",22.4953745274102,4.12682892249527,-1.49771148393194,1.0053449905482,46
1998,23.178097826087,4.99836956521739,"U of T Arb & For Exp Sta2",22.4953745274102,4.12682892249527,0.682723298676752,0.871540642722118,46
1999,22.4640760869565,5.73065217391304,"U of T Arb & For Exp Sta2",22.4953745274102,4.12682892249527,-0.0312984404536856,1.60382325141777,46
2000,22.6736413043478,4.07,"U of T Arb & For Exp Sta2",22.4953745274102,4.12682892249527,0.178266776937619,-0.0568289224952734,46
2001,22.0880434782609,3.84978260869565,"U of T Arb & For Exp Sta2",22.4953745274102,4.12682892249527,-0.407331049149338,-0.277046313799621,46
2002,22.54625,3.3875,"U of T Arb & For Exp Sta2",22.4953745274102,4.12682892249527,0.0508754725897944,-0.739328922495273,46
2003,21.7270652173913,6.34152173913044,"U of T Arb & For Exp Sta2",22.4953745274102,4.12682892249527,-0.768309310018903,2.21469281663516,46
2004,22.9465760869565,4.80717391304348,"U of T Arb & For Exp Sta2",22.4953745274102,4.12682892249527,0.451201559546316,0.680344990548204,46
2005,22.1541847826087,4.21,"U of T Arb & For Exp Sta2",22.4953745274102,4.12682892249527,-0.341189744801511,0.0831710775047263,46
2006,22.4004891304348,2.64989130434783,"U of T Arb & For Exp Sta2",22.4953745274102,4.12682892249527,-0.0948853969754246,-1.47693761814745,46
2007,22.9426630434783,2.50934782608696,"U of T Arb & For Exp Sta2",22.4953745274102,4.12682892249527,0.447288516068056,-1.61748109640832,46
2008,22.2715760869565,3.09108695652174,"U of T Arb & For Exp Sta2",22.4953745274102,4.12682892249527,-0.223798440453685,-1.03574196597353,46
2009,22.1933695652174,5.24336956521739,"U of T Arb & For Exp Sta2",22.4953745274102,4.12682892249527,-0.302004962192814,1.11654064272212,46
2010,24.3536956521739,4.33554347826087,"U of T Arb & For Exp Sta2",22.4953745274102,4.12682892249527,1.85832112476371,0.208714555765596,46
2011,23.4592934782609,3.72771739130435,"U of T Arb & For Exp Sta2",22.4953745274102,4.12682892249527,0.963918950850665,-0.399111531190926,46
2012,23.9513043478261,3.35532608695652,"U of T Arb & For Exp Sta2",22.4953745274102,4.12682892249527,1.45592982041588,-0.771502835538752,46
2013,22.041902173913,6.1829347826087,"U of T Arb & For Exp Sta2",22.4953745274102,4.12682892249527,-0.453472353497162,2.05610586011342,46
2014,22.3841304347826,4.32413043478261,"U of T Arb & For Exp Sta2",22.4953745274102,4.12682892249527,-0.111244092627597,0.197301512287335,46
2015,23.6132608695652,3.90673913043478,"U of T Arb & For Exp Sta2",22.4953745274102,4.12682892249527,1.11788634215501,-0.220089792060491,46
2016,23.4161956521739,3.30347826086957,"U of T Arb & For Exp Sta2",22.4953745274102,4.12682892249527,0.920821124763705,-0.823350661625708,46
2017,22.5005434782609,4.40489130434783,"U of T Arb & For Exp Sta2",22.4953745274102,4.12682892249527,0.00516895085066338,0.278062381852552,46
2018,24.2563043478261,4.0229347826087,"U of T Arb & For Exp Sta2",22.4953745274102,4.12682892249527,1.76092982041588,-0.103894139886578,46
1992,16.5151630434783,4.64467391304348,"Merrill Creek",18.7033258506616,4.47849952741021,-2.18816280718336,0.16617438563327,46
1993,18.6900543478261,1.93347826086957,"Merrill Creek",18.7033258506616,4.47849952741021,-0.0132715028355364,-2.54502126654064,46
1994,18.3276630434783,4.55358695652174,"Merrill Creek",18.7033258506616,4.47849952741021,-0.375662807183364,0.0750874291115311,46
1995,18.351902173913,3.02130434782609,"Merrill Creek",18.7033258506616,4.47849952741021,-0.351423676748581,-1.45719517958412,46
1996,17.5402173913043,5.09402173913043,"Merrill Creek",18.7033258506616,4.47849952741021,-1.16310845935728,0.615522211720227,46
1997,17.335652173913,4.11880434782609,"Merrill Creek",18.7033258506616,4.47849952741021,-1.36767367674858,-0.359695179584121,46
1998,18.991902173913,4.31695652173913,"Merrill Creek",18.7033258506616,4.47849952741021,0.288576323251419,-0.161543005671078,46
1999,19.580597826087,1.60532608695652,"Merrill Creek",18.7033258506616,4.47849952741021,0.877271975425334,-2.87317344045369,46
2000,17.7840760869565,4.90239130434783,"Merrill Creek",18.7033258506616,4.47849952741021,-0.919249763705103,0.423891776937618,46
2001,17.9511413043478,4.75815217391304,"Merrill Creek",18.7033258506616,4.47849952741021,-0.752184546313799,0.279652646502836,46
2002,18.4538043478261,3.92402173913043,"Merrill Creek",18.7033258506616,4.47849952741021,-0.249521502835538,-0.554477788279773,46
2003,17.6485326086957,6.00728260869565,"Merrill Creek",18.7033258506616,4.47849952741021,-1.05479324196597,1.52878308128544,46
2004,18.8088586956522,5.0570652173913,"Merrill Creek",18.7033258506616,4.47849952741021,0.105532844990549,0.578565689981096,46
2005,18.8948369565217,3.1704347826087,"Merrill Creek",18.7033258506616,4.47849952741021,0.191511105860116,-1.30806474480151,46
2006,19.3370108695652,6.49652173913043,"Merrill Creek",18.7033258506616,4.47849952741021,0.633685018903595,2.01802221172023,46
2007,19.0278804347826,3.68684782608696,"Merrill Creek",18.7033258506616,4.47849952741021,0.324554584120985,-0.791651701323252,46
2008,18.65625,3.35282608695652,"Merrill Creek",18.7033258506616,4.47849952741021,-0.0470758506616242,-1.12567344045369,46
2009,17.7079891304348,5.47391304347826,"Merrill Creek",18.7033258506616,4.47849952741021,-0.995336720226842,0.995413516068052,46
2010,20.5305434782609,3.93597826086957,"Merrill Creek",18.7033258506616,4.47849952741021,1.82721762759925,-0.542521266540643,46
2011,20.1638043478261,4.61282608695652,"Merrill Creek",18.7033258506616,4.47849952741021,1.46047849716446,0.134326559546314,46
2012,19.8686413043478,3.74391304347826,"Merrill Creek",18.7033258506616,4.47849952741021,1.1653154536862,-0.734586483931947,46
2013,19.5261413043478,5.50010869565217,"Merrill Creek",18.7033258506616,4.47849952741021,0.822815453686204,1.02160916824197,46
2014,19.1671195652174,4.33858695652174,"Merrill Creek",18.7033258506616,4.47849952741021,0.463793714555766,-0.139912570888469,46
2015,19.9475543478261,4.48391304347826,"Merrill Creek",18.7033258506616,4.47849952741021,1.24422849716446,0.00541351606805307,46
2016,18.9932608695652,3.54619565217391,"Merrill Creek",18.7033258506616,4.47849952741021,0.289935018903595,-0.932303875236295,46
2017,18.5008152173913,4.70054347826087,"Merrill Creek",18.7033258506616,4.47849952741021,-0.202510633270318,0.222043950850662,46
2018,19.6541847826087,4.3225,"Merrill Creek",18.7033258506616,4.47849952741021,0.950858931947071,-0.155999527410208,46
1992,18.5598913043478,3.9525,"Eisenhower Park",19.84125,3.39058364839319,-1.28135869565217,0.561916351606806,46
1993,20.3270652173913,1.65989130434783,"Eisenhower Park",19.84125,3.39058364839319,0.485815217391306,-1.73069234404537,46
1994,20.4379347826087,2.96304347826087,"Eisenhower Park",19.84125,3.39058364839319,0.596684782608698,-0.427540170132325,46
1995,19.7515217391304,1.94684782608696,"Eisenhower Park",19.84125,3.39058364839319,-0.0897282608695633,-1.44373582230624,46
1996,18.7879347826087,3.47619565217391,"Eisenhower Park",19.84125,3.39058364839319,-1.0533152173913,0.0856120037807182,46
1997,18.6886413043478,2.91913043478261,"Eisenhower Park",19.84125,3.39058364839319,-1.15260869565217,-0.471453213610586,46
1998,19.8238586956522,4.44152173913043,"Eisenhower Park",19.84125,3.39058364839319,-0.0173913043478251,1.05093809073724,46
1999,21.0003260869565,1.76402173913043,"Eisenhower Park",19.84125,3.39058364839319,1.15907608695652,-1.62656190926276,46
2000,18.9075543478261,4.74195652173913,"Eisenhower Park",19.84125,3.39058364839319,-0.933695652173913,1.35137287334594,46
2001,19.4913586956522,3.09097826086957,"Eisenhower Park",19.84125,3.39058364839319,-0.349891304347825,-0.299605387523629,46
2002,19.2564673913043,3.39,"Eisenhower Park",19.84125,3.39058364839319,-0.584782608695651,-0.000583648393194469,46
2003,18.3897826086957,4.49489130434783,"Eisenhower Park",19.84125,3.39058364839319,-1.45146739130435,1.10430765595463,46
2004,19.2045652173913,2.50163043478261,"Eisenhower Park",19.84125,3.39058364839319,-0.636684782608693,-0.888953213610586,46
2005,19.18875,2.0925,"Eisenhower Park",19.84125,3.39058364839319,-0.6525,-1.29808364839319,46
2006,19.8804891304348,5.28108695652174,"Eisenhower Park",19.84125,3.39058364839319,0.0392391304347832,1.89050330812854,46
2007,19.6325,2.70945652173913,"Eisenhower Park",19.84125,3.39058364839319,-0.208749999999998,-0.681127126654064,46
2008,19.7640217391304,3.09032608695652,"Eisenhower Park",19.84125,3.39058364839319,-0.077228260869564,-0.300257561436673,46
2009,18.5084782608696,4.6604347826087,"Eisenhower Park",19.84125,3.39058364839319,-1.33277173913043,1.2698511342155,46
2010,21.179347826087,3.02108695652174,"Eisenhower Park",19.84125,3.39058364839319,1.33809782608696,-0.369496691871456,46
2011,20.4159239130435,3.54782608695652,"Eisenhower Park",19.84125,3.39058364839319,0.57467391304348,0.157242438563327,46
2012,20.3858152173913,3.81945652173913,"Eisenhower Park",19.84125,3.39058364839319,0.544565217391305,0.428872873345936,46
2013,20.4063043478261,4.35967391304348,"Eisenhower Park",19.84125,3.39058364839319,0.565054347826088,0.969090264650283,46
2014,19.7408695652174,3.12489130434783,"Eisenhower Park",19.84125,3.39058364839319,-0.100380434782608,-0.265692344045369,46
2015,20.1101630434783,2.76510869565217,"Eisenhower Park",19.84125,3.39058364839319,0.268913043478261,-0.625474952741021,46
2016,19.83375,2.72804347826087,"Eisenhower Park",19.84125,3.39058364839319,-0.00749999999999673,-0.662540170132325,46
2017,19.2409239130435,2.91836956521739,"Eisenhower Park",19.84125,3.39058364839319,-0.600326086956521,-0.472214083175803,46
2018,20.4608152173913,3.20913043478261,"Eisenhower Park",19.84125,3.39058364839319,0.619565217391305,-0.181453213610586,46
1992,15.4007065217391,2.24641304347826,"Nauset School",17.3389083175803,2.76514650283554,-1.93820179584121,-0.518733459357278,46
1993,16.9355434782609,1.26554347826087,"Nauset School",17.3389083175803,2.76514650283554,-0.403364839319472,-1.49960302457467,46
1994,17.2016847826087,1.88445652173913,"Nauset School",17.3389083175803,2.76514650283554,-0.137223534971646,-0.880689981096408,46
1995,16.28875,2.085,"Nauset School",17.3389083175803,2.76514650283554,-1.05015831758034,-0.680146502835539,46
1996,16.0871195652174,2.93782608695652,"Nauset School",17.3389083175803,2.76514650283554,-1.25178875236295,0.172679584120983,46
1997,17.1089673913043,1.72184782608696,"Nauset School",17.3389083175803,2.76514650283554,-0.229940926275994,-1.04329867674858,46
1998,16.9713586956522,2.90467391304348,"Nauset School",17.3389083175803,2.76514650283554,-0.367549621928166,0.13952741020794,46
1999,18.3646195652174,1.9725,"Nauset School",17.3389083175803,2.76514650283554,1.02571124763705,-0.792646502835539,46
2000,16.4496195652174,2.84434782608696,"Nauset School",17.3389083175803,2.76514650283554,-0.889288752362948,0.0792013232514179,46
2001,17.4616847826087,2.93358695652174,"Nauset School",17.3389083175803,2.76514650283554,0.122776465028355,0.168440453686201,46
2002,16.9735326086957,2.40347826086957,"Nauset School",17.3389083175803,2.76514650283554,-0.365375708884688,-0.361668241965973,46
2003,16.7419565217391,2.9370652173913,"Nauset School",17.3389083175803,2.76514650283554,-0.59695179584121,0.171918714555766,46
2004,16.7441847826087,2.13184782608696,"Nauset School",17.3389083175803,2.76514650283554,-0.594723534971646,-0.633298676748582,46
2005,16.0450543478261,2.9270652173913,"Nauset School",17.3389083175803,2.76514650283554,-1.29385396975425,0.161918714555766,46
2006,17.9508152173913,6.66902173913043,"Nauset School",17.3389083175803,2.76514650283554,0.611906899810965,3.9038752362949,46
2007,17.9723369565217,1.83413043478261,"Nauset School",17.3389083175803,2.76514650283554,0.6334286389414,-0.93101606805293,46
2008,18.3192391304348,2.75,"Nauset School",17.3389083175803,2.76514650283554,0.98033081285444,-0.0151465028355386,46
2009,16.3053804347826,4.13,"Nauset School",17.3389083175803,2.76514650283554,-1.03352788279773,1.36485349716446,46
2010,18.8288586956522,1.44923913043478,"Nauset School",17.3389083175803,2.76514650283554,1.48995037807183,-1.31590737240076,46
2011,17.9632608695652,3.37228260869565,"Nauset School",17.3389083175803,2.76514650283554,0.624352551984877,0.607136105860114,46
2012,18.1430434782609,2.7179347826087,"Nauset School",17.3389083175803,2.76514650283554,0.804135160680531,-0.0472117202268429,46
2013,18.7333695652174,4.93608695652174,"Nauset School",17.3389083175803,2.76514650283554,1.39446124763705,2.1709404536862,46
2014,17.6457608695652,2.21554347826087,"Nauset School",17.3389083175803,2.76514650283554,0.306852551984878,-0.549603024574669,46
2015,17.8223913043478,2.13173913043478,"Nauset School",17.3389083175803,2.76514650283554,0.483482986767484,-0.633407372400756,46
2016,18.1771739130435,2.13423913043478,"Nauset School",17.3389083175803,2.76514650283554,0.838265595463138,-0.630907372400756,46
2017,17.3947826086957,3.32815217391304,"Nauset School",17.3389083175803,2.76514650283554,0.0558742911153125,0.563005671077505,46
2018,17.67,2.1529347826087,"Nauset School",17.3389083175803,2.76514650283554,0.331091682419661,-0.612211720226843,46
1992,15.3921195652174,2.26836956521739,"Marconi Beach",17.3940512759924,2.75349007561437,-2.00193171077505,-0.485120510396975,46
1993,16.9334782608696,1.24467391304348,"Marconi Beach",17.3940512759924,2.75349007561437,-0.460573015122872,-1.50881616257089,46
1994,17.1798913043478,1.84739130434783,"Marconi Beach",17.3940512759924,2.75349007561437,-0.214159971644612,-0.90609877126654,46
1995,16.2759782608696,1.86489130434783,"Marconi Beach",17.3940512759924,2.75349007561437,-1.11807301512287,-0.88859877126654,46
1996,16.0763043478261,2.94554347826087,"Marconi Beach",17.3940512759924,2.75349007561437,-1.31774692816635,0.192053402646503,46
1997,17.1407608695652,1.86010869565217,"Marconi Beach",17.3940512759924,2.75349007561437,-0.253290406427222,-0.893381379962193,46
1998,17.0234239130435,2.86923913043478,"Marconi Beach",17.3940512759924,2.75349007561437,-0.370627362948962,0.115749054820416,46
1999,18.4200543478261,2.02891304347826,"Marconi Beach",17.3940512759924,2.75349007561437,1.02600307183365,-0.724577032136106,46
2000,16.4923913043478,3.01336956521739,"Marconi Beach",17.3940512759924,2.75349007561437,-0.901659971644612,0.259879489603025,46
2001,17.500652173913,2.89695652173913,"Marconi Beach",17.3940512759924,2.75349007561437,0.106600897920604,0.143466446124764,46
2002,17.0352717391304,2.37695652173913,"Marconi Beach",17.3940512759924,2.75349007561437,-0.358779536862006,-0.376533553875236,46
2003,16.83375,2.79271739130435,"Marconi Beach",17.3940512759924,2.75349007561437,-0.56030127599244,0.0392273156899812,46
2004,16.8457065217391,2.09054347826087,"Marconi Beach",17.3940512759924,2.75349007561437,-0.548344754253307,-0.662946597353497,46
2005,16.120652173913,2.96891304347826,"Marconi Beach",17.3940512759924,2.75349007561437,-1.2733991020794,0.215422967863894,46
2006,18.0246195652174,6.73336956521739,"Marconi Beach",17.3940512759924,2.75349007561437,0.630568289224954,3.97987948960303,46
2007,18.0792934782609,1.89391304347826,"Marconi Beach",17.3940512759924,2.75349007561437,0.68524220226843,-0.859577032136106,46
2008,18.3901630434783,2.75228260869565,"Marconi Beach",17.3940512759924,2.75349007561437,0.996111767485822,-0.00120746691871432,46
2009,16.3621195652174,4.14880434782609,"Marconi Beach",17.3940512759924,2.75349007561437,-1.03193171077505,1.39531427221172,46
2010,18.850652173913,1.27260869565217,"Marconi Beach",17.3940512759924,2.75349007561437,1.45660089792061,-1.48088137996219,46
2011,18.0576630434783,3.5154347826087,"Marconi Beach",17.3940512759924,2.75349007561437,0.663611767485822,0.761944706994329,46
2012,18.2084239130435,2.81576086956522,"Marconi Beach",17.3940512759924,2.75349007561437,0.81437263705104,0.0622707939508507,46
2013,18.848152173913,4.82945652173913,"Marconi Beach",17.3940512759924,2.75349007561437,1.4541008979206,2.07596644612476,46
2014,17.7626086956522,2.24402173913043,"Marconi Beach",17.3940512759924,2.75349007561437,0.368557419659734,-0.509468336483932,46
2015,17.9072282608696,2.10565217391304,"Marconi Beach",17.3940512759924,2.75349007561437,0.513176984877127,-0.647837901701323,46
2016,18.284402173913,2.15586956521739,"Marconi Beach",17.3940512759924,2.75349007561437,0.890350897920605,-0.597620510396975,46
2017,17.480652173913,3.52358695652174,"Marconi Beach",17.3940512759924,2.75349007561437,0.0866008979206043,0.770096880907372,46
2018,17.7546195652174,2.10586956521739,"Marconi Beach",17.3940512759924,2.75349007561437,0.360568289224954,-0.647620510396975,46
1992,15.3628804347826,2.43336956521739,"Blueberry Hill",17.4193631852552,2.77517485822306,-2.05648275047259,-0.341805293005671,46
1993,16.9328260869565,1.24032608695652,"Blueberry Hill",17.4193631852552,2.77517485822306,-0.48653709829868,-1.53484877126654,46
1994,17.1341847826087,1.8504347826087,"Blueberry Hill",17.4193631852552,2.77517485822306,-0.285178402646505,-0.924740075614366,46
1995,16.2501630434783,1.84597826086957,"Blueberry Hill",17.4193631852552,2.77517485822306,-1.16920014177694,-0.929196597353497,46
1996,16.0496739130435,3.00315217391304,"Blueberry Hill",17.4193631852552,2.77517485822306,-1.36968927221172,0.227977315689981,46
1997,17.1266847826087,1.72413043478261,"Blueberry Hill",17.4193631852552,2.77517485822306,-0.292678402646505,-1.05104442344045,46
1998,17.0335869565217,2.78652173913043,"Blueberry Hill",17.4193631852552,2.77517485822306,-0.385776228733462,0.0113468809073725,46
1999,18.4377173913043,2.15880434782609,"Blueberry Hill",17.4193631852552,2.77517485822306,1.01835420604915,-0.616370510396975,46
2000,16.4809782608696,3.23489130434783,"Blueberry Hill",17.4193631852552,2.77517485822306,-0.938384924385634,0.459716446124764,46
2001,17.4864130434783,2.81989130434783,"Blueberry Hill",17.4193631852552,2.77517485822306,0.0670498582230614,0.044716446124764,46
2002,17.0550543478261,2.28065217391304,"Blueberry Hill",17.4193631852552,2.77517485822306,-0.364308837429114,-0.494522684310019,46
2003,16.8990217391304,2.68891304347826,"Blueberry Hill",17.4193631852552,2.77517485822306,-0.520341446124764,-0.0862618147448013,46
2004,16.9300543478261,1.98630434782609,"Blueberry Hill",17.4193631852552,2.77517485822306,-0.489308837429114,-0.788870510396975,46
2005,16.1633152173913,2.95739130434783,"Blueberry Hill",17.4193631852552,2.77517485822306,-1.2560479678639,0.182216446124764,46
2006,18.0617391304348,6.81902173913043,"Blueberry Hill",17.4193631852552,2.77517485822306,0.642375945179584,4.04384688090737,46
2007,18.1616304347826,2.01076086956522,"Blueberry Hill",17.4193631852552,2.77517485822306,0.742267249527409,-0.764413988657845,46
2008,18.4258152173913,2.75119565217391,"Blueberry Hill",17.4193631852552,2.77517485822306,1.0064520321361,-0.023979206049149,46
2009,16.3890760869565,4.02271739130435,"Blueberry Hill",17.4193631852552,2.77517485822306,-1.03028709829868,1.24754253308129,46
2010,18.8333695652174,1.30141304347826,"Blueberry Hill",17.4193631852552,2.77517485822306,1.41400637996219,-1.4737618147448,46
2011,18.1188043478261,3.66978260869565,"Blueberry Hill",17.4193631852552,2.77517485822306,0.699441162570889,0.89460775047259,46
2012,18.2440760869565,2.97597826086957,"Blueberry Hill",17.4193631852552,2.77517485822306,0.824712901701321,0.200803402646503,46
2013,18.9545108695652,4.72663043478261,"Blueberry Hill",17.4193631852552,2.77517485822306,1.53514768431002,1.95145557655955,46
2014,17.8778260869565,2.31815217391304,"Blueberry Hill",17.4193631852552,2.77517485822306,0.458462901701321,-0.457022684310019,46
2015,17.9865217391304,2.07489130434783,"Blueberry Hill",17.4193631852552,2.77517485822306,0.567158553875235,-0.700283553875236,46
2016,18.3753804347826,2.20641304347826,"Blueberry Hill",17.4193631852552,2.77517485822306,0.95601724952741,-0.568761814744801,46
2017,17.5489130434783,3.80065217391304,"Blueberry Hill",17.4193631852552,2.77517485822306,0.129549858223061,1.02547731568998,46
2018,17.7845108695652,2.23119565217391,"Blueberry Hill",17.4193631852552,2.77517485822306,0.365147684310017,-0.543979206049149,46
1992,15.5646195652174,2.53989130434783,"Higgins House",17.5948097826087,2.74511105860113,-2.0301902173913,-0.205219754253308,46
1993,17.1621739130435,1.19315217391304,"Higgins House",17.5948097826087,2.74511105860113,-0.432635869565217,-1.55195888468809,46
1994,17.4103804347826,1.82076086956522,"Higgins House",17.5948097826087,2.74511105860113,-0.184429347826086,-0.924350189035917,46
1995,16.5040217391304,1.73065217391304,"Higgins House",17.5948097826087,2.74511105860113,-1.09078804347826,-1.01445888468809,46
1996,16.28875,3.01032608695652,"Higgins House",17.5948097826087,2.74511105860113,-1.3060597826087,0.265215028355387,46
1997,17.264347826087,1.67858695652174,"Higgins House",17.5948097826087,2.74511105860113,-0.330461956521738,-1.0665241020794,46
1998,17.23,2.61391304347826,"Higgins House",17.5948097826087,2.74511105860113,-0.364809782608695,-0.131198015122874,46
1999,18.6061956521739,2.45152173913043,"Higgins House",17.5948097826087,2.74511105860113,1.01138586956522,-0.2935893194707,46
2000,16.649347826087,3.48326086956522,"Higgins House",17.5948097826087,2.74511105860113,-0.94546195652174,0.738149810964083,46
2001,17.6335326086957,2.60510869565217,"Higgins House",17.5948097826087,2.74511105860113,0.038722826086957,-0.14000236294896,46
2002,17.2141304347826,2.16695652173913,"Higgins House",17.5948097826087,2.74511105860113,-0.380679347826089,-0.578154536862004,46
2003,17.05625,2.58315217391304,"Higgins House",17.5948097826087,2.74511105860113,-0.538559782608697,-0.161958884688091,46
2004,17.1382608695652,1.77891304347826,"Higgins House",17.5948097826087,2.74511105860113,-0.456548913043477,-0.966198015122873,46
2005,16.4007608695652,2.92652173913043,"Higgins House",17.5948097826087,2.74511105860113,-1.19404891304348,0.181410680529301,46
2006,18.2127173913043,6.81608695652174,"Higgins House",17.5948097826087,2.74511105860113,0.617907608695653,4.07097589792061,46
2007,18.3216847826087,2.13619565217391,"Higgins House",17.5948097826087,2.74511105860113,0.726875,-0.608915406427221,46
2008,18.483152173913,2.68978260869565,"Higgins House",17.5948097826087,2.74511105860113,0.888342391304349,-0.055328449905482,46
2009,16.52875,3.84934782608696,"Higgins House",17.5948097826087,2.74511105860113,-1.0660597826087,1.10423676748582,46
2010,19.0238586956522,1.35478260869565,"Higgins House",17.5948097826087,2.74511105860113,1.42904891304348,-1.39032844990548,46
2011,18.2990217391304,3.67010869565217,"Higgins House",17.5948097826087,2.74511105860113,0.704211956521739,0.92499763705104,46
2012,18.3717391304348,2.90184782608696,"Higgins House",17.5948097826087,2.74511105860113,0.776929347826087,0.156736767485822,46
2013,19.1688586956522,4.59804347826087,"Higgins House",17.5948097826087,2.74511105860113,1.57404891304348,1.85293241965974,46
2014,18.1074456521739,2.40945652173913,"Higgins House",17.5948097826087,2.74511105860113,0.512635869565216,-0.335654536862004,46
2015,18.1759782608696,1.95271739130435,"Higgins House",17.5948097826087,2.74511105860113,0.581168478260871,-0.792393667296786,46
2016,18.5247282608696,2.22760869565217,"Higgins House",17.5948097826087,2.74511105860113,0.92991847826087,-0.51750236294896,46
2017,17.6859239130435,3.99760869565217,"Higgins House",17.5948097826087,2.74511105860113,0.0911141304347822,1.25249763705104,46
2018,17.9735869565217,2.32597826086957,"Higgins House",17.5948097826087,2.74511105860113,0.378777173913043,-0.419132797731569,46
1992,15.3702173913043,2.56760869565217,"Oak Dunes",17.4607502362949,2.78075141776938,-2.09053284499055,-0.213142722117202,46
1993,16.9532065217391,1.24608695652174,"Oak Dunes",17.4607502362949,2.78075141776938,-0.507543714555766,-1.53466446124764,46
1994,17.1823913043478,1.84989130434783,"Oak Dunes",17.4607502362949,2.78075141776938,-0.278358931947071,-0.93086011342155,46
1995,16.2982065217391,1.80032608695652,"Oak Dunes",17.4607502362949,2.78075141776938,-1.16254371455577,-0.980425330812855,46
1996,16.0946739130435,2.88663043478261,"Oak Dunes",17.4607502362949,2.78075141776938,-1.36607632325142,0.105879017013232,46
1997,17.1392934782609,1.63923913043478,"Oak Dunes",17.4607502362949,2.78075141776938,-0.321456758034024,-1.14151228733459,46
1998,17.0415217391304,2.78369565217391,"Oak Dunes",17.4607502362949,2.78075141776938,-0.419228497164461,0.00294423440453651,46
1999,18.450652173913,2.49217391304348,"Oak Dunes",17.4607502362949,2.78075141776938,0.989901937618146,-0.288577504725898,46
2000,16.4811413043478,3.50108695652174,"Oak Dunes",17.4607502362949,2.78075141776938,-0.97960893194707,0.720335538752363,46
2001,17.4859782608696,2.6545652173913,"Oak Dunes",17.4607502362949,2.78075141776938,0.0252280245746697,-0.126186200378072,46
2002,17.0894565217391,2.18815217391304,"Oak Dunes",17.4607502362949,2.78075141776938,-0.371293714555765,-0.592599243856333,46
2003,16.9748913043478,2.51108695652174,"Oak Dunes",17.4607502362949,2.78075141776938,-0.485858931947071,-0.269664461247637,46
2004,17.0273369565217,1.8420652173913,"Oak Dunes",17.4607502362949,2.78075141776938,-0.433413279773156,-0.938686200378072,46
2005,16.2198913043478,3.02630434782609,"Oak Dunes",17.4607502362949,2.78075141776938,-1.24085893194707,0.245552930056711,46
2006,18.1195108695652,7.00978260869565,"Oak Dunes",17.4607502362949,2.78075141776938,0.658760633270322,4.22903119092628,46
2007,18.2540760869565,2.09782608695652,"Oak Dunes",17.4607502362949,2.78075141776938,0.793325850661628,-0.682925330812855,46
2008,18.4445108695652,2.73521739130435,"Oak Dunes",17.4607502362949,2.78075141776938,0.983760633270322,-0.0455340264650284,46
2009,16.3926086956522,3.81923913043478,"Oak Dunes",17.4607502362949,2.78075141776938,-1.06814154064272,1.03848771266541,46
2010,18.815,1.36347826086957,"Oak Dunes",17.4607502362949,2.78075141776938,1.35424976370511,-1.41727315689981,46
2011,18.1922282608696,3.73576086956522,"Oak Dunes",17.4607502362949,2.78075141776938,0.73147802457467,0.955009451795841,46
2012,18.2983152173913,2.90108695652174,"Oak Dunes",17.4607502362949,2.78075141776938,0.83756498109641,0.120335538752363,46
2013,19.0653260869565,4.60782608695652,"Oak Dunes",17.4607502362949,2.78075141776938,1.60457585066163,1.82707466918714,46
2014,18.0048369565217,2.38336956521739,"Oak Dunes",17.4607502362949,2.78075141776938,0.544086720226844,-0.397381852551985,46
2015,18.08375,2.03434782608696,"Oak Dunes",17.4607502362949,2.78075141776938,0.622999763705103,-0.74640359168242,46
2016,18.4761956521739,2.26054347826087,"Oak Dunes",17.4607502362949,2.78075141776938,1.01544541587902,-0.520207939508507,46
2017,17.6267934782609,4.0104347826087,"Oak Dunes",17.4607502362949,2.78075141776938,0.166043241965973,1.22968336483932,46
2018,17.7930434782609,2.35217391304348,"Oak Dunes",17.4607502362949,2.78075141776938,0.332293241965974,-0.428577504725898,46
1992,15.3664673913043,2.62304347826087,"Longnook Beach",17.4986330340265,2.80260396975425,-2.13216564272212,-0.179560491493384,46
1993,16.975,1.26141304347826,"Longnook Beach",17.4986330340265,2.80260396975425,-0.523633034026464,-1.54119092627599,46
1994,17.2478804347826,1.90076086956522,"Longnook Beach",17.4986330340265,2.80260396975425,-0.250752599243857,-0.901843100189036,46
1995,16.3760869565217,1.67554347826087,"Longnook Beach",17.4986330340265,2.80260396975425,-1.12254607750473,-1.12706049149338,46
1996,16.1529347826087,3.05858695652174,"Longnook Beach",17.4986330340265,2.80260396975425,-1.34569825141777,0.255982986767486,46
1997,17.1449456521739,1.58684782608696,"Longnook Beach",17.4986330340265,2.80260396975425,-0.353687381852552,-1.2157561436673,46
1998,17.0339673913043,2.50217391304348,"Longnook Beach",17.4986330340265,2.80260396975425,-0.464665642722117,-0.300430056710775,46
1999,18.4494565217391,2.57315217391304,"Longnook Beach",17.4986330340265,2.80260396975425,0.950823487712665,-0.22945179584121,46
2000,16.4611413043478,3.72902173913043,"Longnook Beach",17.4986330340265,2.80260396975425,-1.03749172967864,0.926417769376181,46
2001,17.4716847826087,2.51054347826087,"Longnook Beach",17.4986330340265,2.80260396975425,-0.026948251417771,-0.292060491493384,46
2002,17.1165217391304,2.1595652173913,"Longnook Beach",17.4986330340265,2.80260396975425,-0.382111294896031,-0.643038752362949,46
2003,17.055652173913,2.4625,"Longnook Beach",17.4986330340265,2.80260396975425,-0.442980860113423,-0.340103969754253,46
2004,17.1394565217391,1.72597826086957,"Longnook Beach",17.4986330340265,2.80260396975425,-0.359176512287334,-1.07662570888469,46
2005,16.2733152173913,3.19021739130435,"Longnook Beach",17.4986330340265,2.80260396975425,-1.22531781663516,0.387613421550094,46
2006,18.1733152173913,7.5329347826087,"Longnook Beach",17.4986330340265,2.80260396975425,0.67468218336484,4.73033081285444,46
2007,18.2936413043478,2.12119565217391,"Longnook Beach",17.4986330340265,2.80260396975425,0.795008270321361,-0.68140831758034,46
2008,18.4598913043478,2.68771739130435,"Longnook Beach",17.4986330340265,2.80260396975425,0.961258270321363,-0.114886578449906,46
2009,16.4882608695652,3.70489130434783,"Longnook Beach",17.4986330340265,2.80260396975425,-1.01037216446125,0.902287334593573,46
2010,18.8328804347826,1.35771739130435,"Longnook Beach",17.4986330340265,2.80260396975425,1.33424740075614,-1.44488657844991,46
2011,18.2710869565217,3.7354347826087,"Longnook Beach",17.4986330340265,2.80260396975425,0.772453922495274,0.932830812854442,46
2012,18.3542934782609,2.70228260869565,"Longnook Beach",17.4986330340265,2.80260396975425,0.855660444234402,-0.100321361058601,46
2013,19.1924456521739,4.4475,"Longnook Beach",17.4986330340265,2.80260396975425,1.69381261814745,1.64489603024575,46
2014,18.1558695652174,2.50195652173913,"Longnook Beach",17.4986330340265,2.80260396975425,0.657236531190925,-0.300647448015123,46
2015,18.2096739130435,2.02304347826087,"Longnook Beach",17.4986330340265,2.80260396975425,0.711040879017013,-0.779560491493384,46
2016,18.5354347826087,2.33565217391304,"Longnook Beach",17.4986330340265,2.80260396975425,1.03680174858223,-0.46695179584121,46
2017,17.7147826086957,4.27391304347826,"Longnook Beach",17.4986330340265,2.80260396975425,0.216149574669188,1.47130907372401,46
2018,17.7503260869565,2.46663043478261,"Longnook Beach",17.4986330340265,2.80260396975425,0.251693052930058,-0.335973534971644,46
1992,16.5151630434783,4.64467391304348,"Apple Orchard",18.7033258506616,4.47849952741021,-2.18816280718336,0.16617438563327,46
1993,18.6900543478261,1.93347826086957,"Apple Orchard",18.7033258506616,4.47849952741021,-0.0132715028355364,-2.54502126654064,46
1994,18.3276630434783,4.55358695652174,"Apple Orchard",18.7033258506616,4.47849952741021,-0.375662807183364,0.0750874291115311,46
1995,18.351902173913,3.02130434782609,"Apple Orchard",18.7033258506616,4.47849952741021,-0.351423676748581,-1.45719517958412,46
1996,17.5402173913043,5.09402173913043,"Apple Orchard",18.7033258506616,4.47849952741021,-1.16310845935728,0.615522211720227,46
1997,17.335652173913,4.11880434782609,"Apple Orchard",18.7033258506616,4.47849952741021,-1.36767367674858,-0.359695179584121,46
1998,18.991902173913,4.31695652173913,"Apple Orchard",18.7033258506616,4.47849952741021,0.288576323251419,-0.161543005671078,46
1999,19.580597826087,1.60532608695652,"Apple Orchard",18.7033258506616,4.47849952741021,0.877271975425334,-2.87317344045369,46
2000,17.7840760869565,4.90239130434783,"Apple Orchard",18.7033258506616,4.47849952741021,-0.919249763705103,0.423891776937618,46
2001,17.9511413043478,4.75815217391304,"Apple Orchard",18.7033258506616,4.47849952741021,-0.752184546313799,0.279652646502836,46
2002,18.4538043478261,3.92402173913043,"Apple Orchard",18.7033258506616,4.47849952741021,-0.249521502835538,-0.554477788279773,46
2003,17.6485326086957,6.00728260869565,"Apple Orchard",18.7033258506616,4.47849952741021,-1.05479324196597,1.52878308128544,46
2004,18.8088586956522,5.0570652173913,"Apple Orchard",18.7033258506616,4.47849952741021,0.105532844990549,0.578565689981096,46
2005,18.8948369565217,3.1704347826087,"Apple Orchard",18.7033258506616,4.47849952741021,0.191511105860116,-1.30806474480151,46
2006,19.3370108695652,6.49652173913043,"Apple Orchard",18.7033258506616,4.47849952741021,0.633685018903595,2.01802221172023,46
2007,19.0278804347826,3.68684782608696,"Apple Orchard",18.7033258506616,4.47849952741021,0.324554584120985,-0.791651701323252,46
2008,18.65625,3.35282608695652,"Apple Orchard",18.7033258506616,4.47849952741021,-0.0470758506616242,-1.12567344045369,46
2009,17.7079891304348,5.47391304347826,"Apple Orchard",18.7033258506616,4.47849952741021,-0.995336720226842,0.995413516068052,46
2010,20.5305434782609,3.93597826086957,"Apple Orchard",18.7033258506616,4.47849952741021,1.82721762759925,-0.542521266540643,46
2011,20.1638043478261,4.61282608695652,"Apple Orchard",18.7033258506616,4.47849952741021,1.46047849716446,0.134326559546314,46
2012,19.8686413043478,3.74391304347826,"Apple Orchard",18.7033258506616,4.47849952741021,1.1653154536862,-0.734586483931947,46
2013,19.5261413043478,5.50010869565217,"Apple Orchard",18.7033258506616,4.47849952741021,0.822815453686204,1.02160916824197,46
2014,19.1671195652174,4.33858695652174,"Apple Orchard",18.7033258506616,4.47849952741021,0.463793714555766,-0.139912570888469,46
2015,19.9475543478261,4.48391304347826,"Apple Orchard",18.7033258506616,4.47849952741021,1.24422849716446,0.00541351606805307,46
2016,18.9932608695652,3.54619565217391,"Apple Orchard",18.7033258506616,4.47849952741021,0.289935018903595,-0.932303875236295,46
2017,18.5008152173913,4.70054347826087,"Apple Orchard",18.7033258506616,4.47849952741021,-0.202510633270318,0.222043950850662,46
2018,19.6541847826087,4.3225,"Apple Orchard",18.7033258506616,4.47849952741021,0.950858931947071,-0.155999527410208,46
1992,18.4791304347826,3.26054347826087,"Nissiquogue River",19.9650827032136,3.26161862003781,-1.485952268431,-0.0010751417769379,46
1993,20.503097826087,1.59336956521739,"Nissiquogue River",19.9650827032136,3.26161862003781,0.538015122873347,-1.66824905482042,46
1994,20.4208152173913,1.89565217391304,"Nissiquogue River",19.9650827032136,3.26161862003781,0.455732514177694,-1.36596644612476,46
1995,19.7711413043478,2.36619565217391,"Nissiquogue River",19.9650827032136,3.26161862003781,-0.193941398865785,-0.895422967863894,46
1996,19.0648913043478,3.66010869565217,"Nissiquogue River",19.9650827032136,3.26161862003781,-0.900191398865786,0.398490075614367,46
1997,19.1574456521739,2.51434782608696,"Nissiquogue River",19.9650827032136,3.26161862003781,-0.807637051039698,-0.747270793950851,46
1998,20.19375,4.58119565217391,"Nissiquogue River",19.9650827032136,3.26161862003781,0.228667296786391,1.31957703213611,46
1999,21.4020652173913,1.60423913043478,"Nissiquogue River",19.9650827032136,3.26161862003781,1.43698251417769,-1.65737948960302,46
2000,19.0614673913043,4.08510869565217,"Nissiquogue River",19.9650827032136,3.26161862003781,-0.903615311909263,0.823490075614367,46
2001,19.5683695652174,2.57576086956522,"Nissiquogue River",19.9650827032136,3.26161862003781,-0.396713137996219,-0.68585775047259,46
2002,19.7284239130435,2.90576086956522,"Nissiquogue River",19.9650827032136,3.26161862003781,-0.236658790170132,-0.35585775047259,46
2003,18.6577173913043,4.73826086956522,"Nissiquogue River",19.9650827032136,3.26161862003781,-1.30736531190926,1.47664224952741,46
2004,19.4291304347826,2.58913043478261,"Nissiquogue River",19.9650827032136,3.26161862003781,-0.535952268431004,-0.672488185255199,46
2005,19.2605434782609,1.94967391304348,"Nissiquogue River",19.9650827032136,3.26161862003781,-0.70453922495274,-1.31194470699433,46
2006,20.1282065217391,4.58369565217391,"Nissiquogue River",19.9650827032136,3.26161862003781,0.16312381852552,1.32207703213611,46
2007,19.8697282608696,2.90021739130435,"Nissiquogue River",19.9650827032136,3.26161862003781,-0.0953544423440462,-0.36140122873346,46
2008,19.8342391304348,3.3879347826087,"Nissiquogue River",19.9650827032136,3.26161862003781,-0.130843572778829,0.126316162570888,46
2009,18.5778260869565,4.9520652173913,"Nissiquogue River",19.9650827032136,3.26161862003781,-1.38725661625709,1.6904465973535,46
2010,21.7222826086957,2.3904347826087,"Nissiquogue River",19.9650827032136,3.26161862003781,1.75719990548204,-0.871183837429112,46
2011,21.1079347826087,3.14869565217391,"Nissiquogue River",19.9650827032136,3.26161862003781,1.14285207939508,-0.112922967863894,46
2012,20.5903804347826,4.63717391304348,"Nissiquogue River",19.9650827032136,3.26161862003781,0.625297731568999,1.37555529300567,46
2013,20.5023913043478,4.17641304347826,"Nissiquogue River",19.9650827032136,3.26161862003781,0.537308601134214,0.914794423440454,46
2014,19.9689673913043,2.63619565217391,"Nissiquogue River",19.9650827032136,3.26161862003781,0.00388468809073572,-0.625422967863894,46
2015,20.461847826087,2.18304347826087,"Nissiquogue River",19.9650827032136,3.26161862003781,0.496765122873345,-1.07857514177694,46
2016,20.0342934782609,2.68326086956522,"Nissiquogue River",19.9650827032136,3.26161862003781,0.0692107750472601,-0.57835775047259,46
2017,19.6002717391304,3.30032608695652,"Nissiquogue River",19.9650827032136,3.26161862003781,-0.364810964083176,0.0387074669187144,46
2018,20.57375,2.95717391304348,"Nissiquogue River",19.9650827032136,3.26161862003781,0.60866729678639,-0.304444706994329,46
1992,15.1348913043478,4.90119565217391,"Beall Tract",16.2607088846881,4.90328922495274,-1.12581758034026,-0.00209357277882827,46
1993,16.4386956521739,2.67663043478261,"Beall Tract",16.2607088846881,4.90328922495274,0.177986767485823,-2.22665879017013,46
1994,15.4698913043478,5.3225,"Beall Tract",16.2607088846881,4.90328922495274,-0.790817580340264,0.419210775047259,46
1995,16.1875,4.62315217391304,"Beall Tract",16.2607088846881,4.90328922495274,-0.0732088846880892,-0.280137051039698,46
1996,15.4278804347826,8.11195652173913,"Beall Tract",16.2607088846881,4.90328922495274,-0.832828449905481,3.20866729678639,46
1997,14.1346739130435,4.22086956521739,"Beall Tract",16.2607088846881,4.90328922495274,-2.12603497164461,-0.682419659735349,46
1998,16.2097282608696,4.6079347826087,"Beall Tract",16.2607088846881,4.90328922495274,-0.0509806238185249,-0.295354442344046,46
1999,16.2228260869565,2.72336956521739,"Beall Tract",16.2607088846881,4.90328922495274,-0.0378827977315659,-2.17991965973535,46
2000,16.01625,4.90152173913043,"Beall Tract",16.2607088846881,4.90328922495274,-0.24445888468809,-0.00176748582230601,46
2001,14.76625,7.4920652173913,"Beall Tract",16.2607088846881,4.90328922495274,-1.49445888468809,2.58877599243856,46
2002,16.1397826086957,5.40402173913043,"Beall Tract",16.2607088846881,4.90328922495274,-0.120926275992439,0.500732514177693,46
2003,15.2295652173913,6.39391304347826,"Beall Tract",16.2607088846881,4.90328922495274,-1.03114366729679,1.49062381852552,46
2004,16.8685326086957,5.05489130434783,"Beall Tract",16.2607088846881,4.90328922495274,0.607823724007563,0.151602079395086,46
2005,16.0982608695652,3.3275,"Beall Tract",16.2607088846881,4.90328922495274,-0.162448015122873,-1.57578922495274,46
2006,15.2386956521739,4.71771739130435,"Beall Tract",16.2607088846881,4.90328922495274,-1.02201323251418,-0.185571833648393,46
2007,15.8395108695652,3.99282608695652,"Beall Tract",16.2607088846881,4.90328922495274,-0.421198015122872,-0.910463137996219,46
2008,15.3596195652174,6.29782608695652,"Beall Tract",16.2607088846881,4.90328922495274,-0.901089319470698,1.39453686200378,46
2009,15.4414673913043,5.13021739130435,"Beall Tract",16.2607088846881,4.90328922495274,-0.819241493383741,0.226928166351607,46
2010,17.6027717391304,3.86739130434783,"Beall Tract",16.2607088846881,4.90328922495274,1.34206285444235,-1.03589792060491,46
2011,17.3752173913043,5.70326086956522,"Beall Tract",16.2607088846881,4.90328922495274,1.11450850661626,0.799971644612476,46
2012,17.4696195652174,4.53173913043478,"Beall Tract",16.2607088846881,4.90328922495274,1.2089106805293,-0.371550094517958,46
2013,16.4453804347826,4.78097826086957,"Beall Tract",16.2607088846881,4.90328922495274,0.184671550094521,-0.122310964083176,46
2014,16.146902173913,4.84836956521739,"Beall Tract",16.2607088846881,4.90328922495274,-0.113806710775044,-0.0549196597353498,46
2015,17.5160869565217,4.34195652173913,"Beall Tract",16.2607088846881,4.90328922495274,1.25537807183365,-0.56133270321361,46
2016,16.5180434782609,5.04891304347826,"Beall Tract",16.2607088846881,4.90328922495274,0.257334593572779,0.14562381852552,46
2017,16.2198369565217,5.9775,"Beall Tract",16.2607088846881,4.90328922495274,-0.0408719281663501,1.07421077504726,46
2018,17.9032065217391,6.19771739130435,"Beall Tract",16.2607088846881,4.90328922495274,1.64249763705104,1.29442816635161,46
1992,17.4583695652174,2.71619565217391,"Mashomack Preserve",18.9033435727788,3.02111767485822,-1.44497400756143,-0.30492202268431,46
1993,19.4684782608696,1.67163043478261,"Mashomack Preserve",18.9033435727788,3.02111767485822,0.565134688090737,-1.34948724007561,46
1994,19.6196195652174,1.11608695652174,"Mashomack Preserve",18.9033435727788,3.02111767485822,0.716275992438565,-1.90503071833648,46
1995,18.6147826086957,2.31152173913043,"Mashomack Preserve",18.9033435727788,3.02111767485822,-0.288560964083175,-0.709595935727788,46
1996,18.0320108695652,2.81510869565217,"Mashomack Preserve",18.9033435727788,3.02111767485822,-0.871332703213611,-0.206008979206049,46
1997,18.1664130434783,1.71489130434783,"Mashomack Preserve",18.9033435727788,3.02111767485822,-0.736930529300565,-1.3062263705104,46
1998,19.1024456521739,4.24413043478261,"Mashomack Preserve",18.9033435727788,3.02111767485822,0.199102079395086,1.22301275992439,46
1999,19.7975,1.75608695652174,"Mashomack Preserve",18.9033435727788,3.02111767485822,0.894156427221173,-1.26503071833648,46
2000,17.9890760869565,3.30728260869565,"Mashomack Preserve",18.9033435727788,3.02111767485822,-0.914267485822304,0.286164933837429,46
2001,18.5870652173913,3.4404347826087,"Mashomack Preserve",18.9033435727788,3.02111767485822,-0.316278355387521,0.419317107750472,46
2002,18.4823913043478,2.45152173913043,"Mashomack Preserve",18.9033435727788,3.02111767485822,-0.420952268431002,-0.569595935727788,46
2003,17.7326630434783,4.24989130434783,"Mashomack Preserve",18.9033435727788,3.02111767485822,-1.17068052930057,1.2287736294896,46
2004,18.2828804347826,2.15380434782609,"Mashomack Preserve",18.9033435727788,3.02111767485822,-0.620463137996218,-0.867313327032136,46
2005,18.1490217391304,1.68967391304348,"Mashomack Preserve",18.9033435727788,3.02111767485822,-0.75432183364839,-1.33144376181474,46
2006,19.1922282608696,5.36413043478261,"Mashomack Preserve",18.9033435727788,3.02111767485822,0.288884688090739,2.34301275992439,46
2007,18.8060869565217,2.44184782608696,"Mashomack Preserve",18.9033435727788,3.02111767485822,-0.0972566162570878,-0.579269848771266,46
2008,18.9359782608696,3.07978260869565,"Mashomack Preserve",18.9033435727788,3.02111767485822,0.032634688090738,0.0586649338374294,46
2009,17.6685869565217,5.47228260869565,"Mashomack Preserve",18.9033435727788,3.02111767485822,-1.23475661625709,2.45116493383743,46
2010,20.5676630434783,2.22858695652174,"Mashomack Preserve",18.9033435727788,3.02111767485822,1.66431947069944,-0.792530718336484,46
2011,19.7378260869565,4.43989130434783,"Mashomack Preserve",18.9033435727788,3.02111767485822,0.834482514177694,1.4187736294896,46
2012,19.6559239130435,3.89032608695652,"Mashomack Preserve",18.9033435727788,3.02111767485822,0.75258034026465,0.869208412098299,46
2013,19.5135869565217,3.76641304347826,"Mashomack Preserve",18.9033435727788,3.02111767485822,0.610243383742912,0.745295368620038,46
2014,18.6140760869565,2.27434782608696,"Mashomack Preserve",18.9033435727788,3.02111767485822,-0.289267485822304,-0.746769848771267,46
2015,19.1692391304348,2.10880434782609,"Mashomack Preserve",18.9033435727788,3.02111767485822,0.265895557655956,-0.912313327032136,46
2016,18.654402173913,2.2904347826087,"Mashomack Preserve",18.9033435727788,3.02111767485822,-0.248941398865782,-0.730682892249527,46
2017,18.63625,3.0375,"Mashomack Preserve",18.9033435727788,3.02111767485822,-0.267093572778826,0.0163823251417772,46
2018,19.3191847826087,2.43576086956522,"Mashomack Preserve",18.9033435727788,3.02111767485822,0.415841209829868,-0.585356805293006,46
1992,19.2517391304348,4.55532608695652,"Great Smoky Mtns. Tremont",21.0798759451796,4.75394376181475,-1.8281368147448,-0.198617674858223,46
1993,21.75875,2.775,"Great Smoky Mtns. Tremont",21.0798759451796,4.75394376181475,0.678874054820415,-1.97894376181475,46
1994,20.228152173913,5.56967391304348,"Great Smoky Mtns. Tremont",21.0798759451796,4.75394376181475,-0.851723771266542,0.815730151228733,46
1995,20.8286956521739,3.99586956521739,"Great Smoky Mtns. Tremont",21.0798759451796,4.75394376181475,-0.251180293005671,-0.758074196597354,46
1996,20.9563586956522,4.75597826086956,"Great Smoky Mtns. Tremont",21.0798759451796,4.75394376181475,-0.12351724952741,0.00203449905481978,46
1997,19.866902173913,5.52434782608696,"Great Smoky Mtns. Tremont",21.0798759451796,4.75394376181475,-1.21297377126654,0.770404064272212,46
1998,21.8191847826087,5.62315217391304,"Great Smoky Mtns. Tremont",21.0798759451796,4.75394376181475,0.73930883742911,0.869208412098298,46
1999,20.9252717391304,5.65032608695652,"Great Smoky Mtns. Tremont",21.0798759451796,4.75394376181475,-0.15460420604915,0.896382325141777,46
2000,21.254402173913,4.93054347826087,"Great Smoky Mtns. Tremont",21.0798759451796,4.75394376181475,0.174526228733459,0.176599716446124,46
2001,20.40875,5.14119565217391,"Great Smoky Mtns. Tremont",21.0798759451796,4.75394376181475,-0.671125945179583,0.387251890359168,46
2002,21.1690217391304,4.29097826086957,"Great Smoky Mtns. Tremont",21.0798759451796,4.75394376181475,0.089145793950852,-0.46296550094518,46
2003,20.424402173913,6.62521739130435,"Great Smoky Mtns. Tremont",21.0798759451796,4.75394376181475,-0.655473771266539,1.8712736294896,46
2004,21.3723913043478,6.00869565217391,"Great Smoky Mtns. Tremont",21.0798759451796,4.75394376181475,0.292515359168242,1.25475189035917,46
2005,20.5840217391304,4.49869565217391,"Great Smoky Mtns. Tremont",21.0798759451796,4.75394376181475,-0.495854206049149,-0.255248109640832,46
2006,20.723152173913,4.57836956521739,"Great Smoky Mtns. Tremont",21.0798759451796,4.75394376181475,-0.356723771266541,-0.175574196597354,46
2007,21.4371195652174,3.46836956521739,"Great Smoky Mtns. Tremont",21.0798759451796,4.75394376181475,0.357243620037806,-1.28557419659735,46
2008,20.7883152173913,3.94402173913043,"Great Smoky Mtns. Tremont",21.0798759451796,4.75394376181475,-0.29156072778828,-0.80992202268431,46
2009,20.7471195652174,5.99478260869565,"Great Smoky Mtns. Tremont",21.0798759451796,4.75394376181475,-0.332756379962191,1.24083884688091,46
2010,23.2091847826087,4.27358695652174,"Great Smoky Mtns. Tremont",21.0798759451796,4.75394376181475,2.12930883742911,-0.480356805293006,46
2011,22.0604347826087,4.30836956521739,"Great Smoky Mtns. Tremont",21.0798759451796,4.75394376181475,0.980558837429111,-0.445574196597354,46
2012,22.1975543478261,4.21326086956522,"Great Smoky Mtns. Tremont",21.0798759451796,4.75394376181475,1.1176784026465,-0.540682892249528,46
2013,20.6233152173913,6.65663043478261,"Great Smoky Mtns. Tremont",21.0798759451796,4.75394376181475,-0.456560727788279,1.90268667296786,46
2014,21.0054891304348,3.65836956521739,"Great Smoky Mtns. Tremont",21.0798759451796,4.75394376181475,-0.0743868147448019,-1.09557419659735,46
2015,22.1646739130435,4.16097826086957,"Great Smoky Mtns. Tremont",21.0798759451796,4.75394376181475,1.0847979678639,-0.59296550094518,46
2016,21.8641847826087,3.53760869565217,"Great Smoky Mtns. Tremont",21.0798759451796,4.75394376181475,0.784308837429112,-1.21633506616257,46
2017,21.2026086956522,4.63315217391304,"Great Smoky Mtns. Tremont",21.0798759451796,4.75394376181475,0.12273275047259,-0.120791587901701,46
2018,22.6861956521739,4.62847826086957,"Great Smoky Mtns. Tremont",21.0798759451796,4.75394376181475,1.60631970699433,-0.12546550094518,46
1992,17.2995108695652,4.47652173913044,"Kettle Creek",18.7158163988658,4.18890831758034,-1.41630552930057,0.287613421550095,46
1993,19.3236413043478,2.00076086956522,"Kettle Creek",18.7158163988658,4.18890831758034,0.607824905482044,-2.18814744801512,46
1994,19.048152173913,4.49891304347826,"Kettle Creek",18.7158163988658,4.18890831758034,0.332335775047259,0.310004725897921,46
1995,18.8354891304348,3.14184782608696,"Kettle Creek",18.7158163988658,4.18890831758034,0.119672731569,-1.04706049149338,46
1996,17.7903260869565,5.17326086956522,"Kettle Creek",18.7158163988658,4.18890831758034,-0.925490311909261,0.984352551984877,46
1997,17.4384239130435,2.66402173913043,"Kettle Creek",18.7158163988658,4.18890831758034,-1.2773924858223,-1.52488657844991,46
1998,18.8834782608696,3.81358695652174,"Kettle Creek",18.7158163988658,4.18890831758034,0.167661862003783,-0.375321361058601,46
1999,19.5919565217391,1.66695652173913,"Kettle Creek",18.7158163988658,4.18890831758034,0.876140122873348,-2.52195179584121,46
2000,17.6415217391304,4.31402173913043,"Kettle Creek",18.7158163988658,4.18890831758034,-1.07429465973535,0.125113421550094,46
2001,18.001847826087,3.91771739130435,"Kettle Creek",18.7158163988658,4.18890831758034,-0.713968572778828,-0.271190926275993,46
2002,18.4595652173913,3.40326086956522,"Kettle Creek",18.7158163988658,4.18890831758034,-0.256251181474479,-0.785647448015123,46
2003,17.7201630434783,5.12891304347826,"Kettle Creek",18.7158163988658,4.18890831758034,-0.995653355387521,0.940004725897921,46
2004,18.6580434782609,4.25358695652174,"Kettle Creek",18.7158163988658,4.18890831758034,-0.0577729206049149,0.0646786389413991,46
2005,18.9154347826087,2.35173913043478,"Kettle Creek",18.7158163988658,4.18890831758034,0.199618383742912,-1.83716918714556,46
2006,19.0122282608696,5.42695652173913,"Kettle Creek",18.7158163988658,4.18890831758034,0.296411862003783,1.23804820415879,46
2007,18.8907608695652,3.3845652173913,"Kettle Creek",18.7158163988658,4.18890831758034,0.174944470699433,-0.804343100189036,46
2008,18.2297282608696,3.65923913043478,"Kettle Creek",18.7158163988658,4.18890831758034,-0.486088137996219,-0.529669187145558,46
2009,17.5936413043478,5.43923913043478,"Kettle Creek",18.7158163988658,4.18890831758034,-1.12217509451796,1.25033081285444,46
2010,20.03,2.9195652173913,"Kettle Creek",18.7158163988658,4.18890831758034,1.31418360113422,-1.26934310018904,46
2011,19.7841304347826,4.90054347826087,"Kettle Creek",18.7158163988658,4.18890831758034,1.06831403591682,0.71163516068053,46
2012,19.8208152173913,4.09630434782609,"Kettle Creek",18.7158163988658,4.18890831758034,1.10499881852552,-0.0926039697542533,46
2013,19.2960869565217,5.47673913043478,"Kettle Creek",18.7158163988658,4.18890831758034,0.580270557655957,1.28783081285444,46
2014,18.8171195652174,4.08391304347826,"Kettle Creek",18.7158163988658,4.18890831758034,0.10130316635161,-0.104995274102079,46
2015,19.62875,5.2520652173913,"Kettle Creek",18.7158163988658,4.18890831758034,0.912933601134217,1.06315689981096,46
2016,18.6853260869565,3.39282608695652,"Kettle Creek",18.7158163988658,4.18890831758034,-0.0304903119092614,-0.796082230623819,46
2017,18.2785326086957,4.45217391304348,"Kettle Creek",18.7158163988658,4.18890831758034,-0.437283790170131,0.263265595463138,46
2018,19.5978804347826,5.23119565217391,"Kettle Creek",18.7158163988658,4.18890831758034,0.882064035916827,1.04228733459357,46
1992,14.9740760869565,4.63510869565217,"Skytop",16.7396420132325,4.27179584120983,-1.76556592627599,0.363312854442344,46
1993,16.8398369565217,1.24521739130435,"Skytop",16.7396420132325,4.27179584120983,0.100194943289225,-3.02657844990548,46
1994,16.2820108695652,4.4254347826087,"Skytop",16.7396420132325,4.27179584120983,-0.4576311436673,0.153638941398865,46
1995,16.0889673913043,2.75652173913043,"Skytop",16.7396420132325,4.27179584120983,-0.650674621928168,-1.51527410207939,46
1996,15.8552173913043,5.35576086956522,"Skytop",16.7396420132325,4.27179584120983,-0.884424621928167,1.08396502835539,46
1997,15.3580434782609,2.27934782608696,"Skytop",16.7396420132325,4.27179584120983,-1.38159853497165,-1.99244801512287,46
1998,17.1291847826087,4.58804347826087,"Skytop",16.7396420132325,4.27179584120983,0.389542769376181,0.31624763705104,46
1999,17.9217934782609,1.71086956521739,"Skytop",16.7396420132325,4.27179584120983,1.18215146502835,-2.56092627599244,46
2000,15.88375,4.91076086956522,"Skytop",16.7396420132325,4.27179584120983,-0.855892013232515,0.638965028355388,46
2001,16.2077173913043,3.39336956521739,"Skytop",16.7396420132325,4.27179584120983,-0.531924621928169,-0.878426275992438,46
2002,16.6621739130435,4.41608695652174,"Skytop",16.7396420132325,4.27179584120983,-0.0774681001890372,0.144291115311909,46
2003,16.3960326086957,5.12891304347826,"Skytop",16.7396420132325,4.27179584120983,-0.343609404536863,0.857117202268431,46
2004,17.0259782608696,4.23608695652174,"Skytop",16.7396420132325,4.27179584120983,0.286336247637049,-0.0357088846880904,46
2005,17.0121195652174,2.28119565217391,"Skytop",16.7396420132325,4.27179584120983,0.272477551984874,-1.99060018903592,46
2006,17.1740760869565,5.74217391304348,"Skytop",16.7396420132325,4.27179584120983,0.434434073724006,1.47037807183365,46
2007,17.1226630434783,4.19619565217391,"Skytop",16.7396420132325,4.27179584120983,0.383021030245747,-0.0756001890359164,46
2008,16.2402173913043,3.74108695652174,"Skytop",16.7396420132325,4.27179584120983,-0.499424621928167,-0.530708884688091,46
2009,15.9684782608696,4.93771739130435,"Skytop",16.7396420132325,4.27179584120983,-0.77116375236295,0.665921550094518,46
2010,18.3838586956522,2.77336956521739,"Skytop",16.7396420132325,4.27179584120983,1.64421668241966,-1.49842627599244,46
2011,18.0741847826087,5.02804347826087,"Skytop",16.7396420132325,4.27179584120983,1.33454276937618,0.75624763705104,46
2012,18.1398369565217,4.01021739130435,"Skytop",16.7396420132325,4.27179584120983,1.40019494328922,-0.261578449905482,46
2013,17.7696739130435,5.965,"Skytop",16.7396420132325,4.27179584120983,1.03003189981096,1.69320415879017,46
2014,17.0716847826087,4.19086956521739,"Skytop",16.7396420132325,4.27179584120983,0.33204276937618,-0.0809262759924385,46
2015,17.8540760869565,4.62782608695652,"Skytop",16.7396420132325,4.27179584120983,1.11443407372401,0.356030245746692,46
2016,16.2796195652174,4.33695652173913,"Skytop",16.7396420132325,4.27179584120983,-0.460022448015124,0.0651606805293001,46
2017,16.0398369565217,4.68315217391304,"Skytop",16.7396420132325,4.27179584120983,-0.699805056710776,0.411356332703214,46
2018,17.6951630434783,5.90369565217391,"Skytop",16.7396420132325,4.27179584120983,0.955521030245745,1.63189981096408,46
1992,19.921847826087,3.26184782608696,"Adventure",21.8164626654064,3.72166587901701,-1.89461483931947,-0.459818052930057,46
1993,22.3079891304348,1.57869565217391,"Adventure",21.8164626654064,3.72166587901701,0.491526465028358,-2.1429702268431,46
1994,21.9213586956522,3.62847826086957,"Adventure",21.8164626654064,3.72166587901701,0.104896030245747,-0.0931876181474478,46
1995,21.7938043478261,3.09152173913043,"Adventure",21.8164626654064,3.72166587901701,-0.0226583175803405,-0.630144139886578,46
1996,20.6951086956522,5.30336956521739,"Adventure",21.8164626654064,3.72166587901701,-1.12135396975425,1.58170368620038,46
1997,20.5045652173913,1.91902173913043,"Adventure",21.8164626654064,3.72166587901701,-1.31189744801512,-1.80264413988658,46
1998,21.7767934782609,3.00836956521739,"Adventure",21.8164626654064,3.72166587901701,-0.0396691871455559,-0.713296313799622,46
1999,22.149347826087,1.48989130434783,"Adventure",21.8164626654064,3.72166587901701,0.332885160680529,-2.23177457466919,46
2000,21.1115217391304,3.4879347826087,"Adventure",21.8164626654064,3.72166587901701,-0.704940926275992,-0.233731096408317,46
2001,20.9129891304348,4.14336956521739,"Adventure",21.8164626654064,3.72166587901701,-0.903473534971642,0.421703686200378,46
2002,21.6851086956522,2.47608695652174,"Adventure",21.8164626654064,3.72166587901701,-0.131353969754251,-1.24557892249527,46
2003,20.176847826087,6.33097826086957,"Adventure",21.8164626654064,3.72166587901701,-1.63961483931947,2.60931238185255,46
2004,22.249347826087,4.00108695652174,"Adventure",21.8164626654064,3.72166587901701,0.432885160680531,0.279421077504726,46
2005,20.9042934782609,4.1845652173913,"Adventure",21.8164626654064,3.72166587901701,-0.912169187145558,0.462899338374291,46
2006,21.6807065217391,4.53391304347826,"Adventure",21.8164626654064,3.72166587901701,-0.135756143667297,0.812247164461248,46
2007,22.0683152173913,1.52010869565217,"Adventure",21.8164626654064,3.72166587901701,0.251852551984879,-2.20155718336484,46
2008,21.25375,3.96097826086956,"Adventure",21.8164626654064,3.72166587901701,-0.562712665406426,0.239312381852552,46
2009,21.1119565217391,5.30086956521739,"Adventure",21.8164626654064,3.72166587901701,-0.704506143667295,1.57920368620038,46
2010,23.5385869565217,3.03695652173913,"Adventure",21.8164626654064,3.72166587901701,1.72212429111531,-0.684709357277883,46
2011,23.3533695652174,2.38978260869565,"Adventure",21.8164626654064,3.72166587901701,1.53690689981097,-1.33188327032136,46
2012,22.9233695652174,3.20923913043478,"Adventure",21.8164626654064,3.72166587901701,1.10690689981097,-0.51242674858223,46
2013,21.7642391304348,4.81630434782609,"Adventure",21.8164626654064,3.72166587901701,-0.0522235349716453,1.09463846880907,46
2014,21.6013586956522,4.20869565217391,"Adventure",21.8164626654064,3.72166587901701,-0.215103969754253,0.4870297731569,46
2015,22.7574456521739,4.04391304347826,"Adventure",21.8164626654064,3.72166587901701,0.940982986767487,0.322247164461248,46
2016,21.6279347826087,4.8554347826087,"Adventure",21.8164626654064,3.72166587901701,-0.188527882797729,1.13376890359168,46
2017,21.7634239130435,4.27467391304348,"Adventure",21.8164626654064,3.72166587901701,-0.0530387523629479,0.553008034026465,46
2018,22.7053260869565,6.3070652173913,"Adventure",21.8164626654064,3.72166587901701,0.888863421550095,2.58539933837429,46
1992,17.4864130434783,3.27163043478261,"S. Fork Potomac River",18.9933258506616,3.40315217391304,-1.50691280718337,-0.131521739130435,46
1993,19.1941847826087,1.62467391304348,"S. Fork Potomac River",18.9933258506616,3.40315217391304,0.200858931947067,-1.77847826086957,46
1994,18.4365217391304,3.29010869565217,"S. Fork Potomac River",18.9933258506616,3.40315217391304,-0.556804111531193,-0.113043478260869,46
1995,18.9710869565217,4.12,"S. Fork Potomac River",18.9933258506616,3.40315217391304,-0.022238894139889,0.716847826086957,46
1996,18.2721739130435,5.64913043478261,"S. Fork Potomac River",18.9933258506616,3.40315217391304,-0.721151937618149,2.24597826086957,46
1997,17.5020652173913,2.83695652173913,"S. Fork Potomac River",18.9933258506616,3.40315217391304,-1.49126063327032,-0.566195652173913,46
1998,19.3574456521739,2.65032608695652,"S. Fork Potomac River",18.9933258506616,3.40315217391304,0.364119801512285,-0.752826086956522,46
1999,19.5507065217391,1.145,"S. Fork Potomac River",18.9933258506616,3.40315217391304,0.557380671077503,-2.25815217391304,46
2000,18.9176086956522,3.59315217391304,"S. Fork Potomac River",18.9933258506616,3.40315217391304,-0.0757171550094533,0.19,46
2001,18.0169565217391,4.18858695652174,"S. Fork Potomac River",18.9933258506616,3.40315217391304,-0.976369328922498,0.785434782608696,46
2002,18.8063043478261,2.43989130434783,"S. Fork Potomac River",18.9933258506616,3.40315217391304,-0.187021502835542,-0.963260869565218,46
2003,17.5601086956522,5.22076086956522,"S. Fork Potomac River",18.9933258506616,3.40315217391304,-1.43321715500945,1.81760869565217,46
2004,19.3938586956522,3.43586956521739,"S. Fork Potomac River",18.9933258506616,3.40315217391304,0.400532844990547,0.0327173913043479,46
2005,18.6677717391304,2.47217391304348,"S. Fork Potomac River",18.9933258506616,3.40315217391304,-0.325554111531194,-0.930978260869565,46
2006,18.0128804347826,3.62641304347826,"S. Fork Potomac River",18.9933258506616,3.40315217391304,-0.980445415879018,0.223260869565217,46
2007,18.9108152173913,2.85108695652174,"S. Fork Potomac River",18.9933258506616,3.40315217391304,-0.0825106332703207,-0.552065217391304,46
2008,18.5577717391304,4.13141304347826,"S. Fork Potomac River",18.9933258506616,3.40315217391304,-0.435554111531193,0.728260869565218,46
2009,18.004347826087,3.25619565217391,"S. Fork Potomac River",18.9933258506616,3.40315217391304,-0.988978024574671,-0.14695652173913,46
2010,20.2558695652174,2.12076086956522,"S. Fork Potomac River",18.9933258506616,3.40315217391304,1.26254371455576,-1.28239130434783,46
2011,19.8867391304348,3.10510869565217,"S. Fork Potomac River",18.9933258506616,3.40315217391304,0.893413279773156,-0.298043478260869,46
2012,19.8825543478261,3.70597826086957,"S. Fork Potomac River",18.9933258506616,3.40315217391304,0.88922849716446,0.302826086956522,46
2013,18.8274456521739,4.58489130434783,"S. Fork Potomac River",18.9933258506616,3.40315217391304,-0.165880198487713,1.18173913043478,46
2014,18.7794565217391,3.43184782608696,"S. Fork Potomac River",18.9933258506616,3.40315217391304,-0.213869328922495,0.028695652173913,46
2015,20.0280434782609,3.81902173913043,"S. Fork Potomac River",18.9933258506616,3.40315217391304,1.03471762759924,0.415869565217391,46
2016,18.9941304347826,4.82380434782609,"S. Fork Potomac River",18.9933258506616,3.40315217391304,0.000804584120981389,1.42065217391304,46
2017,18.7385869565217,3.32108695652174,"S. Fork Potomac River",18.9933258506616,3.40315217391304,-0.254738894139887,-0.0820652173913041,46
2018,20.2488586956522,5.85858695652174,"S. Fork Potomac River",18.9933258506616,3.40315217391304,1.25553284499055,2.4554347826087,46
1992,16.9620652173913,3.77804347826087,"Beaver Creek",18.5328508979206,3.60789461247637,-1.5707856805293,0.170148865784499,46
1993,18.7264673913043,1.64663043478261,"Beaver Creek",18.5328508979206,3.60789461247637,0.193616493383743,-1.96126417769376,46
1994,17.8932608695652,3.3170652173913,"Beaver Creek",18.5328508979206,3.60789461247637,-0.639590028355386,-0.290829395085066,46
1995,18.4014130434783,4.38141304347826,"Beaver Creek",18.5328508979206,3.60789461247637,-0.131437854442343,0.773518431001891,46
1996,17.8002717391304,5.92760869565217,"Beaver Creek",18.5328508979206,3.60789461247637,-0.73257915879017,2.3197140831758,46
1997,17.0673369565217,2.81380434782609,"Beaver Creek",18.5328508979206,3.60789461247637,-1.46551394139886,-0.794090264650284,46
1998,18.8892391304348,2.6154347826087,"Beaver Creek",18.5328508979206,3.60789461247637,0.356388232514178,-0.992459829867675,46
1999,19.1394565217391,1.18315217391304,"Beaver Creek",18.5328508979206,3.60789461247637,0.606605623818528,-2.42474243856333,46
2000,18.4854891304348,4.02978260869565,"Beaver Creek",18.5328508979206,3.60789461247637,-0.0473617674858211,0.421887996219282,46
2001,17.5614673913043,4.29586956521739,"Beaver Creek",18.5328508979206,3.60789461247637,-0.971383506616256,0.68797495274102,46
2002,18.4202717391304,2.56108695652174,"Beaver Creek",18.5328508979206,3.60789461247637,-0.112579158790169,-1.04680765595463,46
2003,17.1735326086957,5.40608695652174,"Beaver Creek",18.5328508979206,3.60789461247637,-1.35931828922495,1.79819234404537,46
2004,19.0160326086957,3.61836956521739,"Beaver Creek",18.5328508979206,3.60789461247637,0.48318171077505,0.0104749527410211,46
2005,18.1725543478261,2.51902173913043,"Beaver Creek",18.5328508979206,3.60789461247637,-0.360296550094517,-1.08887287334594,46
2006,17.5370652173913,3.73369565217391,"Beaver Creek",18.5328508979206,3.60789461247637,-0.995785680529298,0.125801039697543,46
2007,18.48,2.94880434782609,"Beaver Creek",18.5328508979206,3.60789461247637,-0.052850897920603,-0.659090264650283,46
2008,18.0704891304348,4.08358695652174,"Beaver Creek",18.5328508979206,3.60789461247637,-0.46236176748582,0.475692344045369,46
2009,17.5608695652174,4.07597826086957,"Beaver Creek",18.5328508979206,3.60789461247637,-0.971981332703212,0.468083648393195,46
2010,19.8532608695652,2.78304347826087,"Beaver Creek",18.5328508979206,3.60789461247637,1.32040997164462,-0.824851134215501,46
2011,19.4039130434783,3.18054347826087,"Beaver Creek",18.5328508979206,3.60789461247637,0.871062145557659,-0.427351134215501,46
2012,19.4234239130435,3.96173913043478,"Beaver Creek",18.5328508979206,3.60789461247637,0.890573015122875,0.353844517958412,46
2013,18.3576086956522,4.8029347826087,"Beaver Creek",18.5328508979206,3.60789461247637,-0.175242202268429,1.19504017013233,46
2014,18.2797282608696,3.58586956521739,"Beaver Creek",18.5328508979206,3.60789461247637,-0.253122637051039,-0.0220250472589791,46
2015,19.5020652173913,3.59641304347826,"Beaver Creek",18.5328508979206,3.60789461247637,0.969214319470701,-0.0114815689981098,46
2016,18.4809782608696,5.06771739130435,"Beaver Creek",18.5328508979206,3.60789461247637,-0.0518726370510372,1.45982277882798,46
2017,18.2547282608696,3.93217391304348,"Beaver Creek",18.5328508979206,3.60789461247637,-0.278122637051037,0.324279300567108,46
2018,19.8833695652174,6.09967391304348,"Beaver Creek",18.5328508979206,3.60789461247637,1.35051866729679,2.49177930056711,46
1992,18.7872826086957,3.64347826086957,"Flat Rock Brook Nat. Asoc",20.5337405482042,3.87444943289225,-1.74645793950851,-0.230971172022684,46
1993,21.0875,1.70141304347826,"Flat Rock Brook Nat. Asoc",20.5337405482042,3.87444943289225,0.553759451795841,-2.17303638941399,46
1994,20.8258152173913,3.64152173913043,"Flat Rock Brook Nat. Asoc",20.5337405482042,3.87444943289225,0.292074669187148,-0.232927693761815,46
1995,20.1940760869565,3.12163043478261,"Flat Rock Brook Nat. Asoc",20.5337405482042,3.87444943289225,-0.339664461247636,-0.752818998109641,46
1996,19.2298369565217,4.03315217391304,"Flat Rock Brook Nat. Asoc",20.5337405482042,3.87444943289225,-1.30390359168242,0.158702741020794,46
1997,19.3049456521739,3.58815217391304,"Flat Rock Brook Nat. Asoc",20.5337405482042,3.87444943289225,-1.22879489603024,-0.286297258979206,46
1998,20.2744565217391,3.77065217391304,"Flat Rock Brook Nat. Asoc",20.5337405482042,3.87444943289225,-0.259284026465028,-0.103797258979206,46
1999,21.2692391304348,1.69521739130435,"Flat Rock Brook Nat. Asoc",20.5337405482042,3.87444943289225,0.735498582230626,-2.1792320415879,46
2000,19.4070652173913,4.8095652173913,"Flat Rock Brook Nat. Asoc",20.5337405482042,3.87444943289225,-1.12667533081285,0.935115784499055,46
2001,19.92,3.3675,"Flat Rock Brook Nat. Asoc",20.5337405482042,3.87444943289225,-0.613740548204156,-0.506949432892249,46
2002,20.3246739130435,3.19184782608696,"Flat Rock Brook Nat. Asoc",20.5337405482042,3.87444943289225,-0.209066635160678,-0.682601606805293,46
2003,19.0089673913043,4.96478260869565,"Flat Rock Brook Nat. Asoc",20.5337405482042,3.87444943289225,-1.52477315689981,1.0903331758034,46
2004,20.3885869565217,5.03239130434783,"Flat Rock Brook Nat. Asoc",20.5337405482042,3.87444943289225,-0.145153591682419,1.15794187145558,46
2005,20.4620652173913,2.22858695652174,"Flat Rock Brook Nat. Asoc",20.5337405482042,3.87444943289225,-0.0716753308128517,-1.64586247637051,46
2006,20.9324456521739,4.97989130434783,"Flat Rock Brook Nat. Asoc",20.5337405482042,3.87444943289225,0.398705103969757,1.10544187145558,46
2007,20.7834782608696,3.90086956521739,"Flat Rock Brook Nat. Asoc",20.5337405482042,3.87444943289225,0.249737712665407,0.0264201323251418,46
2008,20.5997826086957,3.36315217391304,"Flat Rock Brook Nat. Asoc",20.5337405482042,3.87444943289225,0.066042060491494,-0.511297258979206,46
2009,19.2746739130435,5.87630434782609,"Flat Rock Brook Nat. Asoc",20.5337405482042,3.87444943289225,-1.25906663516068,2.00185491493384,46
2010,22.4176086956522,2.85141304347826,"Flat Rock Brook Nat. Asoc",20.5337405482042,3.87444943289225,1.88386814744802,-1.02303638941399,46
2011,21.6884782608696,3.56467391304348,"Flat Rock Brook Nat. Asoc",20.5337405482042,3.87444943289225,1.15473771266541,-0.309775519848771,46
2012,21.4600543478261,4.19521739130435,"Flat Rock Brook Nat. Asoc",20.5337405482042,3.87444943289225,0.92631379962193,0.320767958412098,46
2013,21.2310869565217,5.60478260869565,"Flat Rock Brook Nat. Asoc",20.5337405482042,3.87444943289225,0.697346408317582,1.7303331758034,46
2014,20.6760326086957,4.31576086956522,"Flat Rock Brook Nat. Asoc",20.5337405482042,3.87444943289225,0.142292060491496,0.441311436672968,46
2015,21.3714673913043,3.0445652173913,"Flat Rock Brook Nat. Asoc",20.5337405482042,3.87444943289225,0.837726843100189,-0.829884215500945,46
2016,20.81625,3.39771739130435,"Flat Rock Brook Nat. Asoc",20.5337405482042,3.87444943289225,0.282509451795843,-0.476732041587902,46
2017,20.170652173913,4.26934782608696,"Flat Rock Brook Nat. Asoc",20.5337405482042,3.87444943289225,-0.363088374291113,0.394898393194707,46
2018,21.3723913043478,3.6695652173913,"Flat Rock Brook Nat. Asoc",20.5337405482042,3.87444943289225,0.838650756143668,-0.204884215500945,46
1992,18.4704347826087,3.62282608695652,"South Shore Nature Center",19.9573275047259,3.14030245746692,-1.4868927221172,0.482523629489603,46
1993,20.5283695652174,1.58663043478261,"South Shore Nature Center",19.9573275047259,3.14030245746692,0.571042060491493,-1.55367202268431,46
1994,20.3000543478261,1.7079347826087,"South Shore Nature Center",19.9573275047259,3.14030245746692,0.342726843100188,-1.43236767485822,46
1995,19.6790217391304,2.57489130434783,"South Shore Nature Center",19.9573275047259,3.14030245746692,-0.278305765595466,-0.565411153119093,46
1996,19.0383152173913,3.82032608695652,"South Shore Nature Center",19.9573275047259,3.14030245746692,-0.919012287334596,0.680023629489603,46
1997,19.1848913043478,2.48010869565217,"South Shore Nature Center",19.9573275047259,3.14030245746692,-0.772436200378074,-0.660193761814745,46
1998,20.3413586956522,4.83228260869565,"South Shore Nature Center",19.9573275047259,3.14030245746692,0.384031190926276,1.69198015122873,46
1999,21.2583695652174,1.24478260869565,"South Shore Nature Center",19.9573275047259,3.14030245746692,1.30104206049149,-1.89551984877127,46
2000,18.9895108695652,3.24760869565217,"South Shore Nature Center",19.9573275047259,3.14030245746692,-0.967816635160681,0.107306238185255,46
2001,19.4826086956522,2.53880434782609,"South Shore Nature Center",19.9573275047259,3.14030245746692,-0.474718809073725,-0.601498109640832,46
2002,19.8474456521739,1.80445652173913,"South Shore Nature Center",19.9573275047259,3.14030245746692,-0.109881852551986,-1.33584593572779,46
2003,18.7847282608696,4.39652173913043,"South Shore Nature Center",19.9573275047259,3.14030245746692,-1.17259924385634,1.25621928166352,46
2004,19.3295108695652,1.73336956521739,"South Shore Nature Center",19.9573275047259,3.14030245746692,-0.627816635160681,-1.40693289224953,46
2005,19.0533152173913,1.75445652173913,"South Shore Nature Center",19.9573275047259,3.14030245746692,-0.904012287334595,-1.38584593572779,46
2006,20.1926086956522,4.1120652173913,"South Shore Nature Center",19.9573275047259,3.14030245746692,0.235281190926276,0.971762759924386,46
2007,19.7671195652174,3.09608695652174,"South Shore Nature Center",19.9573275047259,3.14030245746692,-0.190207939508507,-0.0442155009451795,46
2008,19.7128804347826,2.6475,"South Shore Nature Center",19.9573275047259,3.14030245746692,-0.244447069943291,-0.492802457466919,46
2009,18.5942391304348,6.02282608695652,"South Shore Nature Center",19.9573275047259,3.14030245746692,-1.36308837429112,2.8825236294896,46
2010,22.1157065217391,1.97,"South Shore Nature Center",19.9573275047259,3.14030245746692,2.15837901701323,-1.17030245746692,46
2011,21.6297282608696,2.63945652173913,"South Shore Nature Center",19.9573275047259,3.14030245746692,1.67240075614367,-0.500845935727788,46
2012,20.59625,4.71760869565217,"South Shore Nature Center",19.9573275047259,3.14030245746692,0.638922495274102,1.57730623818526,46
2013,20.4826086956522,3.56858695652174,"South Shore Nature Center",19.9573275047259,3.14030245746692,0.525281190926275,0.42828449905482,46
2014,19.9338586956522,2.94413043478261,"South Shore Nature Center",19.9573275047259,3.14030245746692,-0.0234688090737265,-0.19617202268431,46
2015,20.5261956521739,1.83163043478261,"South Shore Nature Center",19.9573275047259,3.14030245746692,0.568868147448015,-1.30867202268431,46
2016,19.9976630434783,2.56641304347826,"South Shore Nature Center",19.9573275047259,3.14030245746692,0.0403355387523625,-0.573889413988658,46
2017,19.5904891304348,3.25967391304348,"South Shore Nature Center",19.9573275047259,3.14030245746692,-0.366838374291117,0.11937145557656,46
2018,20.3529347826087,2.87847826086957,"South Shore Nature Center",19.9573275047259,3.14030245746692,0.395607277882796,-0.261824196597353,46
1992,16.8725,3.67,"Trinity College Field Sta",18.30577268431,3.68141540642722,-1.43327268431002,-0.0114154064272212,46
1993,18.3683695652174,2.11684782608696,"Trinity College Field Sta",18.30577268431,3.68141540642722,0.0625968809073747,-1.56456758034026,46
1994,18.8371195652174,2.75684782608696,"Trinity College Field Sta",18.30577268431,3.68141540642722,0.531346880907375,-0.924567580340264,46
1995,18.1314130434783,2.40619565217391,"Trinity College Field Sta",18.30577268431,3.68141540642722,-0.174359640831756,-1.27521975425331,46
1996,17.4816847826087,3.64336956521739,"Trinity College Field Sta",18.30577268431,3.68141540642722,-0.824087901701322,-0.0380458412098297,46
1997,17.1978804347826,2.06326086956522,"Trinity College Field Sta",18.30577268431,3.68141540642722,-1.10789224952741,-1.618154536862,46
1998,18.4101630434783,5.16532608695652,"Trinity College Field Sta",18.30577268431,3.68141540642722,0.104390359168242,1.4839106805293,46
1999,19.3878260869565,2.32467391304348,"Trinity College Field Sta",18.30577268431,3.68141540642722,1.0820534026465,-1.35674149338374,46
2000,17.3548369565217,3.95326086956522,"Trinity College Field Sta",18.30577268431,3.68141540642722,-0.950935727788277,0.271845463137996,46
2001,18.4526630434783,3.27717391304348,"Trinity College Field Sta",18.30577268431,3.68141540642722,0.146890359168243,-0.404241493383743,46
2002,17.6322826086957,3.41076086956522,"Trinity College Field Sta",18.30577268431,3.68141540642722,-0.673490075614367,-0.270654536862004,46
2003,17.4658695652174,4.34695652173913,"Trinity College Field Sta",18.30577268431,3.68141540642722,-0.839903119092625,0.66554111531191,46
2004,18.000597826087,2.7454347826087,"Trinity College Field Sta",18.30577268431,3.68141540642722,-0.305174858223062,-0.935980623818526,46
2005,17.9458695652174,2.20141304347826,"Trinity College Field Sta",18.30577268431,3.68141540642722,-0.359903119092625,-1.48000236294896,46
2006,18.7734782608696,5.78434782608696,"Trinity College Field Sta",18.30577268431,3.68141540642722,0.467705576559549,2.10293241965974,46
2007,18.3340217391304,2.31326086956522,"Trinity College Field Sta",18.30577268431,3.68141540642722,0.0282490548204173,-1.368154536862,46
2008,18.1125543478261,3.57108695652174,"Trinity College Field Sta",18.30577268431,3.68141540642722,-0.19321833648393,-0.110328449905482,46
2009,17.1669565217391,5.60597826086957,"Trinity College Field Sta",18.30577268431,3.68141540642722,-1.13881616257089,1.92456285444234,46
2010,19.7075,2.92315217391304,"Trinity College Field Sta",18.30577268431,3.68141540642722,1.40172731568998,-0.758263232514178,46
2011,18.8690217391304,4.24152173913043,"Trinity College Field Sta",18.30577268431,3.68141540642722,0.563249054820417,0.560106332703214,46
2012,19.0215760869565,3.60652173913043,"Trinity College Field Sta",18.30577268431,3.68141540642722,0.715803402646504,-0.0748936672967861,46
2013,19.2726630434783,5.52391304347826,"Trinity College Field Sta",18.30577268431,3.68141540642722,0.966890359168243,1.84249763705104,46
2014,18.1130434782609,2.45217391304348,"Trinity College Field Sta",18.30577268431,3.68141540642722,-0.192729206049147,-1.22924149338374,46
2015,18.768152173913,2.93663043478261,"Trinity College Field Sta",18.30577268431,3.68141540642722,0.462379489603027,-0.744784971644612,46
2016,18.6752173913043,2.58141304347826,"Trinity College Field Sta",18.30577268431,3.68141540642722,0.369444706994329,-1.10000236294896,46
2017,18.0261413043478,4.18847826086956,"Trinity College Field Sta",18.30577268431,3.68141540642722,-0.279631379962193,0.507062854442344,46
2018,19.3988043478261,3.37434782608696,"Trinity College Field Sta",18.30577268431,3.68141540642722,1.09303166351607,-0.307067580340265,46
1992,17.0495108695652,3.33695652173913,"CT Aud. Center at Pomfret",18.4473664933837,3.57825850661626,-1.39785562381853,-0.241301984877127,46
1993,18.5388043478261,1.9179347826087,"CT Aud. Center at Pomfret",18.4473664933837,3.57825850661626,0.0914378544423435,-1.66032372400756,46
1994,19.0147282608696,2.41097826086957,"CT Aud. Center at Pomfret",18.4473664933837,3.57825850661626,0.567361767485821,-1.16728024574669,46
1995,18.3259239130435,2.3045652173913,"CT Aud. Center at Pomfret",18.4473664933837,3.57825850661626,-0.121442580340265,-1.27369328922495,46
1996,17.654402173913,3.67478260869565,"CT Aud. Center at Pomfret",18.4473664933837,3.57825850661626,-0.792964319470698,0.0965241020793952,46
1997,17.4630434782609,1.84369565217391,"CT Aud. Center at Pomfret",18.4473664933837,3.57825850661626,-0.984323015122875,-1.73456285444234,46
1998,18.5782065217391,5.56739130434783,"CT Aud. Center at Pomfret",18.4473664933837,3.57825850661626,0.130840028355387,1.98913279773157,46
1999,19.5279347826087,2.12434782608696,"CT Aud. Center at Pomfret",18.4473664933837,3.57825850661626,1.08056828922495,-1.4539106805293,46
2000,17.4815217391304,3.79934782608696,"CT Aud. Center at Pomfret",18.4473664933837,3.57825850661626,-0.965844754253308,0.2210893194707,46
2001,18.62375,3.86695652173913,"CT Aud. Center at Pomfret",18.4473664933837,3.57825850661626,0.176383506616258,0.288698015122874,46
2002,17.6736956521739,3.35141304347826,"CT Aud. Center at Pomfret",18.4473664933837,3.57825850661626,-0.773670841209832,-0.226845463137996,46
2003,17.4641304347826,4.03815217391304,"CT Aud. Center at Pomfret",18.4473664933837,3.57825850661626,-0.983236058601136,0.459893667296786,46
2004,17.9900543478261,2.60804347826087,"CT Aud. Center at Pomfret",18.4473664933837,3.57825850661626,-0.457312145557655,-0.970215028355387,46
2005,17.941902173913,2.22630434782609,"CT Aud. Center at Pomfret",18.4473664933837,3.57825850661626,-0.5054643194707,-1.35195415879017,46
2006,18.8583695652174,6.28815217391304,"CT Aud. Center at Pomfret",18.4473664933837,3.57825850661626,0.411003071833647,2.70989366729679,46
2007,18.4007065217391,2.39630434782609,"CT Aud. Center at Pomfret",18.4473664933837,3.57825850661626,-0.0466599716446119,-1.18195415879017,46
2008,18.4711956521739,3.11641304347826,"CT Aud. Center at Pomfret",18.4473664933837,3.57825850661626,0.0238291587901713,-0.461845463137996,46
2009,17.40875,4.985,"CT Aud. Center at Pomfret",18.4473664933837,3.57825850661626,-1.03861649338374,1.40674149338374,46
2010,20.0177173913043,2.93630434782609,"CT Aud. Center at Pomfret",18.4473664933837,3.57825850661626,1.5703508979206,-0.64195415879017,46
2011,18.9192391304348,3.50467391304348,"CT Aud. Center at Pomfret",18.4473664933837,3.57825850661626,0.471872637051039,-0.0735845935727788,46
2012,19.0423913043478,3.42184782608696,"CT Aud. Center at Pomfret",18.4473664933837,3.57825850661626,0.595024810964084,-0.1564106805293,46
2013,19.5009782608696,5.70934782608696,"CT Aud. Center at Pomfret",18.4473664933837,3.57825850661626,1.05361176748582,2.1310893194707,46
2014,18.3077717391304,2.27586956521739,"CT Aud. Center at Pomfret",18.4473664933837,3.57825850661626,-0.139594754253309,-1.30238894139887,46
2015,18.9030434782609,2.81239130434783,"CT Aud. Center at Pomfret",18.4473664933837,3.57825850661626,0.455676984877126,-0.765867202268431,46
2016,18.7202173913043,2.09565217391304,"CT Aud. Center at Pomfret",18.4473664933837,3.57825850661626,0.272850897920605,-1.48260633270321,46
2017,18.133097826087,4.70717391304348,"CT Aud. Center at Pomfret",18.4473664933837,3.57825850661626,-0.314268667296787,1.12891540642722,46
2018,19.5302173913043,3.17195652173913,"CT Aud. Center at Pomfret",18.4473664933837,3.57825850661626,1.0828508979206,-0.406301984877127,46
1992,18.179347826087,3.505,"Hoffman Center",19.9959747164461,3.51952032136106,-1.81662689035917,-0.0145203213610587,46
1993,20.3526630434783,1.46021739130435,"Hoffman Center",19.9959747164461,3.51952032136106,0.356688327032138,-2.05930293005671,46
1994,20.0972826086957,2.64228260869565,"Hoffman Center",19.9959747164461,3.51952032136106,0.10130789224953,-0.877237712665406,46
1995,19.7675,3.09282608695652,"Hoffman Center",19.9959747164461,3.51952032136106,-0.228474716446126,-0.426694234404537,46
1996,19.0972282608696,3.73065217391304,"Hoffman Center",19.9959747164461,3.51952032136106,-0.898746455576561,0.211131852551985,46
1997,19.0472282608696,3.24826086956522,"Hoffman Center",19.9959747164461,3.51952032136106,-0.948746455576558,-0.271259451795841,46
1998,20.0422826086957,3.76195652173913,"Hoffman Center",19.9959747164461,3.51952032136106,0.0463078922495264,0.242436200378072,46
1999,21.2014130434783,1.74336956521739,"Hoffman Center",19.9959747164461,3.51952032136106,1.20543832703214,-1.77615075614367,46
2000,19.0353260869565,4.30217391304348,"Hoffman Center",19.9959747164461,3.51952032136106,-0.960648629489601,0.782653591682419,46
2001,19.5390217391304,2.87673913043478,"Hoffman Center",19.9959747164461,3.51952032136106,-0.456952977315691,-0.642781190926276,46
2002,19.8535869565217,2.8145652173913,"Hoffman Center",19.9959747164461,3.51952032136106,-0.142387759924386,-0.704955103969754,46
2003,18.670597826087,5.35369565217391,"Hoffman Center",19.9959747164461,3.51952032136106,-1.32537689035917,1.83417533081285,46
2004,19.6417934782609,3.69576086956522,"Hoffman Center",19.9959747164461,3.51952032136106,-0.354181238185255,0.176240548204159,46
2005,19.524347826087,2.32402173913043,"Hoffman Center",19.9959747164461,3.51952032136106,-0.471626890359168,-1.19549858223062,46
2006,20.3125,4.73652173913043,"Hoffman Center",19.9959747164461,3.51952032136106,0.316525283553876,1.21700141776938,46
2007,20.0542934782609,3.38923913043478,"Hoffman Center",19.9959747164461,3.51952032136106,0.0583187618147463,-0.130281190926276,46
2008,20.0009239130435,3.3954347826087,"Hoffman Center",19.9959747164461,3.51952032136106,0.00494919659735515,-0.124085538752363,46
2009,18.7436956521739,5.14391304347826,"Hoffman Center",19.9959747164461,3.51952032136106,-1.25227906427221,1.6243927221172,46
2010,22.1395652173913,2.03804347826087,"Hoffman Center",19.9959747164461,3.51952032136106,2.14359050094518,-1.48147684310019,46
2011,21.313097826087,3.09630434782609,"Hoffman Center",19.9959747164461,3.51952032136106,1.31712310964083,-0.423215973534972,46
2012,20.8024456521739,4.30010869565217,"Hoffman Center",19.9959747164461,3.51952032136106,0.806470935727788,0.780588374291115,46
2013,20.681847826087,4.45336956521739,"Hoffman Center",19.9959747164461,3.51952032136106,0.685873109640831,0.933849243856333,46
2014,20.1247282608696,3.1129347826087,"Hoffman Center",19.9959747164461,3.51952032136106,0.128753544423443,-0.406585538752363,46
2015,20.8446195652174,2.51684782608696,"Hoffman Center",19.9959747164461,3.51952032136106,0.848644848771269,-1.0026724952741,46
2016,20.4017391304348,2.87934782608696,"Hoffman Center",19.9959747164461,3.51952032136106,0.40576441398866,-0.640172495274102,46
2017,19.7769565217391,3.70260869565217,"Hoffman Center",19.9959747164461,3.51952032136106,-0.219018194706994,0.183088374291115,46
2018,20.7067391304348,2.96358695652174,"Hoffman Center",19.9959747164461,3.51952032136106,0.71076441398866,-0.55593336483932,46
1992,17.5770652173913,2.90576086956522,"Five Rivers",19.0310231568998,3.29178402646503,-1.45395793950851,-0.386023156899811,46
1993,18.931847826087,2.03663043478261,"Five Rivers",19.0310231568998,3.29178402646503,-0.0991753308128516,-1.25515359168242,46
1994,19.3163586956522,3.04869565217391,"Five Rivers",19.0310231568998,3.29178402646503,0.285335538752364,-0.243088374291115,46
1995,19.3202173913043,1.58826086956522,"Five Rivers",19.0310231568998,3.29178402646503,0.289194234404537,-1.70352315689981,46
1996,17.9665217391304,4.89902173913043,"Five Rivers",19.0310231568998,3.29178402646503,-1.06450141776937,1.60723771266541,46
1997,17.7461413043478,1.69358695652174,"Five Rivers",19.0310231568998,3.29178402646503,-1.28488185255198,-1.59819706994329,46
1998,19.48125,4.23130434782609,"Five Rivers",19.0310231568998,3.29178402646503,0.450226843100189,0.939520321361059,46
1999,19.7525,2.12728260869565,"Five Rivers",19.0310231568998,3.29178402646503,0.721476843100191,-1.16450141776938,46
2000,17.7446195652174,4.31923913043478,"Five Rivers",19.0310231568998,3.29178402646503,-1.28640359168242,1.02745510396975,46
2001,18.4935869565217,2.96815217391304,"Five Rivers",19.0310231568998,3.29178402646503,-0.537436200378071,-0.323631852551985,46
2002,18.3242934782609,2.72771739130435,"Five Rivers",19.0310231568998,3.29178402646503,-0.70672967863894,-0.56406663516068,46
2003,18.3135326086957,3.72565217391304,"Five Rivers",19.0310231568998,3.29178402646503,-0.717490548204157,0.433868147448015,46
2004,18.8663043478261,3.77163043478261,"Five Rivers",19.0310231568998,3.29178402646503,-0.164718809073722,0.47984640831758,46
2005,19.35875,2.69380434782609,"Five Rivers",19.0310231568998,3.29178402646503,0.327726843100191,-0.597979678638941,46
2006,19.3592391304348,5.11358695652174,"Five Rivers",19.0310231568998,3.29178402646503,0.328215973534974,1.82180293005671,46
2007,19.230652173913,3.46630434782609,"Five Rivers",19.0310231568998,3.29178402646503,0.199629017013233,0.174520321361059,46
2008,18.9030434782609,3.7075,"Five Rivers",19.0310231568998,3.29178402646503,-0.12797967863894,0.415715973534972,46
2009,17.9989673913043,5.07717391304348,"Five Rivers",19.0310231568998,3.29178402646503,-1.03205576559546,1.78538988657845,46
2010,20.3259782608696,2.75010869565217,"Five Rivers",19.0310231568998,3.29178402646503,1.29495510396976,-0.541675330812854,46
2011,19.685597826087,3.61978260869565,"Five Rivers",19.0310231568998,3.29178402646503,0.654574669187145,0.327998582230624,46
2012,20.1184239130435,2.88847826086957,"Five Rivers",19.0310231568998,3.29178402646503,1.08740075614367,-0.403305765595463,46
2013,19.8073369565217,4.94010869565217,"Five Rivers",19.0310231568998,3.29178402646503,0.776313799621928,1.64832466918715,46
2014,18.9210869565217,4.1795652173913,"Five Rivers",19.0310231568998,3.29178402646503,-0.109936200378069,0.887781190926276,46
2015,19.8192391304348,2.69565217391304,"Five Rivers",19.0310231568998,3.29178402646503,0.788215973534971,-0.596131852551985,46
2016,19.3869565217391,2.38380434782609,"Five Rivers",19.0310231568998,3.29178402646503,0.35593336483932,-0.907979678638941,46
2017,18.6110326086957,4.47619565217391,"Five Rivers",19.0310231568998,3.29178402646503,-0.419990548204158,1.18441162570888,46
2018,20.3461956521739,2.77641304347826,"Five Rivers",19.0310231568998,3.29178402646503,1.3151724952741,-0.515370982986767,46
1992,18.2288586956522,3.87597826086957,"Rapidan WMA",20.1368253780718,4.20212429111531,-1.90796668241966,-0.326146030245746,46
1993,20.1189673913043,2.82445652173913,"Rapidan WMA",20.1368253780718,4.20212429111531,-0.0178579867674848,-1.37766776937618,46
1994,19.1632608695652,4.05380434782609,"Rapidan WMA",20.1368253780718,4.20212429111531,-0.973564508506616,-0.148319943289225,46
1995,19.6785326086957,6.12097826086957,"Rapidan WMA",20.1368253780718,4.20212429111531,-0.458292769376182,1.91885396975425,46
1996,18.9367391304348,5.39282608695652,"Rapidan WMA",20.1368253780718,4.20212429111531,-1.20008624763705,1.19070179584121,46
1997,18.4221195652174,3.90195652173913,"Rapidan WMA",20.1368253780718,4.20212429111531,-1.71470581285444,-0.300167769376182,46
1998,19.9684239130435,3.83380434782609,"Rapidan WMA",20.1368253780718,4.20212429111531,-0.168401465028357,-0.368319943289225,46
1999,20.3146739130435,2.3779347826087,"Rapidan WMA",20.1368253780718,4.20212429111531,0.177848534971645,-1.82418950850662,46
2000,19.6246739130435,4.16304347826087,"Rapidan WMA",20.1368253780718,4.20212429111531,-0.512151465028357,-0.0390808128544426,46
2001,18.7428804347826,4.14619565217391,"Rapidan WMA",20.1368253780718,4.20212429111531,-1.39394494328922,-0.0559286389413991,46
2002,20.0040217391304,3.11565217391304,"Rapidan WMA",20.1368253780718,4.20212429111531,-0.1328036389414,-1.08647211720227,46
2003,18.6159239130435,5.92880434782609,"Rapidan WMA",20.1368253780718,4.20212429111531,-1.52090146502836,1.72668005671077,46
2004,20.5307608695652,4.97673913043478,"Rapidan WMA",20.1368253780718,4.20212429111531,0.393935491493384,0.774614839319471,46
2005,19.8679891304348,2.97891304347826,"Rapidan WMA",20.1368253780718,4.20212429111531,-0.268836247637051,-1.22321124763705,46
2006,20.1628260869565,4.53978260869565,"Rapidan WMA",20.1368253780718,4.20212429111531,0.0260007088846876,0.33765831758034,46
2007,20.2352717391304,2.48054347826087,"Rapidan WMA",20.1368253780718,4.20212429111531,0.0984463610586026,-1.72158081285444,46
2008,19.4247282608696,4.45119565217391,"Rapidan WMA",20.1368253780718,4.20212429111531,-0.712097117202269,0.249071361058602,46
2009,19.0797282608696,4.745,"Rapidan WMA",20.1368253780718,4.20212429111531,-1.05709711720227,0.542875708884688,46
2010,22.0330434782609,3.04717391304348,"Rapidan WMA",20.1368253780718,4.20212429111531,1.89621810018904,-1.15495037807183,46
2011,21.4848913043478,3.65554347826087,"Rapidan WMA",20.1368253780718,4.20212429111531,1.34806592627599,-0.546580812854442,46
2012,21.611847826087,3.82,"Rapidan WMA",20.1368253780718,4.20212429111531,1.47502244801512,-0.382124291115312,46
2013,20.2963043478261,5.89565217391304,"Rapidan WMA",20.1368253780718,4.20212429111531,0.159478969754254,1.69352788279773,46
2014,20.5192391304348,4.40358695652174,"Rapidan WMA",20.1368253780718,4.20212429111531,0.38241375236295,0.201462665406427,46
2015,21.4000543478261,3.7170652173913,"Rapidan WMA",20.1368253780718,4.20212429111531,1.26322896975426,-0.485059073724007,46
2016,20.4601086956522,5.54130434782609,"Rapidan WMA",20.1368253780718,4.20212429111531,0.323283317580341,1.33918005671078,46
2017,20.5891304347826,4.38282608695652,"Rapidan WMA",20.1368253780718,4.20212429111531,0.452305056710774,0.18070179584121,46
2018,21.8291304347826,8.2879347826087,"Rapidan WMA",20.1368253780718,4.20212429111531,1.69230505671078,4.08581049149338,46
1992,18.56625,3.83478260869565,"Queens College Center",20.1768253780718,3.53422967863894,-1.61057537807183,0.300552930056711,46
1993,20.6366847826087,1.45130434782609,"Queens College Center",20.1768253780718,3.53422967863894,0.459859404536864,-2.08292533081285,46
1994,20.5417934782609,2.57760869565217,"Queens College Center",20.1768253780718,3.53422967863894,0.364968100189039,-0.956620982986768,46
1995,20.0125,2.56369565217391,"Queens College Center",20.1768253780718,3.53422967863894,-0.164325378071833,-0.970534026465028,46
1996,19.1792391304348,4.02423913043478,"Queens College Center",20.1768253780718,3.53422967863894,-0.997586247637049,0.490009451795841,46
1997,19.1769565217391,3.49065217391304,"Queens College Center",20.1768253780718,3.53422967863894,-0.999868856332704,-0.0435775047258979,46
1998,20.1339130434783,4.01826086956522,"Queens College Center",20.1768253780718,3.53422967863894,-0.04291233459357,0.484031190926276,46
1999,21.4833152173913,1.86010869565217,"Queens College Center",20.1768253780718,3.53422967863894,1.30648983931947,-1.67412098298677,46
2000,19.2450543478261,4.24086956521739,"Queens College Center",20.1768253780718,3.53422967863894,-0.931771030245745,0.70663988657845,46
2001,19.8005434782609,2.94532608695652,"Queens College Center",20.1768253780718,3.53422967863894,-0.376281899810962,-0.58890359168242,46
2002,19.975,3.18771739130435,"Queens College Center",20.1768253780718,3.53422967863894,-0.201825378071831,-0.346512287334594,46
2003,18.8421195652174,5.36989130434783,"Queens College Center",20.1768253780718,3.53422967863894,-1.33470581285444,1.83566162570888,46
2004,19.8544565217391,3.64945652173913,"Queens College Center",20.1768253780718,3.53422967863894,-0.322368856332702,0.115226843100189,46
2005,19.7383695652174,2.71,"Queens College Center",20.1768253780718,3.53422967863894,-0.438455812854443,-0.824229678638941,46
2006,20.4435869565217,5.45010869565217,"Queens College Center",20.1768253780718,3.53422967863894,0.266761578449906,1.91587901701323,46
2007,20.2396739130435,3.10728260869565,"Queens College Center",20.1768253780718,3.53422967863894,0.0628485349716463,-0.426947069943289,46
2008,20.1998913043478,3.42054347826087,"Queens College Center",20.1768253780718,3.53422967863894,0.0230659262759936,-0.113686200378072,46
2009,18.894402173913,4.47141304347826,"Queens College Center",20.1768253780718,3.53422967863894,-1.28242320415879,0.93718336483932,46
2010,21.9608152173913,2.37021739130435,"Queens College Center",20.1768253780718,3.53422967863894,1.78398983931947,-1.16401228733459,46
2011,21.2188586956522,3.49097826086957,"Queens College Center",20.1768253780718,3.53422967863894,1.04203331758034,-0.0432514177693761,46
2012,20.9602717391304,4.06228260869565,"Queens College Center",20.1768253780718,3.53422967863894,0.783446361058601,0.528052930056711,46
2013,20.8301086956522,4.495,"Queens College Center",20.1768253780718,3.53422967863894,0.653283317580343,0.960770321361059,46
2014,20.2765217391304,3.05695652173913,"Queens College Center",20.1768253780718,3.53422967863894,0.0996963610586015,-0.477273156899811,46
2015,20.8348913043478,2.55695652173913,"Queens College Center",20.1768253780718,3.53422967863894,0.658065926275995,-0.977273156899811,46
2016,20.5047826086957,2.70391304347826,"Queens College Center",20.1768253780718,3.53422967863894,0.32795723062382,-0.83031663516068,46
2017,19.926847826087,3.44271739130435,"Queens College Center",20.1768253780718,3.53422967863894,-0.249977551984877,-0.0915122873345937,46
2018,20.9848913043478,3.16597826086957,"Queens College Center",20.1768253780718,3.53422967863894,0.808065926275994,-0.368251417769376,46
1992,19.4191847826087,3.5245652173913,"NSVAS - Blandy",21.0139402173913,3.40858695652174,-1.59475543478261,0.115978260869565,46
1993,21.5588043478261,2.13271739130435,"NSVAS - Blandy",21.0139402173913,3.40858695652174,0.544864130434782,-1.27586956521739,46
1994,20.7789130434783,2.7570652173913,"NSVAS - Blandy",21.0139402173913,3.40858695652174,-0.235027173913043,-0.651521739130435,46
1995,20.9816847826087,3.82597826086957,"NSVAS - Blandy",21.0139402173913,3.40858695652174,-0.0322554347826092,0.417391304347826,46
1996,20.0346195652174,5.24967391304348,"NSVAS - Blandy",21.0139402173913,3.40858695652174,-0.979320652173914,1.84108695652174,46
1997,19.6977173913043,2.0025,"NSVAS - Blandy",21.0139402173913,3.40858695652174,-1.31622282608696,-1.40608695652174,46
1998,21.3007608695652,2.95858695652174,"NSVAS - Blandy",21.0139402173913,3.40858695652174,0.286820652173912,-0.45,46
1999,21.6023369565217,1.60108695652174,"NSVAS - Blandy",21.0139402173913,3.40858695652174,0.588396739130435,-1.8075,46
2000,20.6385326086957,2.80641304347826,"NSVAS - Blandy",21.0139402173913,3.40858695652174,-0.375407608695653,-0.602173913043478,46
2001,19.9073369565217,3.7720652173913,"NSVAS - Blandy",21.0139402173913,3.40858695652174,-1.10660326086957,0.363478260869565,46
2002,20.8791304347826,3.80641304347826,"NSVAS - Blandy",21.0139402173913,3.40858695652174,-0.134809782608695,0.397826086956522,46
2003,19.650652173913,5.88271739130435,"NSVAS - Blandy",21.0139402173913,3.40858695652174,-1.36328804347826,2.47413043478261,46
2004,21.4847282608696,3.76467391304348,"NSVAS - Blandy",21.0139402173913,3.40858695652174,0.470788043478262,0.356086956521739,46
2005,20.4742934782609,3.40445652173913,"NSVAS - Blandy",21.0139402173913,3.40858695652174,-0.539646739130436,-0.00413043478260855,46
2006,20.7225,3.31369565217391,"NSVAS - Blandy",21.0139402173913,3.40858695652174,-0.291440217391305,-0.0948913043478261,46
2007,21.0335869565217,1.79065217391304,"NSVAS - Blandy",21.0139402173913,3.40858695652174,0.0196467391304331,-1.6179347826087,46
2008,20.254402173913,4.41032608695652,"NSVAS - Blandy",21.0139402173913,3.40858695652174,-0.759538043478262,1.00173913043478,46
2009,19.9790760869565,4.43663043478261,"NSVAS - Blandy",21.0139402173913,3.40858695652174,-1.03486413043478,1.02804347826087,46
2010,22.5466847826087,1.89521739130435,"NSVAS - Blandy",21.0139402173913,3.40858695652174,1.53274456521739,-1.51336956521739,46
2011,22.095652173913,2.82097826086957,"NSVAS - Blandy",21.0139402173913,3.40858695652174,1.08171195652174,-0.587608695652174,46
2012,21.9404347826087,3.30717391304348,"NSVAS - Blandy",21.0139402173913,3.40858695652174,0.926494565217389,-0.101413043478261,46
2013,20.7291304347826,4.13228260869565,"NSVAS - Blandy",21.0139402173913,3.40858695652174,-0.284809782608697,0.723695652173913,46
2014,20.8013043478261,3.92402173913043,"NSVAS - Blandy",21.0139402173913,3.40858695652174,-0.212635869565219,0.515434782608696,46
2015,21.7394565217391,3.31826086956522,"NSVAS - Blandy",21.0139402173913,3.40858695652174,0.725516304347824,-0.0903260869565221,46
2016,20.9974456521739,4.51076086956522,"NSVAS - Blandy",21.0139402173913,3.40858695652174,-0.0164945652173927,1.10217391304348,46
2017,20.9757065217391,4.65836956521739,"NSVAS - Blandy",21.0139402173913,3.40858695652174,-0.038233695652174,1.24978260869565,46
2018,22.060652173913,7.63380434782609,"NSVAS - Blandy",21.0139402173913,3.40858695652174,1.04671195652174,4.22521739130435,46
1992,18.8650543478261,3.45054347826087,"Glendobbin",20.5433234877127,3.41385633270321,-1.67826913988658,0.0366871455576563,46
1993,21.1147282608696,2.21880434782609,"Glendobbin",20.5433234877127,3.41385633270321,0.5714047731569,-1.19505198487713,46
1994,20.4407065217391,2.5070652173913,"Glendobbin",20.5433234877127,3.41385633270321,-0.102616965973535,-0.906791115311909,46
1995,20.4816304347826,3.84,"Glendobbin",20.5433234877127,3.41385633270321,-0.0616930529300568,0.426143667296786,46
1996,19.6011956521739,5.23163043478261,"Glendobbin",20.5433234877127,3.41385633270321,-0.942127835538752,1.8177741020794,46
1997,19.245,2.03347826086957,"Glendobbin",20.5433234877127,3.41385633270321,-1.29832348771266,-1.38037807183365,46
1998,20.8627173913043,3.18195652173913,"Glendobbin",20.5433234877127,3.41385633270321,0.319393903591681,-0.231899810964083,46
1999,21.3442391304348,1.97717391304348,"Glendobbin",20.5433234877127,3.41385633270321,0.800915642722117,-1.43668241965974,46
2000,20.1772282608696,3.28402173913043,"Glendobbin",20.5433234877127,3.41385633270321,-0.3660952268431,-0.129834593572779,46
2001,19.400652173913,3.53728260869565,"Glendobbin",20.5433234877127,3.41385633270321,-1.14267131379962,0.123426275992439,46
2002,20.4370652173913,3.94282608695652,"Glendobbin",20.5433234877127,3.41385633270321,-0.106258270321362,0.528969754253308,46
2003,19.2202173913043,5.48163043478261,"Glendobbin",20.5433234877127,3.41385633270321,-1.32310609640832,2.0677741020794,46
2004,20.965,3.70228260869565,"Glendobbin",20.5433234877127,3.41385633270321,0.421676512287334,0.288426275992439,46
2005,20.2094565217391,2.70402173913043,"Glendobbin",20.5433234877127,3.41385633270321,-0.333866965973534,-0.709834593572779,46
2006,20.31375,3.53826086956522,"Glendobbin",20.5433234877127,3.41385633270321,-0.229573487712667,0.124404536862004,46
2007,20.5327717391304,1.90945652173913,"Glendobbin",20.5433234877127,3.41385633270321,-0.0105517485822304,-1.50439981096408,46
2008,19.7170108695652,4.27228260869565,"Glendobbin",20.5433234877127,3.41385633270321,-0.826312618147448,0.858426275992438,46
2009,19.4286413043478,4.68391304347826,"Glendobbin",20.5433234877127,3.41385633270321,-1.11468218336484,1.27005671077505,46
2010,22.0136956521739,2.06130434782609,"Glendobbin",20.5433234877127,3.41385633270321,1.47037216446125,-1.35255198487713,46
2011,21.6333152173913,3.04119565217391,"Glendobbin",20.5433234877127,3.41385633270321,1.08999172967864,-0.3726606805293,46
2012,21.5007608695652,3.52858695652174,"Glendobbin",20.5433234877127,3.41385633270321,0.95743738185255,0.114730623818526,46
2013,20.3205434782609,3.99891304347826,"Glendobbin",20.5433234877127,3.41385633270321,-0.222780009451796,0.585056710775048,46
2014,20.4145108695652,3.20402173913044,"Glendobbin",20.5433234877127,3.41385633270321,-0.12881261814745,-0.209834593572778,46
2015,21.3358695652174,3.40869565217391,"Glendobbin",20.5433234877127,3.41385633270321,0.792546077504724,-0.00516068052930052,46
2016,20.6197282608696,4.32804347826087,"Glendobbin",20.5433234877127,3.41385633270321,0.0764047731568986,0.914187145557656,46
2017,20.5138043478261,4.63489130434783,"Glendobbin",20.5433234877127,3.41385633270321,-0.0295191398865775,1.22103497164461,46
2018,21.534347826087,7.07413043478261,"Glendobbin",20.5433234877127,3.41385633270321,0.991024338374292,3.66027410207939,46
1992,14.2632065217391,4.66173913043478,"Purchase Knob",15.6279584120983,5.09962665406427,-1.36475189035917,-0.437887523629489,46
1993,16.3644565217391,3.71097826086957,"Purchase Knob",15.6279584120983,5.09962665406427,0.736498109640831,-1.38864839319471,46
1994,15.4949456521739,5.58782608695652,"Purchase Knob",15.6279584120983,5.09962665406427,-0.133012759924386,0.48819943289225,46
1995,15.7699456521739,4.6404347826087,"Purchase Knob",15.6279584120983,5.09962665406427,0.141987240075615,-0.459191871455576,46
1996,15.8815217391304,4.8979347826087,"Purchase Knob",15.6279584120983,5.09962665406427,0.253563327032136,-0.201691871455576,46
1997,14.4045652173913,5.42445652173913,"Purchase Knob",15.6279584120983,5.09962665406427,-1.22339319470699,0.324829867674858,46
1998,16.7104347826087,4.32391304347826,"Purchase Knob",15.6279584120983,5.09962665406427,1.0824763705104,-0.775713610586011,46
1999,15.555652173913,5.86086956521739,"Purchase Knob",15.6279584120983,5.09962665406427,-0.0723062381852539,0.761242911153119,46
2000,15.6598913043478,5.32554347826087,"Purchase Knob",15.6279584120983,5.09962665406427,0.0319328922495288,0.225916824196598,46
2001,15.415652173913,5.57945652173913,"Purchase Knob",15.6279584120983,5.09962665406427,-0.212306238185255,0.479829867674859,46
2002,16.1171739130435,4.44423913043478,"Purchase Knob",15.6279584120983,5.09962665406427,0.489215500945178,-0.655387523629489,46
2003,15.4525,7.18423913043478,"Purchase Knob",15.6279584120983,5.09962665406427,-0.175458412098298,2.08461247637051,46
2004,16.4264673913043,5.86728260869565,"Purchase Knob",15.6279584120983,5.09962665406427,0.798508979206048,0.767655954631381,46
2005,15.5691847826087,5.96782608695652,"Purchase Knob",15.6279584120983,5.09962665406427,-0.0587736294896022,0.86819943289225,46
2006,15.1083695652174,4.87945652173913,"Purchase Knob",15.6279584120983,5.09962665406427,-0.519588846880907,-0.220170132325141,46
2007,15.7201630434783,4.16054347826087,"Purchase Knob",15.6279584120983,5.09962665406427,0.0922046313799623,-0.939083175803402,46
2008,15.4984239130435,3.35380434782609,"Purchase Knob",15.6279584120983,5.09962665406427,-0.12953449905482,-1.74582230623819,46
2009,15.17625,5.18271739130435,"Purchase Knob",15.6279584120983,5.09962665406427,-0.451708412098299,0.0830907372400755,46
2010,17.3297826086957,4.76391304347826,"Purchase Knob",15.6279584120983,5.09962665406427,1.70182419659735,-0.335713610586011,46
2011,16.9509239130435,4.38673913043478,"Purchase Knob",15.6279584120983,5.09962665406427,1.32296550094518,-0.712887523629489,46
2012,17.1033152173913,5.55021739130435,"Purchase Knob",15.6279584120983,5.09962665406427,1.47535680529301,0.450590737240076,46
2013,15.5085326086957,7.2654347826087,"Purchase Knob",15.6279584120983,5.09962665406427,-0.119425803402645,2.16580812854442,46
2014,16.13375,5.46673913043478,"Purchase Knob",15.6279584120983,5.09962665406427,0.505791587901701,0.367112476370511,46
2015,17.1250543478261,4.6920652173913,"Purchase Knob",15.6279584120983,5.09962665406427,1.49709593572779,-0.407561436672967,46
2016,16.7960869565217,3.59402173913043,"Purchase Knob",15.6279584120983,5.09962665406427,1.16812854442344,-1.50560491493384,46
2017,16.3553260869565,4.49184782608696,"Purchase Knob",15.6279584120983,5.09962665406427,0.727367674858222,-0.607778827977316,46
2018,17.6216847826087,6.08097826086957,"Purchase Knob",15.6279584120983,5.09962665406427,1.9937263705104,0.981351606805293,46
1992,15.7265760869565,2.25760869565217,"Punkhorn Parklands F. Sta",17.4184593572779,2.79732277882798,-1.69188327032136,-0.539714083175804,46
1993,17.328152173913,1.61695652173913,"Punkhorn Parklands F. Sta",17.4184593572779,2.79732277882798,-0.090307183364839,-1.18036625708885,46
1994,17.6277717391304,2.15619565217391,"Punkhorn Parklands F. Sta",17.4184593572779,2.79732277882798,0.209312381852552,-0.641127126654065,46
1995,16.7320108695652,2.45315217391304,"Punkhorn Parklands F. Sta",17.4184593572779,2.79732277882798,-0.686448487712664,-0.344170604914934,46
1996,16.461902173913,2.58967391304348,"Punkhorn Parklands F. Sta",17.4184593572779,2.79732277882798,-0.95655718336484,-0.207648865784499,46
1997,17.135597826087,2.26119565217391,"Punkhorn Parklands F. Sta",17.4184593572779,2.79732277882798,-0.282861531190925,-0.536127126654065,46
1998,17.0858695652174,2.89684782608696,"Punkhorn Parklands F. Sta",17.4184593572779,2.79732277882798,-0.332589792060492,0.0995250472589788,46
1999,18.3840760869565,1.83413043478261,"Punkhorn Parklands F. Sta",17.4184593572779,2.79732277882798,0.96561672967864,-0.963192344045369,46
2000,16.5174456521739,2.7245652173913,"Punkhorn Parklands F. Sta",17.4184593572779,2.79732277882798,-0.901013705103971,-0.0727575614366733,46
2001,17.5201630434783,3.01065217391304,"Punkhorn Parklands F. Sta",17.4184593572779,2.79732277882798,0.101703686200377,0.213329395085066,46
2002,16.9814130434783,2.45554347826087,"Punkhorn Parklands F. Sta",17.4184593572779,2.79732277882798,-0.43704631379962,-0.341779300567108,46
2003,16.6898913043478,3.1225,"Punkhorn Parklands F. Sta",17.4184593572779,2.79732277882798,-0.728568052930058,0.325177221172023,46
2004,16.7685326086957,2.01663043478261,"Punkhorn Parklands F. Sta",17.4184593572779,2.79732277882798,-0.649926748582232,-0.780692344045369,46
2005,16.1359782608696,2.83510869565217,"Punkhorn Parklands F. Sta",17.4184593572779,2.79732277882798,-1.28248109640832,0.0377859168241965,46
2006,17.9336413043478,6.2679347826087,"Punkhorn Parklands F. Sta",17.4184593572779,2.79732277882798,0.515181947069944,3.47061200378072,46
2007,17.8197282608696,1.87380434782609,"Punkhorn Parklands F. Sta",17.4184593572779,2.79732277882798,0.401268903591681,-0.92351843100189,46
2008,18.143097826087,2.87086956521739,"Punkhorn Parklands F. Sta",17.4184593572779,2.79732277882798,0.724638468809076,0.0735467863894139,46
2009,16.4085869565217,4.30836956521739,"Punkhorn Parklands F. Sta",17.4184593572779,2.79732277882798,-1.00987240075614,1.51104678638941,46
2010,19.0905434782609,1.7320652173913,"Punkhorn Parklands F. Sta",17.4184593572779,2.79732277882798,1.67208412098299,-1.06525756143667,46
2011,17.9145652173913,3.06902173913043,"Punkhorn Parklands F. Sta",17.4184593572779,2.79732277882798,0.496105860113421,0.271698960302457,46
2012,18.1150543478261,2.78173913043478,"Punkhorn Parklands F. Sta",17.4184593572779,2.79732277882798,0.696594990548206,-0.015583648393195,46
2013,18.7128260869565,5.05684782608696,"Punkhorn Parklands F. Sta",17.4184593572779,2.79732277882798,1.29436672967864,2.25952504725898,46
2014,17.6136956521739,2.46315217391304,"Punkhorn Parklands F. Sta",17.4184593572779,2.79732277882798,0.195236294896031,-0.334170604914934,46
2015,17.8413586956522,2.05184782608696,"Punkhorn Parklands F. Sta",17.4184593572779,2.79732277882798,0.422899338374293,-0.745474952741021,46
2016,18.0299456521739,2.10684782608696,"Punkhorn Parklands F. Sta",17.4184593572779,2.79732277882798,0.611486294896032,-0.690474952741021,46
2017,17.3060869565217,3.23423913043478,"Punkhorn Parklands F. Sta",17.4184593572779,2.79732277882798,-0.112372400756144,0.436916351606805,46
2018,17.7222826086957,1.79065217391304,"Punkhorn Parklands F. Sta",17.4184593572779,2.79732277882798,0.303823251417771,-1.00667060491493,46
1992,18.6170108695652,4.05880434782609,"Constitution Marsh Sta. 1",19.9156687145558,3.74627126654064,-1.29865784499055,0.312533081285445,46
1993,20.2240217391304,1.45434782608696,"Constitution Marsh Sta. 1",19.9156687145558,3.74627126654064,0.308353024574668,-2.29192344045369,46
1994,20.2413586956522,5.08195652173913,"Constitution Marsh Sta. 1",19.9156687145558,3.74627126654064,0.325689981096406,1.33568525519849,46
1995,19.9248913043478,2.03923913043478,"Constitution Marsh Sta. 1",19.9156687145558,3.74627126654064,0.00922258979205992,-1.70703213610586,46
1996,18.8295652173913,5.20065217391304,"Constitution Marsh Sta. 1",19.9156687145558,3.74627126654064,-1.08610349716446,1.4543809073724,46
1997,18.5104347826087,2.82489130434783,"Constitution Marsh Sta. 1",19.9156687145558,3.74627126654064,-1.40523393194707,-0.921379962192816,46
1998,19.5248913043478,3.98271739130435,"Constitution Marsh Sta. 1",19.9156687145558,3.74627126654064,-0.390777410207942,0.236446124763705,46
1999,20.7642934782609,1.64804347826087,"Constitution Marsh Sta. 1",19.9156687145558,3.74627126654064,0.848624763705104,-2.09822778827977,46
2000,18.5819565217391,4.4004347826087,"Constitution Marsh Sta. 1",19.9156687145558,3.74627126654064,-1.33371219281664,0.654163516068053,46
2001,19.3382065217391,3.29402173913043,"Constitution Marsh Sta. 1",19.9156687145558,3.74627126654064,-0.577462192816636,-0.452249527410208,46
2002,19.4367391304348,3.72054347826087,"Constitution Marsh Sta. 1",19.9156687145558,3.74627126654064,-0.478929584120984,-0.0257277882797733,46
2003,18.6551630434783,3.91163043478261,"Constitution Marsh Sta. 1",19.9156687145558,3.74627126654064,-1.26050567107751,0.165359168241966,46
2004,19.8295108695652,2.98304347826087,"Constitution Marsh Sta. 1",19.9156687145558,3.74627126654064,-0.0861578449905487,-0.763227788279773,46
2005,19.913152173913,3.11967391304348,"Constitution Marsh Sta. 1",19.9156687145558,3.74627126654064,-0.00251654064272344,-0.626597353497164,46
2006,20.2304347826087,4.14130434782609,"Constitution Marsh Sta. 1",19.9156687145558,3.74627126654064,0.314766068052929,0.395033081285444,46
2007,20.0601630434783,2.51891304347826,"Constitution Marsh Sta. 1",19.9156687145558,3.74627126654064,0.144494328922494,-1.22735822306238,46
2008,19.6604891304348,3.73239130434783,"Constitution Marsh Sta. 1",19.9156687145558,3.74627126654064,-0.255179584120985,-0.0138799621928167,46
2009,18.5726630434783,5.9470652173913,"Constitution Marsh Sta. 1",19.9156687145558,3.74627126654064,-1.34300567107751,2.20079395085066,46
2010,21.1657065217391,2.59826086956522,"Constitution Marsh Sta. 1",19.9156687145558,3.74627126654064,1.25003780718336,-1.14801039697543,46
2011,20.8552717391304,3.61923913043478,"Constitution Marsh Sta. 1",19.9156687145558,3.74627126654064,0.939603024574666,-0.12703213610586,46
2012,20.8729347826087,4.48010869565217,"Constitution Marsh Sta. 1",19.9156687145558,3.74627126654064,0.957266068052927,0.733837429111531,46
2013,20.6442391304348,5.11489130434783,"Constitution Marsh Sta. 1",19.9156687145558,3.74627126654064,0.728570415879016,1.36862003780718,46
2014,19.9260326086957,3.83434782608696,"Constitution Marsh Sta. 1",19.9156687145558,3.74627126654064,0.0103638941398856,0.0880765595463142,46
2015,20.3660326086957,3.03445652173913,"Constitution Marsh Sta. 1",19.9156687145558,3.74627126654064,0.450363894139883,-0.711814744801512,46
2016,20.2603260869565,4.23967391304348,"Constitution Marsh Sta. 1",19.9156687145558,3.74627126654064,0.344657372400754,0.493402646502835,46
2017,19.3195652173913,3.66684782608696,"Constitution Marsh Sta. 1",19.9156687145558,3.74627126654064,-0.596103497164464,-0.0794234404536862,46
2018,20.8167391304348,4.17836956521739,"Constitution Marsh Sta. 1",19.9156687145558,3.74627126654064,0.901070415879015,0.432098298676749,46
1992,16.1652717391304,4.44369565217391,"Long Road",17.7034120982987,4.06375472589792,-1.53814035916824,0.379940926275992,46
1993,18.0634239130435,1.34130434782609,"Long Road",17.7034120982987,4.06375472589792,0.360011814744801,-2.72245037807183,46
1994,17.7415217391304,4.26858695652174,"Long Road",17.7034120982987,4.06375472589792,0.0381096408317561,0.204832230623818,46
1995,17.5964673913043,2.67619565217391,"Long Road",17.7034120982987,4.06375472589792,-0.10694470699433,-1.38755907372401,46
1996,16.88875,5.10576086956522,"Long Road",17.7034120982987,4.06375472589792,-0.81466209829868,1.0420061436673,46
1997,16.3082065217391,2.17510869565217,"Long Road",17.7034120982987,4.06375472589792,-1.39520557655955,-1.88864603024575,46
1998,17.9135326086957,4.08326086956522,"Long Road",17.7034120982987,4.06375472589792,0.210120510396976,0.0195061436672965,46
1999,18.663152173913,1.87771739130435,"Long Road",17.7034120982987,4.06375472589792,0.959740075614366,-2.18603733459357,46
2000,16.6763043478261,4.45521739130435,"Long Road",17.7034120982987,4.06375472589792,-1.02710775047259,0.391462665406427,46
2001,17.0375,3.38369565217391,"Long Road",17.7034120982987,4.06375472589792,-0.665912098298676,-0.680059073724008,46
2002,17.4270652173913,3.99586956521739,"Long Road",17.7034120982987,4.06375472589792,-0.276346880907372,-0.0678851606805293,46
2003,16.8822826086957,4.85728260869565,"Long Road",17.7034120982987,4.06375472589792,-0.821129489603024,0.793527882797731,46
2004,17.7254891304348,4.13565217391304,"Long Road",17.7034120982987,4.06375472589792,0.0220770321361066,0.0718974480151227,46
2005,17.9280434782609,2.19565217391304,"Long Road",17.7034120982987,4.06375472589792,0.224631379962194,-1.86810255198488,46
2006,17.9822282608696,5.82869565217391,"Long Road",17.7034120982987,4.06375472589792,0.278816162570887,1.76494092627599,46
2007,17.9110326086957,3.69967391304348,"Long Road",17.7034120982987,4.06375472589792,0.207620510396975,-0.364080812854442,46
2008,17.0979891304348,3.68108695652174,"Long Road",17.7034120982987,4.06375472589792,-0.605422967863895,-0.382667769376182,46
2009,16.695597826087,4.70326086956522,"Long Road",17.7034120982987,4.06375472589792,-1.00781427221172,0.639506143667297,46
2010,19.0723369565217,2.72945652173913,"Long Road",17.7034120982987,4.06375472589792,1.36892485822306,-1.33429820415879,46
2011,18.8303804347826,4.63478260869565,"Long Road",17.7034120982987,4.06375472589792,1.12696833648393,0.571027882797732,46
2012,18.9388043478261,3.94978260869565,"Long Road",17.7034120982987,4.06375472589792,1.23539224952741,-0.113972117202269,46
2013,18.4952717391304,5.77315217391304,"Long Road",17.7034120982987,4.06375472589792,0.791859640831756,1.70939744801512,46
2014,17.9142391304348,3.95739130434783,"Long Road",17.7034120982987,4.06375472589792,0.210827032136105,-0.106363421550095,46
2015,18.7042391304348,4.52445652173913,"Long Road",17.7034120982987,4.06375472589792,1.0008270321361,0.460701795841209,46
2016,17.4576086956522,4.05608695652174,"Long Road",17.7034120982987,4.06375472589792,-0.245803402646505,-0.00766776937618197,46
2017,17.1827173913043,4.43369565217391,"Long Road",17.7034120982987,4.06375472589792,-0.52069470699433,0.369940926275993,46
2018,18.6807065217391,5.37282608695652,"Long Road",17.7034120982987,4.06375472589792,0.977294423440451,1.3090713610586,46
1992,15.4557608695652,4.48619565217391,"Two Mile Run",17.1070604914934,4.2479465973535,-1.65129962192817,0.238249054820416,46
1993,17.4236413043478,1.98336956521739,"Two Mile Run",17.1070604914934,4.2479465973535,0.31658081285444,-2.26457703213611,46
1994,16.7752717391304,4.2120652173913,"Two Mile Run",17.1070604914934,4.2479465973535,-0.33178875236295,-0.0358813799621931,46
1995,16.94625,3.09195652173913,"Two Mile Run",17.1070604914934,4.2479465973535,-0.160810491493386,-1.15599007561437,46
1996,16.2027173913043,5.42554347826087,"Two Mile Run",17.1070604914934,4.2479465973535,-0.904343100189038,1.17759688090737,46
1997,15.4410869565217,2.88489130434783,"Two Mile Run",17.1070604914934,4.2479465973535,-1.66597353497165,-1.36305529300567,46
1998,17.394347826087,4.02152173913043,"Two Mile Run",17.1070604914934,4.2479465973535,0.287287334593572,-0.226424858223062,46
1999,18.6014130434783,1.70945652173913,"Two Mile Run",17.1070604914934,4.2479465973535,1.49435255198487,-2.53849007561437,46
2000,16.2635326086957,4.68858695652174,"Two Mile Run",17.1070604914934,4.2479465973535,-0.843527882797733,0.440640359168242,46
2001,16.4948369565217,3.75934782608696,"Two Mile Run",17.1070604914934,4.2479465973535,-0.612223534971648,-0.48859877126654,46
2002,17.0300543478261,3.9920652173913,"Two Mile Run",17.1070604914934,4.2479465973535,-0.0770061436672975,-0.255881379962193,46
2003,16.3589673913043,5.50804347826087,"Two Mile Run",17.1070604914934,4.2479465973535,-0.748093100189038,1.26009688090737,46
2004,17.4620108695652,4.71097826086956,"Two Mile Run",17.1070604914934,4.2479465973535,0.35495037807183,0.463031663516068,46
2005,17.5558695652174,2.45217391304348,"Two Mile Run",17.1070604914934,4.2479465973535,0.448809073724007,-1.79577268431002,46
2006,17.3613586956522,5.72532608695652,"Two Mile Run",17.1070604914934,4.2479465973535,0.25429820415879,1.47737948960302,46
2007,17.6129891304348,3.13445652173913,"Two Mile Run",17.1070604914934,4.2479465973535,0.505928638941398,-1.11349007561437,46
2008,16.5788586956522,3.53478260869565,"Two Mile Run",17.1070604914934,4.2479465973535,-0.528201795841213,-0.713163988657845,46
2009,16.3009782608696,5.15771739130435,"Two Mile Run",17.1070604914934,4.2479465973535,-0.806082230623819,0.909770793950851,46
2010,18.7934239130435,2.80663043478261,"Two Mile Run",17.1070604914934,4.2479465973535,1.68636342155009,-1.44131616257089,46
2011,18.5773369565217,4.83815217391304,"Two Mile Run",17.1070604914934,4.2479465973535,1.47027646502836,0.590205576559546,46
2012,18.5324456521739,4.06369565217391,"Two Mile Run",17.1070604914934,4.2479465973535,1.42538516068053,-0.184250945179584,46
2013,18.1786956521739,4.49021739130435,"Two Mile Run",17.1070604914934,4.2479465973535,1.07163516068053,0.24227079395085,46
2014,17.3841304347826,3.31728260869565,"Two Mile Run",17.1070604914934,4.2479465973535,0.277069943289224,-0.930663988657845,46
2015,18.4654347826087,5.0575,"Two Mile Run",17.1070604914934,4.2479465973535,1.35837429111531,0.809553402646503,46
2016,16.9783695652174,3.60989130434783,"Two Mile Run",17.1070604914934,4.2479465973535,-0.128690926275993,-0.638055293005671,46
2017,16.6558695652174,5.20021739130435,"Two Mile Run",17.1070604914934,4.2479465973535,-0.451190926275995,0.95227079395085,46
2018,18.1686413043478,6.66576086956522,"Two Mile Run",17.1070604914934,4.2479465973535,1.06158081285444,2.41781427221172,46
1992,17.5827173913043,4.05739130434783,"Alliance Middle School LL",19.0835503308129,3.66431710775047,-1.50083293950851,0.393074196597353,46
1993,18.9999456521739,2.81228260869565,"Alliance Middle School LL",19.0835503308129,3.66431710775047,-0.0836046786389417,-0.85203449905482,46
1994,18.2240217391304,2.8270652173913,"Alliance Middle School LL",19.0835503308129,3.66431710775047,-0.85952859168242,-0.837251890359168,46
1995,19.1227173913043,4.06521739130435,"Alliance Middle School LL",19.0835503308129,3.66431710775047,0.0391670604914935,0.400900283553875,46
1996,17.9472282608696,4.23380434782609,"Alliance Middle School LL",19.0835503308129,3.66431710775047,-1.13632206994329,0.569487240075615,46
1997,17.4475543478261,3.44271739130435,"Alliance Middle School LL",19.0835503308129,3.66431710775047,-1.63599598298677,-0.221599716446125,46
1998,19.3928260869565,3.34663043478261,"Alliance Middle School LL",19.0835503308129,3.66431710775047,0.309275756143666,-0.317686672967864,46
1999,20.1692391304348,2.86097826086957,"Alliance Middle School LL",19.0835503308129,3.66431710775047,1.08568879962193,-0.803338846880907,46
2000,18.2048913043478,5.05673913043478,"Alliance Middle School LL",19.0835503308129,3.66431710775047,-0.87865902646503,1.39242202268431,46
2001,18.2829347826087,2.02239130434783,"Alliance Middle School LL",19.0835503308129,3.66431710775047,-0.80061554820416,-1.64192580340265,46
2002,19.0202173913043,2.98489130434783,"Alliance Middle School LL",19.0835503308129,3.66431710775047,-0.0633329395085092,-0.679425803402646,46
2003,17.8146195652174,6.28945652173913,"Alliance Middle School LL",19.0835503308129,3.66431710775047,-1.26893076559546,2.62513941398866,46
2004,18.7940217391304,5.05217391304348,"Alliance Middle School LL",19.0835503308129,3.66431710775047,-0.289528591682419,1.38785680529301,46
2005,19.2682608695652,2.51978260869565,"Alliance Middle School LL",19.0835503308129,3.66431710775047,0.184710538752363,-1.14453449905482,46
2006,18.4744565217391,4.91228260869565,"Alliance Middle School LL",19.0835503308129,3.66431710775047,-0.609093809073723,1.24796550094518,46
2007,19.1671195652174,2.3870652173913,"Alliance Middle School LL",19.0835503308129,3.66431710775047,0.0835692344045356,-1.27725189035917,46
2008,18.1547826086957,4.24239130434783,"Alliance Middle School LL",19.0835503308129,3.66431710775047,-0.928767722117204,0.578074196597353,46
2009,17.9526630434783,3.19380434782609,"Alliance Middle School LL",19.0835503308129,3.66431710775047,-1.13088728733459,-0.470512759924385,46
2010,20.0675,4.305,"Alliance Middle School LL",19.0835503308129,3.66431710775047,0.983949669187144,0.640682892249527,46
2011,20.2178804347826,4.11434782608696,"Alliance Middle School LL",19.0835503308129,3.66431710775047,1.13433010396975,0.450030718336484,46
2012,21.2160869565217,2.55065217391304,"Alliance Middle School LL",19.0835503308129,3.66431710775047,2.13253662570888,-1.11366493383743,46
2013,19.7700543478261,4.04423913043478,"Alliance Middle School LL",19.0835503308129,3.66431710775047,0.686504017013231,0.37992202268431,46
2014,19.3579347826087,4.74945652173913,"Alliance Middle School LL",19.0835503308129,3.66431710775047,0.274384451795839,1.08513941398866,46
2015,20.2436956521739,4.70065217391304,"Alliance Middle School LL",19.0835503308129,3.66431710775047,1.16014532136106,1.03633506616257,46
2016,19.4489130434783,2.4779347826087,"Alliance Middle School LL",19.0835503308129,3.66431710775047,0.365362712665405,-1.18638232514178,46
2017,19.2167934782609,4.10413043478261,"Alliance Middle School LL",19.0835503308129,3.66431710775047,0.133243147448013,0.439813327032136,46
2018,20.9583695652174,3.01923913043478,"Alliance Middle School LL",19.0835503308129,3.66431710775047,1.87481923440454,-0.64507797731569,46
1992,16.9357065217391,3.71521739130435,"Lick Run",18.5183282136106,3.61666587901701,-1.58262169187146,0.0985515122873348,46
1993,18.7044565217391,1.4525,"Lick Run",18.5183282136106,3.61666587901701,0.186128308128545,-2.16416587901701,46
1994,17.8703804347826,3.33467391304348,"Lick Run",18.5183282136106,3.61666587901701,-0.64794777882798,-0.281991965973535,46
1995,18.3722826086957,4.41065217391304,"Lick Run",18.5183282136106,3.61666587901701,-0.146045604914935,0.793986294896031,46
1996,17.7802173913043,5.95467391304348,"Lick Run",18.5183282136106,3.61666587901701,-0.73811082230624,2.33800803402646,46
1997,17.0532065217391,2.81913043478261,"Lick Run",18.5183282136106,3.61666587901701,-1.46512169187146,-0.797535444234404,46
1998,18.866847826087,2.62815217391304,"Lick Run",18.5183282136106,3.61666587901701,0.34851961247637,-0.98851370510397,46
1999,19.1197826086957,1.19478260869565,"Lick Run",18.5183282136106,3.61666587901701,0.601454395085064,-2.42188327032136,46
2000,18.4660869565217,4.06815217391304,"Lick Run",18.5183282136106,3.61666587901701,-0.0522412570888484,0.45148629489603,46
2001,17.5374456521739,4.29010869565217,"Lick Run",18.5183282136106,3.61666587901701,-0.980882561436673,0.673442816635161,46
2002,18.4228804347826,2.57684782608696,"Lick Run",18.5183282136106,3.61666587901701,-0.0954477788279782,-1.03981805293006,46
2003,17.1578804347826,5.42913043478261,"Lick Run",18.5183282136106,3.61666587901701,-1.36044777882798,1.8124645557656,46
2004,19.0147826086957,3.63489130434783,"Lick Run",18.5183282136106,3.61666587901701,0.496454395085063,0.0182254253308129,46
2005,18.1679347826087,2.6070652173913,"Lick Run",18.5183282136106,3.61666587901701,-0.350393431001891,-1.00960066162571,46
2006,17.5265217391304,3.75978260869565,"Lick Run",18.5183282136106,3.61666587901701,-0.991806474480153,0.143116729678639,46
2007,18.4704891304348,2.94271739130435,"Lick Run",18.5183282136106,3.61666587901701,-0.0478390831758055,-0.673948487712666,46
2008,18.0673369565217,4.07695652173913,"Lick Run",18.5183282136106,3.61666587901701,-0.450991257088848,0.460290642722117,46
2009,17.5660869565217,4.10565217391304,"Lick Run",18.5183282136106,3.61666587901701,-0.952241257088847,0.48898629489603,46
2010,19.8486956521739,2.81923913043478,"Lick Run",18.5183282136106,3.61666587901701,1.33036743856333,-0.797426748582231,46
2011,19.3979347826087,3.20521739130435,"Lick Run",18.5183282136106,3.61666587901701,0.87960656899811,-0.411448487712665,46
2012,19.4185869565217,3.97402173913043,"Lick Run",18.5183282136106,3.61666587901701,0.900258742911152,0.357355860113421,46
2013,18.3525,4.84967391304348,"Lick Run",18.5183282136106,3.61666587901701,-0.165828213610588,1.23300803402647,46
2014,18.2623913043478,3.57423913043478,"Lick Run",18.5183282136106,3.61666587901701,-0.255936909262761,-0.0424267485822307,46
2015,19.4840760869565,3.58391304347826,"Lick Run",18.5183282136106,3.61666587901701,0.965747873345933,-0.0327528355387523,46
2016,18.4648913043478,5.04565217391304,"Lick Run",18.5183282136106,3.61666587901701,-0.0534369092627607,1.42898629489603,46
2017,18.24,3.99402173913043,"Lick Run",18.5183282136106,3.61666587901701,-0.278328213610589,0.377355860113421,46
2018,19.8734239130435,6.09195652173913,"Lick Run",18.5183282136106,3.61666587901701,1.35509569943289,2.47529064272212,46
1992,16.7009239130435,4.02978260869565,"Flesh Run",18.3610869565217,3.71259215500945,-1.66016304347826,0.3171904536862,46
1993,18.5228804347826,1.61847826086957,"Flesh Run",18.3610869565217,3.71259215500945,0.161793478260869,-2.09411389413989,46
1994,17.6052173913043,3.1375,"Flesh Run",18.3610869565217,3.71259215500945,-0.755869565217392,-0.575092155009452,46
1995,18.116902173913,4.57086956521739,"Flesh Run",18.3610869565217,3.71259215500945,-0.244184782608695,0.858277410207939,46
1996,17.5913586956522,6.26315217391304,"Flesh Run",18.3610869565217,3.71259215500945,-0.769728260869563,2.55056001890359,46
1997,16.9438043478261,2.83826086956522,"Flesh Run",18.3610869565217,3.71259215500945,-1.41728260869565,-0.874331285444234,46
1998,18.7082065217391,2.79847826086957,"Flesh Run",18.3610869565217,3.71259215500945,0.34711956521739,-0.914113894139887,46
1999,19.0621195652174,1.35880434782609,"Flesh Run",18.3610869565217,3.71259215500945,0.701032608695652,-2.35378780718337,46
2000,18.3260326086957,4.14565217391304,"Flesh Run",18.3610869565217,3.71259215500945,-0.0350543478260867,0.433060018903591,46
2001,17.4483695652174,4.50369565217391,"Flesh Run",18.3610869565217,3.71259215500945,-0.912717391304348,0.791103497164461,46
2002,18.3135326086957,3.12510869565217,"Flesh Run",18.3610869565217,3.71259215500945,-0.047554347826086,-0.587483459357278,46
2003,17.0017391304348,5.65271739130435,"Flesh Run",18.3610869565217,3.71259215500945,-1.35934782608696,1.9401252362949,46
2004,18.8616847826087,3.88054347826087,"Flesh Run",18.3610869565217,3.71259215500945,0.500597826086956,0.167951323251418,46
2005,17.9779347826087,2.63260869565217,"Flesh Run",18.3610869565217,3.71259215500945,-0.383152173913043,-1.07998345935728,46
2006,17.3376630434783,3.57989130434783,"Flesh Run",18.3610869565217,3.71259215500945,-1.02342391304348,-0.132700850661626,46
2007,18.2933152173913,3.0179347826087,"Flesh Run",18.3610869565217,3.71259215500945,-0.0677717391304355,-0.694657372400756,46
2008,17.8885869565217,4.0354347826087,"Flesh Run",18.3610869565217,3.71259215500945,-0.4725,0.322842627599244,46
2009,17.491847826087,4.40478260869565,"Flesh Run",18.3610869565217,3.71259215500945,-0.869239130434782,0.6921904536862,46
2010,19.755,3.06,"Flesh Run",18.3610869565217,3.71259215500945,1.39391304347826,-0.652592155009452,46
2011,19.3183695652174,3.23217391304348,"Flesh Run",18.3610869565217,3.71259215500945,0.957282608695653,-0.480418241965974,46
2012,19.3338043478261,4.13195652173913,"Flesh Run",18.3610869565217,3.71259215500945,0.97271739130435,0.419364366729679,46
2013,18.2482065217391,4.91630434782609,"Flesh Run",18.3610869565217,3.71259215500945,-0.112880434782607,1.20371219281664,46
2014,18.1019565217391,3.69576086956522,"Flesh Run",18.3610869565217,3.71259215500945,-0.259130434782609,-0.0168312854442343,46
2015,19.3147282608696,3.81826086956522,"Flesh Run",18.3610869565217,3.71259215500945,0.953641304347826,0.105668714555766,46
2016,18.3002173913043,5.13152173913043,"Flesh Run",18.3610869565217,3.71259215500945,-0.0608695652173914,1.41892958412098,46
2017,18.0721195652174,4.35565217391304,"Flesh Run",18.3610869565217,3.71259215500945,-0.288967391304347,0.643060018903591,46
2018,19.7365217391304,6.19054347826087,"Flesh Run",18.3610869565217,3.71259215500945,1.3754347826087,2.47795132325142,46
1992,16.8897826086957,4.49010869565217,"Montana Forest Station",18.967497637051,4.35397211720227,-2.07771502835539,0.136136578449906,46
1993,19.0560869565217,1.85467391304348,"Montana Forest Station",18.967497637051,4.35397211720227,0.0885893194706995,-2.49929820415879,46
1994,18.7352173913043,4.51239130434783,"Montana Forest Station",18.967497637051,4.35397211720227,-0.23228024574669,0.158419187145558,46
1995,18.6797826086957,2.86021739130435,"Montana Forest Station",18.967497637051,4.35397211720227,-0.287715028355386,-1.49375472589792,46
1996,17.7833152173913,4.98826086956522,"Montana Forest Station",18.967497637051,4.35397211720227,-1.18418241965973,0.634288752362949,46
1997,17.5972826086957,3.91097826086957,"Montana Forest Station",18.967497637051,4.35397211720227,-1.37021502835539,-0.442993856332703,46
1998,19.2023369565217,4.24097826086957,"Montana Forest Station",18.967497637051,4.35397211720227,0.234839319470701,-0.112993856332703,46
1999,19.7957608695652,1.53663043478261,"Montana Forest Station",18.967497637051,4.35397211720227,0.828263232514178,-2.81734168241966,46
2000,18.0203260869565,4.69239130434783,"Montana Forest Station",18.967497637051,4.35397211720227,-0.947171550094517,0.338419187145558,46
2001,18.2320108695652,4.69902173913044,"Montana Forest Station",18.967497637051,4.35397211720227,-0.735486767485821,0.345049621928167,46
2002,18.7251086956522,3.7254347826087,"Montana Forest Station",18.967497637051,4.35397211720227,-0.242388941398865,-0.628537334593573,46
2003,17.8572826086957,5.88108695652174,"Montana Forest Station",18.967497637051,4.35397211720227,-1.11021502835539,1.52711483931947,46
2004,19.0454891304348,4.70347826086957,"Montana Forest Station",18.967497637051,4.35397211720227,0.0779914933837418,0.349506143667297,46
2005,19.131847826087,3.12554347826087,"Montana Forest Station",18.967497637051,4.35397211720227,0.164350189035918,-1.2284286389414,46
2006,19.5500543478261,6.32467391304348,"Montana Forest Station",18.967497637051,4.35397211720227,0.582556710775048,1.97070179584121,46
2007,19.2325543478261,3.77934782608696,"Montana Forest Station",18.967497637051,4.35397211720227,0.265056710775049,-0.574624291115311,46
2008,18.8947282608696,3.29326086956522,"Montana Forest Station",18.967497637051,4.35397211720227,-0.0727693761814727,-1.06071124763705,46
2009,17.9060326086957,5.4054347826087,"Montana Forest Station",18.967497637051,4.35397211720227,-1.06146502835539,1.05146266540643,46
2010,20.6735869565217,3.88173913043478,"Montana Forest Station",18.967497637051,4.35397211720227,1.7060893194707,-0.472232986767485,46
2011,20.3239130434783,4.4495652173913,"Montana Forest Station",18.967497637051,4.35397211720227,1.35641540642722,0.0955931001890367,46
2012,20.0804347826087,3.5970652173913,"Montana Forest Station",18.967497637051,4.35397211720227,1.11293714555766,-0.756906899810964,46
2013,19.6911413043478,5.43619565217391,"Montana Forest Station",18.967497637051,4.35397211720227,0.723643667296788,1.08222353497164,46
2014,19.3480434782609,4.3225,"Montana Forest Station",18.967497637051,4.35397211720227,0.38054584120983,-0.0314721172022683,46
2015,20.1252173913043,4.34217391304348,"Montana Forest Station",18.967497637051,4.35397211720227,1.15771975425331,-0.0117982041587901,46
2016,19.2344565217391,3.51652173913043,"Montana Forest Station",18.967497637051,4.35397211720227,0.266958884688091,-0.837450378071833,46
2017,18.74875,4.60217391304348,"Montana Forest Station",18.967497637051,4.35397211720227,-0.218747637051038,0.248201795841211,46
2018,19.8959239130435,4.24130434782609,"Montana Forest Station",18.967497637051,4.35397211720227,0.92842627599244,-0.112667769376182,46
1992,14.9740760869565,4.63510869565217,"Stream",16.7396420132325,4.27179584120983,-1.76556592627599,0.363312854442344,46
1993,16.8398369565217,1.24521739130435,"Stream",16.7396420132325,4.27179584120983,0.100194943289225,-3.02657844990548,46
1994,16.2820108695652,4.4254347826087,"Stream",16.7396420132325,4.27179584120983,-0.4576311436673,0.153638941398865,46
1995,16.0889673913043,2.75652173913043,"Stream",16.7396420132325,4.27179584120983,-0.650674621928168,-1.51527410207939,46
1996,15.8552173913043,5.35576086956522,"Stream",16.7396420132325,4.27179584120983,-0.884424621928167,1.08396502835539,46
1997,15.3580434782609,2.27934782608696,"Stream",16.7396420132325,4.27179584120983,-1.38159853497165,-1.99244801512287,46
1998,17.1291847826087,4.58804347826087,"Stream",16.7396420132325,4.27179584120983,0.389542769376181,0.31624763705104,46
1999,17.9217934782609,1.71086956521739,"Stream",16.7396420132325,4.27179584120983,1.18215146502835,-2.56092627599244,46
2000,15.88375,4.91076086956522,"Stream",16.7396420132325,4.27179584120983,-0.855892013232515,0.638965028355388,46
2001,16.2077173913043,3.39336956521739,"Stream",16.7396420132325,4.27179584120983,-0.531924621928169,-0.878426275992438,46
2002,16.6621739130435,4.41608695652174,"Stream",16.7396420132325,4.27179584120983,-0.0774681001890372,0.144291115311909,46
2003,16.3960326086957,5.12891304347826,"Stream",16.7396420132325,4.27179584120983,-0.343609404536863,0.857117202268431,46
2004,17.0259782608696,4.23608695652174,"Stream",16.7396420132325,4.27179584120983,0.286336247637049,-0.0357088846880904,46
2005,17.0121195652174,2.28119565217391,"Stream",16.7396420132325,4.27179584120983,0.272477551984874,-1.99060018903592,46
2006,17.1740760869565,5.74217391304348,"Stream",16.7396420132325,4.27179584120983,0.434434073724006,1.47037807183365,46
2007,17.1226630434783,4.19619565217391,"Stream",16.7396420132325,4.27179584120983,0.383021030245747,-0.0756001890359164,46
2008,16.2402173913043,3.74108695652174,"Stream",16.7396420132325,4.27179584120983,-0.499424621928167,-0.530708884688091,46
2009,15.9684782608696,4.93771739130435,"Stream",16.7396420132325,4.27179584120983,-0.77116375236295,0.665921550094518,46
2010,18.3838586956522,2.77336956521739,"Stream",16.7396420132325,4.27179584120983,1.64421668241966,-1.49842627599244,46
2011,18.0741847826087,5.02804347826087,"Stream",16.7396420132325,4.27179584120983,1.33454276937618,0.75624763705104,46
2012,18.1398369565217,4.01021739130435,"Stream",16.7396420132325,4.27179584120983,1.40019494328922,-0.261578449905482,46
2013,17.7696739130435,5.965,"Stream",16.7396420132325,4.27179584120983,1.03003189981096,1.69320415879017,46
2014,17.0716847826087,4.19086956521739,"Stream",16.7396420132325,4.27179584120983,0.33204276937618,-0.0809262759924385,46
2015,17.8540760869565,4.62782608695652,"Stream",16.7396420132325,4.27179584120983,1.11443407372401,0.356030245746692,46
2016,16.2796195652174,4.33695652173913,"Stream",16.7396420132325,4.27179584120983,-0.460022448015124,0.0651606805293001,46
2017,16.0398369565217,4.68315217391304,"Stream",16.7396420132325,4.27179584120983,-0.699805056710776,0.411356332703214,46
2018,17.6951630434783,5.90369565217391,"Stream",16.7396420132325,4.27179584120983,0.955521030245745,1.63189981096408,46
1992,19.5603804347826,3.4404347826087,"Burwell Van-Lennep",21.1842426748582,3.38672258979206,-1.62386224007561,0.0537121928166355,46
1993,21.7346195652174,2.1329347826087,"Burwell Van-Lennep",21.1842426748582,3.38672258979206,0.550376890359168,-1.25378780718336,46
1994,20.9514130434783,2.6645652173913,"Burwell Van-Lennep",21.1842426748582,3.38672258979206,-0.23282963137996,-0.722157372400756,46
1995,21.1686413043478,3.6995652173913,"Burwell Van-Lennep",21.1842426748582,3.38672258979206,-0.0156013705103959,0.312842627599244,46
1996,20.1861413043478,5.27967391304348,"Burwell Van-Lennep",21.1842426748582,3.38672258979206,-0.998101370510398,1.89295132325142,46
1997,19.8829347826087,1.97173913043478,"Burwell Van-Lennep",21.1842426748582,3.38672258979206,-1.30130789224953,-1.41498345935728,46
1998,21.4310869565217,2.90695652173913,"Burwell Van-Lennep",21.1842426748582,3.38672258979206,0.246844281663517,-0.47976606805293,46
1999,21.715652173913,1.56989130434783,"Burwell Van-Lennep",21.1842426748582,3.38672258979206,0.531409499054821,-1.81683128544423,46
2000,20.7775,2.68684782608696,"Burwell Van-Lennep",21.1842426748582,3.38672258979206,-0.406742674858222,-0.699874763705104,46
2001,20.0708152173913,3.94195652173913,"Burwell Van-Lennep",21.1842426748582,3.38672258979206,-1.11342745746692,0.55523393194707,46
2002,21.0259782608696,3.67065217391304,"Burwell Van-Lennep",21.1842426748582,3.38672258979206,-0.158264413988658,0.283929584120983,46
2003,19.7827173913043,5.95630434782609,"Burwell Van-Lennep",21.1842426748582,3.38672258979206,-1.40152528355387,2.56958175803403,46
2004,21.6298369565217,3.79576086956522,"Burwell Van-Lennep",21.1842426748582,3.38672258979206,0.445594281663517,0.409038279773157,46
2005,20.6051086956522,3.45782608695652,"Burwell Van-Lennep",21.1842426748582,3.38672258979206,-0.579133979206048,0.0711034971644615,46
2006,20.8972282608696,3.58815217391304,"Burwell Van-Lennep",21.1842426748582,3.38672258979206,-0.287014413988658,0.201429584120983,46
2007,21.216847826087,1.74423913043478,"Burwell Van-Lennep",21.1842426748582,3.38672258979206,0.0326051512287329,-1.64248345935728,46
2008,20.4379347826087,4.58086956521739,"Burwell Van-Lennep",21.1842426748582,3.38672258979206,-0.746307892249526,1.19414697542533,46
2009,20.1736956521739,4.35478260869565,"Burwell Van-Lennep",21.1842426748582,3.38672258979206,-1.01054702268431,0.968060018903592,46
2010,22.7102717391304,2.09619565217391,"Burwell Van-Lennep",21.1842426748582,3.38672258979206,1.52602906427221,-1.29052693761815,46
2011,22.2842391304348,2.83608695652174,"Burwell Van-Lennep",21.1842426748582,3.38672258979206,1.09999645557656,-0.550635633270321,46
2012,22.1163043478261,3.26097826086957,"Burwell Van-Lennep",21.1842426748582,3.38672258979206,0.932061672967865,-0.125744328922495,46
2013,20.9046739130435,4.14195652173913,"Burwell Van-Lennep",21.1842426748582,3.38672258979206,-0.279568761814744,0.75523393194707,46
2014,20.9605434782609,4.07826086956522,"Burwell Van-Lennep",21.1842426748582,3.38672258979206,-0.223699196597352,0.691538279773157,46
2015,21.9175,3.19391304347826,"Burwell Van-Lennep",21.1842426748582,3.38672258979206,0.733257325141778,-0.1928095463138,46
2016,21.1636956521739,4.35108695652174,"Burwell Van-Lennep",21.1842426748582,3.38672258979206,-0.0205470226843083,0.964364366729679,46
2017,21.1413586956522,4.77347826086956,"Burwell Van-Lennep",21.1842426748582,3.38672258979206,-0.0428839792060494,1.3867556710775,46
2018,22.2292934782609,7.53760869565217,"Burwell Van-Lennep",21.1842426748582,3.38672258979206,1.04505080340265,4.15088610586011,46
1992,12.5063586956522,6.73086956521739,"Richland Balsam",14.2948097826087,6.24875945179584,-1.78845108695652,0.48211011342155,46
1993,14.7388586956522,3.11967391304348,"Richland Balsam",14.2948097826087,6.24875945179584,0.444048913043479,-3.12908553875236,46
1994,13.6492934782609,7.65891304347826,"Richland Balsam",14.2948097826087,6.24875945179584,-0.645516304347826,1.41015359168242,46
1995,14.0876630434783,6.63304347826087,"Richland Balsam",14.2948097826087,6.24875945179584,-0.207146739130435,0.384284026465028,46
1996,15.0860869565217,5.29141304347826,"Richland Balsam",14.2948097826087,6.24875945179584,0.791277173913045,-0.957346408317581,46
1997,13.5010869565217,6.63076086956522,"Richland Balsam",14.2948097826087,6.24875945179584,-0.793722826086956,0.382001417769376,46
1998,16.0324456521739,3.52532608695652,"Richland Balsam",14.2948097826087,6.24875945179584,1.73763586956522,-2.72343336483932,46
1999,14.2491847826087,6.36108695652174,"Richland Balsam",14.2948097826087,6.24875945179584,-0.0456249999999994,0.112327504725898,46
2000,14.7938586956522,7.01586956521739,"Richland Balsam",14.2948097826087,6.24875945179584,0.499048913043479,0.76711011342155,46
2001,14.2985326086957,5.67315217391304,"Richland Balsam",14.2948097826087,6.24875945179584,0.00372282608695684,-0.575607277882797,46
2002,15.630597826087,4.94891304347826,"Richland Balsam",14.2948097826087,6.24875945179584,1.33578804347826,-1.29984640831758,46
2003,14.5896195652174,12.2817391304348,"Richland Balsam",14.2948097826087,6.24875945179584,0.294809782608697,6.03297967863894,46
2004,14.7061413043478,11.5075,"Richland Balsam",14.2948097826087,6.24875945179584,0.411331521739131,5.25874054820416,46
2005,13.8782065217391,11.3177173913043,"Richland Balsam",14.2948097826087,6.24875945179584,-0.416603260869564,5.06895793950851,46
2006,13.3515760869565,5.34152173913043,"Richland Balsam",14.2948097826087,6.24875945179584,-0.943233695652173,-0.907237712665407,46
2007,13.6789130434783,5.90597826086957,"Richland Balsam",14.2948097826087,6.24875945179584,-0.615896739130434,-0.342781190926276,46
2008,13.6736956521739,2.75163043478261,"Richland Balsam",14.2948097826087,6.24875945179584,-0.621114130434782,-3.49712901701323,46
2009,13.4251086956522,7.00239130434783,"Richland Balsam",14.2948097826087,6.24875945179584,-0.869701086956521,0.753631852551985,46
2010,14.6360326086957,5.10173913043478,"Richland Balsam",14.2948097826087,6.24875945179584,0.341222826086957,-1.14702032136106,46
2011,13.7411956521739,4.80673913043478,"Richland Balsam",14.2948097826087,6.24875945179584,-0.553614130434783,-1.44202032136106,46
2012,14.4497282608696,5.02076086956522,"Richland Balsam",14.2948097826087,6.24875945179584,0.154918478260869,-1.22799858223062,46
2013,12.9832065217391,9.32184782608696,"Richland Balsam",14.2948097826087,6.24875945179584,-1.31160326086956,3.07308837429112,46
2014,14.6614130434783,5.49163043478261,"Richland Balsam",14.2948097826087,6.24875945179584,0.366603260869566,-0.757129017013233,46
2015,15.1723369565217,4.71282608695652,"Richland Balsam",14.2948097826087,6.24875945179584,0.877527173913045,-1.53593336483932,46
2016,14.9075,3.51619565217391,"Richland Balsam",14.2948097826087,6.24875945179584,0.612690217391306,-2.73256379962193,46
2017,14.5448913043478,4.53304347826087,"Richland Balsam",14.2948097826087,6.24875945179584,0.250081521739132,-1.71571597353497,46
2018,15.3274456521739,7.44271739130435,"Richland Balsam",14.2948097826087,6.24875945179584,1.03263586956522,1.19395793950851,46
1992,20.6374456521739,3.45760869565217,"U of T Arb & For Exp Sta3",22.4626039697543,4.13835066162571,-1.82515831758034,-0.680741965973535,46
1993,22.8505434782609,2.16021739130435,"U of T Arb & For Exp Sta3",22.4626039697543,4.13835066162571,0.387939508506619,-1.97813327032136,46
1994,21.2479891304348,4.61760869565217,"U of T Arb & For Exp Sta3",22.4626039697543,4.13835066162571,-1.21461483931947,0.479258034026465,46
1995,22.059347826087,3.52782608695652,"U of T Arb & For Exp Sta3",22.4626039697543,4.13835066162571,-0.403256143667296,-0.610524574669187,46
1996,21.9932608695652,4.84402173913043,"U of T Arb & For Exp Sta3",22.4626039697543,4.13835066162571,-0.469343100189036,0.705671077504726,46
1997,20.9344565217391,4.92945652173913,"U of T Arb & For Exp Sta3",22.4626039697543,4.13835066162571,-1.52814744801512,0.791105860113421,46
1998,23.1479891304348,4.91880434782609,"U of T Arb & For Exp Sta3",22.4626039697543,4.13835066162571,0.685385160680532,0.780453686200378,46
1999,22.4576086956522,5.53391304347826,"U of T Arb & For Exp Sta3",22.4626039697543,4.13835066162571,-0.00499527410207889,1.39556238185255,46
2000,22.6501630434783,3.93684782608696,"U of T Arb & For Exp Sta3",22.4626039697543,4.13835066162571,0.18755907372401,-0.201502835538752,46
2001,22.0683695652174,3.87739130434783,"U of T Arb & For Exp Sta3",22.4626039697543,4.13835066162571,-0.39423440453686,-0.260959357277883,46
2002,22.5084782608696,3.38228260869565,"U of T Arb & For Exp Sta3",22.4626039697543,4.13835066162571,0.0458742911153145,-0.756068052930057,46
2003,21.7066304347826,6.28195652173913,"U of T Arb & For Exp Sta3",22.4626039697543,4.13835066162571,-0.755973534971641,2.14360586011342,46
2004,22.9198369565217,4.87260869565217,"U of T Arb & For Exp Sta3",22.4626039697543,4.13835066162571,0.457232986767487,0.734258034026465,46
2005,22.128097826087,4.32054347826087,"U of T Arb & For Exp Sta3",22.4626039697543,4.13835066162571,-0.334506143667294,0.182192816635161,46
2006,22.3679891304348,2.72097826086957,"U of T Arb & For Exp Sta3",22.4626039697543,4.13835066162571,-0.094614839319469,-1.41737240075614,46
2007,22.8941304347826,2.53228260869565,"U of T Arb & For Exp Sta3",22.4626039697543,4.13835066162571,0.431526465028355,-1.60606805293006,46
2008,22.2301630434783,3.0454347826087,"U of T Arb & For Exp Sta3",22.4626039697543,4.13835066162571,-0.232440926275991,-1.09291587901701,46
2009,22.1613586956522,5.10413043478261,"U of T Arb & For Exp Sta3",22.4626039697543,4.13835066162571,-0.301245274102079,0.9657797731569,46
2010,24.29875,4.50130434782609,"U of T Arb & For Exp Sta3",22.4626039697543,4.13835066162571,1.83614603024575,0.362953686200378,46
2011,23.4078804347826,3.79108695652174,"U of T Arb & For Exp Sta3",22.4626039697543,4.13835066162571,0.945276465028357,-0.34726370510397,46
2012,23.9110326086957,3.3770652173913,"U of T Arb & For Exp Sta3",22.4626039697543,4.13835066162571,1.4484286389414,-0.761285444234404,46
2013,21.995652173913,6.23097826086957,"U of T Arb & For Exp Sta3",22.4626039697543,4.13835066162571,-0.466951795841208,2.09262759924386,46
2014,22.3327717391304,4.3725,"U of T Arb & For Exp Sta3",22.4626039697543,4.13835066162571,-0.129832230623816,0.234149338374291,46
2015,23.5605434782609,3.75739130434783,"U of T Arb & For Exp Sta3",22.4626039697543,4.13835066162571,1.09793950850662,-0.380959357277883,46
2016,23.3707608695652,3.36380434782609,"U of T Arb & For Exp Sta3",22.4626039697543,4.13835066162571,0.908156899810965,-0.774546313799622,46
2017,22.4627173913043,4.55532608695652,"U of T Arb & For Exp Sta3",22.4626039697543,4.13835066162571,0.000113421550096859,0.416975425330813,46
2018,24.2238586956522,3.99086956521739,"U of T Arb & For Exp Sta3",22.4626039697543,4.13835066162571,1.76125472589792,-0.147481096408318,46
1992,19.1275,3.75445652173913,"Rushton Farm",20.7810538752363,3.88010869565217,-1.65355387523629,-0.125652173913044,46
1993,21.2984239130435,2.20945652173913,"Rushton Farm",20.7810538752363,3.88010869565217,0.517370037807183,-1.67065217391304,46
1994,21.1538586956522,3.88097826086957,"Rushton Farm",20.7810538752363,3.88010869565217,0.37280482041588,0.000869565217391344,46
1995,20.3521195652174,2.55695652173913,"Rushton Farm",20.7810538752363,3.88010869565217,-0.428934310018906,-1.32315217391304,46
1996,19.8891847826087,5.5479347826087,"Rushton Farm",20.7810538752363,3.88010869565217,-0.891869092627601,1.66782608695652,46
1997,19.6099456521739,2.67836956521739,"Rushton Farm",20.7810538752363,3.88010869565217,-1.17110822306238,-1.20173913043478,46
1998,20.9035326086957,3.5779347826087,"Rushton Farm",20.7810538752363,3.88010869565217,0.122478733459356,-0.302173913043478,46
1999,21.3078260869565,1.69760869565217,"Rushton Farm",20.7810538752363,3.88010869565217,0.526772211720225,-2.1825,46
2000,20.0144565217391,3.87597826086956,"Rushton Farm",20.7810538752363,3.88010869565217,-0.766597353497165,-0.00413043478260899,46
2001,20.525,3.22173913043478,"Rushton Farm",20.7810538752363,3.88010869565217,-0.256053875236297,-0.658369565217392,46
2002,21.0583695652174,2.90717391304348,"Rushton Farm",20.7810538752363,3.88010869565217,0.277315689981094,-0.972934782608696,46
2003,19.4627717391304,5.00358695652174,"Rushton Farm",20.7810538752363,3.88010869565217,-1.31828213610586,1.12347826086957,46
2004,21.2045108695652,5.44576086956522,"Rushton Farm",20.7810538752363,3.88010869565217,0.423456994328923,1.56565217391304,46
2005,20.6901630434783,2.81576086956522,"Rushton Farm",20.7810538752363,3.88010869565217,-0.0908908317580348,-1.06434782608696,46
2006,20.9790217391304,5.1,"Rushton Farm",20.7810538752363,3.88010869565217,0.197967863894139,1.21989130434783,46
2007,20.7507065217391,3.05032608695652,"Rushton Farm",20.7810538752363,3.88010869565217,-0.0303473534971666,-0.829782608695652,46
2008,20.1669565217391,3.605,"Rushton Farm",20.7810538752363,3.88010869565217,-0.614097353497165,-0.275108695652174,46
2009,19.6001086956522,4.68434782608696,"Rushton Farm",20.7810538752363,3.88010869565217,-1.18094517958412,0.804239130434783,46
2010,22.4291304347826,3.53760869565217,"Rushton Farm",20.7810538752363,3.88010869565217,1.64807655954631,-0.3425,46
2011,22.2700543478261,2.64163043478261,"Rushton Farm",20.7810538752363,3.88010869565217,1.48900047258979,-1.23847826086957,46
2012,21.6123369565217,2.96239130434783,"Rushton Farm",20.7810538752363,3.88010869565217,0.831283081285441,-0.917717391304348,46
2013,21.1102717391304,5.58086956521739,"Rushton Farm",20.7810538752363,3.88010869565217,0.32921786389414,1.70076086956522,46
2014,20.4680434782609,3.0745652173913,"Rushton Farm",20.7810538752363,3.88010869565217,-0.313010396975425,-0.80554347826087,46
2015,21.5659782608696,4.2370652173913,"Rushton Farm",20.7810538752363,3.88010869565217,0.784924385633268,0.35695652173913,46
2016,20.5278260869565,3.98608695652174,"Rushton Farm",20.7810538752363,3.88010869565217,-0.253227788279773,0.105978260869565,46
2017,20.27625,4.52847826086956,"Rushton Farm",20.7810538752363,3.88010869565217,-0.504803875236295,0.648369565217391,46
2018,21.3482608695652,4.87315217391304,"Rushton Farm",20.7810538752363,3.88010869565217,0.56720699432892,0.993043478260869,46
1992,13.0554347826087,7.46521739130435,"Big Bald Banding Station",14.9834664461248,5.66568052930057,-1.92803166351607,1.79953686200378,46
1993,15.838097826087,3.74902173913044,"Big Bald Banding Station",14.9834664461248,5.66568052930057,0.854631379962193,-1.91665879017013,46
1994,14.2957065217391,5.07967391304348,"Big Bald Banding Station",14.9834664461248,5.66568052930057,-0.687759924385633,-0.586006616257088,46
1995,15.0255434782609,5.63608695652174,"Big Bald Banding Station",14.9834664461248,5.66568052930057,0.0420770321361061,-0.0295935727788281,46
1996,15.0548913043478,4.19858695652174,"Big Bald Banding Station",14.9834664461248,5.66568052930057,0.0714248582230628,-1.46709357277883,46
1997,13.4247282608696,4.46826086956522,"Big Bald Banding Station",14.9834664461248,5.66568052930057,-1.5587381852552,-1.19741965973535,46
1998,15.8972826086957,5.6570652173913,"Big Bald Banding Station",14.9834664461248,5.66568052930057,0.913816162570889,-0.00861531190926268,46
1999,15.3103804347826,5.46141304347826,"Big Bald Banding Station",14.9834664461248,5.66568052930057,0.326913988657845,-0.204267485822306,46
2000,16.0759782608696,4.70630434782609,"Big Bald Banding Station",14.9834664461248,5.66568052930057,1.0925118147448,-0.95937618147448,46
2001,15.2176086956522,4.37673913043478,"Big Bald Banding Station",14.9834664461248,5.66568052930057,0.234142249527411,-1.28894139886578,46
2002,15.0199456521739,3.00021739130435,"Big Bald Banding Station",14.9834664461248,5.66568052930057,0.0364792060491492,-2.66546313799622,46
2003,14.1445652173913,7.07934782608696,"Big Bald Banding Station",14.9834664461248,5.66568052930057,-0.838901228733459,1.41366729678639,46
2004,15.1621739130435,4.80130434782609,"Big Bald Banding Station",14.9834664461248,5.66568052930057,0.178707466918715,-0.86437618147448,46
2005,14.0546739130435,7.77869565217391,"Big Bald Banding Station",14.9834664461248,5.66568052930057,-0.928792533081285,2.11301512287335,46
2006,14.2878804347826,3.89760869565217,"Big Bald Banding Station",14.9834664461248,5.66568052930057,-0.695586011342154,-1.76807183364839,46
2007,14.9235326086957,4.4029347826087,"Big Bald Banding Station",14.9834664461248,5.66568052930057,-0.0599338374291118,-1.26274574669187,46
2008,14.0338043478261,5.46282608695652,"Big Bald Banding Station",14.9834664461248,5.66568052930057,-0.949662098298676,-0.202854442344045,46
2009,14.0073913043478,8.395,"Big Bald Banding Station",14.9834664461248,5.66568052930057,-0.976075141776938,2.72931947069943,46
2010,16.4841847826087,3.92804347826087,"Big Bald Banding Station",14.9834664461248,5.66568052930057,1.50071833648393,-1.7376370510397,46
2011,15.711902173913,6.95402173913044,"Big Bald Banding Station",14.9834664461248,5.66568052930057,0.72843572778828,1.28834120982987,46
2012,15.98125,8.26402173913043,"Big Bald Banding Station",14.9834664461248,5.66568052930057,0.997783553875236,2.59834120982987,46
2013,14.3066847826087,7.855,"Big Bald Banding Station",14.9834664461248,5.66568052930057,-0.676781663516069,2.18931947069943,46
2014,14.7979891304348,5.29336956521739,"Big Bald Banding Station",14.9834664461248,5.66568052930057,-0.185477315689981,-0.372310964083176,46
2015,15.6215760869565,7.26163043478261,"Big Bald Banding Station",14.9834664461248,5.66568052930057,0.638109640831757,1.59594990548204,46
2016,15.3788043478261,5.09695652173913,"Big Bald Banding Station",14.9834664461248,5.66568052930057,0.395337901701323,-0.568724007561436,46
2017,14.4955434782609,7.68880434782609,"Big Bald Banding Station",14.9834664461248,5.66568052930057,-0.487922967863895,2.02312381852552,46
2018,15.9938043478261,7.4329347826087,"Big Bald Banding Station",14.9834664461248,5.66568052930057,1.01033790170132,1.76725425330813,46
1992,17.3977173913043,3.01663043478261,"APBPC Karner Barrens West",18.8601299621928,3.40394376181475,-1.46241257088847,-0.387313327032136,46
1993,18.7341847826087,2.29097826086957,"APBPC Karner Barrens West",18.8601299621928,3.40394376181475,-0.125945179584118,-1.11296550094518,46
1994,19.1126630434783,3.25152173913043,"APBPC Karner Barrens West",18.8601299621928,3.40394376181475,0.252533081285446,-0.15242202268431,46
1995,19.1324456521739,1.77097826086957,"APBPC Karner Barrens West",18.8601299621928,3.40394376181475,0.272315689981099,-1.63296550094518,46
1996,17.8170652173913,4.93163043478261,"APBPC Karner Barrens West",18.8601299621928,3.40394376181475,-1.04306474480151,1.52768667296786,46
1997,17.6514130434783,1.72554347826087,"APBPC Karner Barrens West",18.8601299621928,3.40394376181475,-1.20871691871455,-1.67840028355388,46
1998,19.2741847826087,3.9970652173913,"APBPC Karner Barrens West",18.8601299621928,3.40394376181475,0.414054820415881,0.593121455576559,46
1999,19.6445108695652,2.25695652173913,"APBPC Karner Barrens West",18.8601299621928,3.40394376181475,0.784380907372402,-1.14698724007561,46
2000,17.6579347826087,4.22586956521739,"APBPC Karner Barrens West",18.8601299621928,3.40394376181475,-1.20219517958412,0.821925803402646,46
2001,18.4100543478261,3.16923913043478,"APBPC Karner Barrens West",18.8601299621928,3.40394376181475,-0.450075614366728,-0.234704631379962,46
2002,18.1984239130435,3.17,"APBPC Karner Barrens West",18.8601299621928,3.40394376181475,-0.661706049149338,-0.233943761814745,46
2003,18.226902173913,3.50597826086957,"APBPC Karner Barrens West",18.8601299621928,3.40394376181475,-0.633227788279772,0.10203449905482,46
2004,18.6698913043478,3.82141304347826,"APBPC Karner Barrens West",18.8601299621928,3.40394376181475,-0.19023865784499,0.417469281663516,46
2005,19.1579891304348,2.9345652173913,"APBPC Karner Barrens West",18.8601299621928,3.40394376181475,0.297859168241967,-0.469378544423441,46
2006,19.1433152173913,5.31369565217391,"APBPC Karner Barrens West",18.8601299621928,3.40394376181475,0.283185255198489,1.90975189035917,46
2007,18.9695652173913,3.58934782608696,"APBPC Karner Barrens West",18.8601299621928,3.40394376181475,0.109435255198491,0.185404064272212,46
2008,18.5816847826087,4.00467391304348,"APBPC Karner Barrens West",18.8601299621928,3.40394376181475,-0.278445179584118,0.600730151228734,46
2009,17.7723913043478,5.27478260869565,"APBPC Karner Barrens West",18.8601299621928,3.40394376181475,-1.08773865784499,1.87083884688091,46
2010,20.0913043478261,2.87,"APBPC Karner Barrens West",18.8601299621928,3.40394376181475,1.23117438563327,-0.533943761814745,46
2011,19.4333152173913,3.67586956521739,"APBPC Karner Barrens West",18.8601299621928,3.40394376181475,0.573185255198489,0.271925803402646,46
2012,19.8674456521739,3.28880434782609,"APBPC Karner Barrens West",18.8601299621928,3.40394376181475,1.0073156899811,-0.115139413988658,46
2013,19.7735326086957,5.25097826086956,"APBPC Karner Barrens West",18.8601299621928,3.40394376181475,0.913402646502838,1.84703449905482,46
2014,18.8383152173913,4.31434782608696,"APBPC Karner Barrens West",18.8601299621928,3.40394376181475,-0.0218147448015102,0.910404064272212,46
2015,19.7117391304348,3.02565217391304,"APBPC Karner Barrens West",18.8601299621928,3.40394376181475,0.851609168241968,-0.378291587901701,46
2016,19.2313586956522,2.27402173913043,"APBPC Karner Barrens West",18.8601299621928,3.40394376181475,0.371228733459358,-1.12992202268431,46
2017,18.4913586956522,4.41826086956522,"APBPC Karner Barrens West",18.8601299621928,3.40394376181475,-0.368771266540641,1.01431710775047,46
2018,20.2872826086957,3.07684782608696,"APBPC Karner Barrens West",18.8601299621928,3.40394376181475,1.42715264650284,-0.327095935727789,46
1992,17.3699456521739,3.04434782608696,"APBPC King's Road Barrens",18.8369080812854,3.42473298676749,-1.46696242911153,-0.380385160680529,46
1993,18.7028260869565,2.28076086956522,"APBPC King's Road Barrens",18.8369080812854,3.42473298676749,-0.134081994328923,-1.14397211720227,46
1994,19.0851630434783,3.29097826086957,"APBPC King's Road Barrens",18.8369080812854,3.42473298676749,0.248254962192817,-0.13375472589792,46
1995,19.1099456521739,1.81217391304348,"APBPC King's Road Barrens",18.8369080812854,3.42473298676749,0.273037570888469,-1.61255907372401,46
1996,17.7959239130435,4.92282608695652,"APBPC King's Road Barrens",18.8369080812854,3.42473298676749,-1.04098416824197,1.49809310018904,46
1997,17.6259239130435,1.72152173913043,"APBPC King's Road Barrens",18.8369080812854,3.42473298676749,-1.21098416824196,-1.70321124763705,46
1998,19.2500543478261,3.98315217391304,"APBPC King's Road Barrens",18.8369080812854,3.42473298676749,0.413146266540643,0.558419187145558,46
1999,19.6371195652174,2.27891304347826,"APBPC King's Road Barrens",18.8369080812854,3.42473298676749,0.800211483931946,-1.14581994328922,46
2000,17.6422282608696,4.2779347826087,"APBPC King's Road Barrens",18.8369080812854,3.42473298676749,-1.19467982041588,0.85320179584121,46
2001,18.3960326086957,3.19826086956522,"APBPC King's Road Barrens",18.8369080812854,3.42473298676749,-0.440875472589791,-0.226472117202268,46
2002,18.1865217391304,3.20326086956522,"APBPC King's Road Barrens",18.8369080812854,3.42473298676749,-0.650386342155009,-0.221472117202268,46
2003,18.2170652173913,3.52684782608696,"APBPC King's Road Barrens",18.8369080812854,3.42473298676749,-0.619842863894139,0.102114839319471,46
2004,18.646902173913,3.87347826086957,"APBPC King's Road Barrens",18.8369080812854,3.42473298676749,-0.190005907372399,0.448745274102079,46
2005,19.138152173913,2.96195652173913,"APBPC King's Road Barrens",18.8369080812854,3.42473298676749,0.301244092627599,-0.462776465028355,46
2006,19.118152173913,5.34695652173913,"APBPC King's Road Barrens",18.8369080812854,3.42473298676749,0.281244092627599,1.92222353497164,46
2007,18.9425543478261,3.6045652173913,"APBPC King's Road Barrens",18.8369080812854,3.42473298676749,0.105646266540642,0.179832230623819,46
2008,18.5465217391304,4.08771739130435,"APBPC King's Road Barrens",18.8369080812854,3.42473298676749,-0.29038634215501,0.662984404536862,46
2009,17.7423369565217,5.29032608695652,"APBPC King's Road Barrens",18.8369080812854,3.42473298676749,-1.0945711247637,1.86559310018904,46
2010,20.0641847826087,2.9179347826087,"APBPC King's Road Barrens",18.8369080812854,3.42473298676749,1.22727670132325,-0.50679820415879,46
2011,19.4132065217391,3.72815217391304,"APBPC King's Road Barrens",18.8369080812854,3.42473298676749,0.576298440453687,0.303419187145558,46
2012,19.8433695652174,3.32445652173913,"APBPC King's Road Barrens",18.8369080812854,3.42473298676749,1.00646148393195,-0.100276465028355,46
2013,19.7689673913043,5.2545652173913,"APBPC King's Road Barrens",18.8369080812854,3.42473298676749,0.932059310018904,1.82983223062382,46
2014,18.823152173913,4.34304347826087,"APBPC King's Road Barrens",18.8369080812854,3.42473298676749,-0.0137559073723992,0.918310491493384,46
2015,19.6828804347826,3.09130434782609,"APBPC King's Road Barrens",18.8369080812854,3.42473298676749,0.845972353497164,-0.333428638941399,46
2016,19.2095108695652,2.30369565217391,"APBPC King's Road Barrens",18.8369080812854,3.42473298676749,0.372602788279774,-1.12103733459357,46
2017,18.4675,4.49141304347826,"APBPC King's Road Barrens",18.8369080812854,3.42473298676749,-0.369408081285442,1.06668005671078,46
2018,20.2677717391304,3.02608695652174,"APBPC King's Road Barrens",18.8369080812854,3.42473298676749,1.43086365784499,-0.398646030245747,46
1992,15.4765760869565,4.54163043478261,"Thomas Darling Preserve",17.1306710775047,4.25017013232514,-1.6540949905482,0.291460302457467,46
1993,17.4466847826087,1.9979347826087,"Thomas Darling Preserve",17.1306710775047,4.25017013232514,0.31601370510397,-2.25223534971645,46
1994,16.8111413043478,4.245,"Thomas Darling Preserve",17.1306710775047,4.25017013232514,-0.319529773156901,-0.00517013232514163,46
1995,16.9708152173913,3.11771739130435,"Thomas Darling Preserve",17.1306710775047,4.25017013232514,-0.159855860113421,-1.13245274102079,46
1996,16.2258695652174,5.46369565217391,"Thomas Darling Preserve",17.1306710775047,4.25017013232514,-0.904801512287335,1.21352551984877,46
1997,15.4722282608696,2.91369565217391,"Thomas Darling Preserve",17.1306710775047,4.25017013232514,-1.65844281663516,-1.33647448015123,46
1998,17.4230434782609,4.01847826086957,"Thomas Darling Preserve",17.1306710775047,4.25017013232514,0.292372400756143,-0.231691871455577,46
1999,18.6189673913043,1.69336956521739,"Thomas Darling Preserve",17.1306710775047,4.25017013232514,1.48829631379962,-2.55680056710775,46
2000,16.2886413043478,4.69652173913043,"Thomas Darling Preserve",17.1306710775047,4.25017013232514,-0.842029773156899,0.446351606805293,46
2001,16.5170652173913,3.8054347826087,"Thomas Darling Preserve",17.1306710775047,4.25017013232514,-0.61360586011342,-0.444735349716446,46
2002,17.0582065217391,3.9820652173913,"Thomas Darling Preserve",17.1306710775047,4.25017013232514,-0.0724645557655954,-0.268104914933837,46
2003,16.3953260869565,5.53347826086956,"Thomas Darling Preserve",17.1306710775047,4.25017013232514,-0.735344990548203,1.28330812854442,46
2004,17.4873369565217,4.72228260869565,"Thomas Darling Preserve",17.1306710775047,4.25017013232514,0.356665879017015,0.47211247637051,46
2005,17.5776630434783,2.43239130434783,"Thomas Darling Preserve",17.1306710775047,4.25017013232514,0.446991965973535,-1.81777882797732,46
2006,17.3959239130435,5.68119565217391,"Thomas Darling Preserve",17.1306710775047,4.25017013232514,0.265252835538753,1.43102551984877,46
2007,17.6460326086957,3.19782608695652,"Thomas Darling Preserve",17.1306710775047,4.25017013232514,0.515361531190926,-1.05234404536862,46
2008,16.6096739130435,3.5875,"Thomas Darling Preserve",17.1306710775047,4.25017013232514,-0.520997164461246,-0.662670132325142,46
2009,16.3297282608696,5.24445652173913,"Thomas Darling Preserve",17.1306710775047,4.25017013232514,-0.80094281663516,0.994286389413989,46
2010,18.8216304347826,2.87097826086957,"Thomas Darling Preserve",17.1306710775047,4.25017013232514,1.69095935727788,-1.37919187145558,46
2011,18.6064673913043,4.90347826086956,"Thomas Darling Preserve",17.1306710775047,4.25017013232514,1.47579631379962,0.653308128544423,46
2012,18.5534782608696,4.06336956521739,"Thomas Darling Preserve",17.1306710775047,4.25017013232514,1.42280718336484,-0.186800567107751,46
2013,18.2,4.55760869565217,"Thomas Darling Preserve",17.1306710775047,4.25017013232514,1.06932892249527,0.307438563327032,46
2014,17.4066847826087,3.41152173913043,"Thomas Darling Preserve",17.1306710775047,4.25017013232514,0.276013705103971,-0.838648393194707,46
2015,18.4821739130435,5.07369565217391,"Thomas Darling Preserve",17.1306710775047,4.25017013232514,1.35150283553875,0.823525519848771,46
2016,17.0029347826087,3.60228260869565,"Thomas Darling Preserve",17.1306710775047,4.25017013232514,-0.127736294896032,-0.647887523629489,46
2017,16.6777717391304,4.61934782608696,"Thomas Darling Preserve",17.1306710775047,4.25017013232514,-0.452899338374291,0.369177693761815,46
2018,18.1839130434783,6.67815217391304,"Thomas Darling Preserve",17.1306710775047,4.25017013232514,1.05324196597353,2.4279820415879,46
1992,18.1251086956522,4.26163043478261,"Hunt-Parker Sanctuary",19.3720593100189,3.94995982986767,-1.24695061436673,0.311670604914934,46
1993,20.10625,1.60782608695652,"Hunt-Parker Sanctuary",19.3720593100189,3.94995982986767,0.734190689981094,-2.34213374291115,46
1994,20.0316304347826,5.28836956521739,"Hunt-Parker Sanctuary",19.3720593100189,3.94995982986767,0.659571124763705,1.33840973534972,46
1995,19.6260326086957,2.095,"Hunt-Parker Sanctuary",19.3720593100189,3.94995982986767,0.253973298676748,-1.85495982986767,46
1996,18.3914673913043,5.27,"Hunt-Parker Sanctuary",19.3720593100189,3.94995982986767,-0.980591918714556,1.32004017013232,46
1997,18.4726086956522,3.50108695652174,"Hunt-Parker Sanctuary",19.3720593100189,3.94995982986767,-0.899450614366732,-0.448872873345936,46
1998,19.500652173913,4.0825,"Hunt-Parker Sanctuary",19.3720593100189,3.94995982986767,0.128592863894138,0.132540170132325,46
1999,20.5892391304348,2.25880434782609,"Hunt-Parker Sanctuary",19.3720593100189,3.94995982986767,1.21717982041588,-1.69115548204159,46
2000,18.4591304347826,4.80271739130435,"Hunt-Parker Sanctuary",19.3720593100189,3.94995982986767,-0.912928875236297,0.852757561436673,46
2001,19.0835326086957,3.3220652173913,"Hunt-Parker Sanctuary",19.3720593100189,3.94995982986767,-0.288526701323253,-0.62789461247637,46
2002,19.1525,4.07978260869565,"Hunt-Parker Sanctuary",19.3720593100189,3.94995982986767,-0.219559310018905,0.129822778827977,46
2003,18.3360326086957,4.57576086956522,"Hunt-Parker Sanctuary",19.3720593100189,3.94995982986767,-1.03602670132325,0.625801039697543,46
2004,19.3090760869565,3.77271739130435,"Hunt-Parker Sanctuary",19.3720593100189,3.94995982986767,-0.0629832230623819,-0.177242438563327,46
2005,19.2222282608696,3.35619565217391,"Hunt-Parker Sanctuary",19.3720593100189,3.94995982986767,-0.149831049149341,-0.593764177693762,46
2006,19.7421195652174,5.33315217391304,"Hunt-Parker Sanctuary",19.3720593100189,3.94995982986767,0.370060255198485,1.38319234404537,46
2007,19.6283695652174,3.01728260869565,"Hunt-Parker Sanctuary",19.3720593100189,3.94995982986767,0.256310255198485,-0.932677221172022,46
2008,19.2164673913043,4.1104347826087,"Hunt-Parker Sanctuary",19.3720593100189,3.94995982986767,-0.155591918714556,0.160474952741021,46
2009,18.1803260869565,5.90163043478261,"Hunt-Parker Sanctuary",19.3720593100189,3.94995982986767,-1.19173322306238,1.95167060491493,46
2010,20.7252173913043,2.515,"Hunt-Parker Sanctuary",19.3720593100189,3.94995982986767,1.35315808128544,-1.43495982986767,46
2011,20.1222826086957,4.02978260869565,"Hunt-Parker Sanctuary",19.3720593100189,3.94995982986767,0.750223298676747,0.0798227788279773,46
2012,20.10125,4.47380434782609,"Hunt-Parker Sanctuary",19.3720593100189,3.94995982986767,0.729190689981095,0.523844517958413,46
2013,20.0448369565217,5.4070652173913,"Hunt-Parker Sanctuary",19.3720593100189,3.94995982986767,0.672777646502833,1.45710538752363,46
2014,19.2114673913043,4.02173913043478,"Hunt-Parker Sanctuary",19.3720593100189,3.94995982986767,-0.160591918714559,0.0717793005671075,46
2015,19.6140760869565,4.05141304347826,"Hunt-Parker Sanctuary",19.3720593100189,3.94995982986767,0.242016776937618,0.101453213610586,46
2016,19.391902173913,2.77478260869565,"Hunt-Parker Sanctuary",19.3720593100189,3.94995982986767,0.0198428638941373,-1.17517722117202,46
2017,18.4866304347826,3.85554347826087,"Hunt-Parker Sanctuary",19.3720593100189,3.94995982986767,-0.885428875236297,-0.0944163516068053,46
2018,19.8929891304348,4.27967391304348,"Hunt-Parker Sanctuary",19.3720593100189,3.94995982986767,0.520929820415876,0.329714083175803,46
1992,18.1427717391304,3.12054347826087,"Mingo County Park Res Stn",19.6449539224953,3.64571124763705,-1.50218218336484,-0.525167769376181,46
1993,19.7971195652174,3.3270652173913,"Mingo County Park Res Stn",19.6449539224953,3.64571124763705,0.152165642722114,-0.318646030245747,46
1994,19.2023369565217,2.29771739130435,"Mingo County Park Res Stn",19.6449539224953,3.64571124763705,-0.442616965973535,-1.3479938563327,46
1995,19.951847826087,2.94978260869565,"Mingo County Park Res Stn",19.6449539224953,3.64571124763705,0.306893903591682,-0.695928638941399,46
1996,19.045,3.63554347826087,"Mingo County Park Res Stn",19.6449539224953,3.64571124763705,-0.599953922495274,-0.010167769376181,46
1997,18.1927717391304,3.42489130434783,"Mingo County Park Res Stn",19.6449539224953,3.64571124763705,-1.45218218336484,-0.220819943289225,46
1998,19.8284239130435,3.32065217391304,"Mingo County Park Res Stn",19.6449539224953,3.64571124763705,0.183469990548204,-0.325059073724007,46
1999,20.84875,2.99097826086957,"Mingo County Park Res Stn",19.6449539224953,3.64571124763705,1.20379607750472,-0.654732986767486,46
2000,19.5071195652174,3.76847826086957,"Mingo County Park Res Stn",19.6449539224953,3.64571124763705,-0.137834357277885,0.122767013232514,46
2001,18.9764673913043,3.32282608695652,"Mingo County Park Res Stn",19.6449539224953,3.64571124763705,-0.668486531190929,-0.322885160680529,46
2002,19.623097826087,3.25152173913043,"Mingo County Park Res Stn",19.6449539224953,3.64571124763705,-0.021856096408321,-0.394189508506616,46
2003,18.5060326086957,4.93576086956522,"Mingo County Park Res Stn",19.6449539224953,3.64571124763705,-1.13892131379962,1.29004962192817,46
2004,19.9251086956522,4.07282608695652,"Mingo County Park Res Stn",19.6449539224953,3.64571124763705,0.280154773156898,0.427114839319471,46
2005,19.59375,2.16423913043478,"Mingo County Park Res Stn",19.6449539224953,3.64571124763705,-0.0512039224952758,-1.48147211720227,46
2006,18.8970108695652,3.55630434782609,"Mingo County Park Res Stn",19.6449539224953,3.64571124763705,-0.747943052930058,-0.0894068998109638,46
2007,19.5513586956522,2.8079347826087,"Mingo County Park Res Stn",19.6449539224953,3.64571124763705,-0.0935952268431031,-0.837776465028355,46
2008,18.5765760869565,4.44315217391304,"Mingo County Park Res Stn",19.6449539224953,3.64571124763705,-1.06837783553875,0.797440926275993,46
2009,18.4109782608696,3.59358695652174,"Mingo County Park Res Stn",19.6449539224953,3.64571124763705,-1.23397566162571,-0.0521242911153115,46
2010,20.3222282608696,3.47521739130435,"Mingo County Park Res Stn",19.6449539224953,3.64571124763705,0.677274338374289,-0.170493856332703,46
2011,20.7484239130435,3.98554347826087,"Mingo County Park Res Stn",19.6449539224953,3.64571124763705,1.1034699905482,0.339832230623819,46
2012,21.4658695652174,2.97260869565217,"Mingo County Park Res Stn",19.6449539224953,3.64571124763705,1.82091564272212,-0.673102551984877,46
2013,19.9835326086957,4.99358695652174,"Mingo County Park Res Stn",19.6449539224953,3.64571124763705,0.338578686200375,1.34787570888469,46
2014,19.5827717391304,4.77054347826087,"Mingo County Park Res Stn",19.6449539224953,3.64571124763705,-0.0621821833648397,1.12483223062382,46
2015,20.6801086956522,4.10760869565217,"Mingo County Park Res Stn",19.6449539224953,3.64571124763705,1.0351547731569,0.461897448015123,46
2016,19.9611413043478,4.46782608695652,"Mingo County Park Res Stn",19.6449539224953,3.64571124763705,0.316187381852551,0.822114839319471,46
2017,19.6557608695652,5.6225,"Mingo County Park Res Stn",19.6449539224953,3.64571124763705,0.0108069470699412,1.97678875236295,46
2018,21.3314130434783,4.3404347826087,"Mingo County Park Res Stn",19.6449539224953,3.64571124763705,1.68645912098298,0.694723534971645,46
1992,19.2152717391304,3.8129347826087,"Crossways",20.9034888941399,3.85402882797732,-1.68821715500945,-0.0410940453686202,46
1993,21.2425543478261,2.24923913043478,"Crossways",20.9034888941399,3.85402882797732,0.339065453686199,-1.60478969754253,46
1994,21.2492391304348,3.48,"Crossways",20.9034888941399,3.85402882797732,0.345750236294897,-0.374028827977316,46
1995,20.1400543478261,2.78847826086957,"Crossways",20.9034888941399,3.85402882797732,-0.7634345463138,-1.06555056710775,46
1996,19.79,4.97163043478261,"Crossways",20.9034888941399,3.85402882797732,-1.11348889413989,1.11760160680529,46
1997,19.2820108695652,2.8204347826087,"Crossways",20.9034888941399,3.85402882797732,-1.62147802457467,-1.03359404536862,46
1998,20.8365760869565,3.97695652173913,"Crossways",20.9034888941399,3.85402882797732,-0.066912807183364,0.122927693761815,46
1999,20.9923369565217,1.5475,"Crossways",20.9034888941399,3.85402882797732,0.0888480623818531,-2.30652882797732,46
2000,19.7845652173913,3.71847826086957,"Crossways",20.9034888941399,3.85402882797732,-1.11892367674858,-0.13555056710775,46
2001,20.7692934782609,4.32315217391304,"Crossways",20.9034888941399,3.85402882797732,-0.134195415879017,0.469123345935728,46
2002,21.0125543478261,3.45489130434783,"Crossways",20.9034888941399,3.85402882797732,0.109065453686199,-0.39913752362949,46
2003,19.4342391304348,4.29663043478261,"Crossways",20.9034888941399,3.85402882797732,-1.4692497637051,0.442601606805293,46
2004,21.1650543478261,4.81891304347826,"Crossways",20.9034888941399,3.85402882797732,0.261565453686199,0.964884215500946,46
2005,20.7589130434783,3.40358695652174,"Crossways",20.9034888941399,3.85402882797732,-0.144575850661624,-0.450441871455577,46
2006,21.2226630434783,5.21260869565217,"Crossways",20.9034888941399,3.85402882797732,0.319174149338373,1.35857986767486,46
2007,21.0946195652174,2.44684782608696,"Crossways",20.9034888941399,3.85402882797732,0.191130671077506,-1.40718100189036,46
2008,20.5557608695652,3.85978260869565,"Crossways",20.9034888941399,3.85402882797732,-0.347728024574668,0.00575378071833654,46
2009,19.7227717391304,5.14369565217391,"Crossways",20.9034888941399,3.85402882797732,-1.18071715500945,1.2896668241966,46
2010,22.6226086956522,3.16510869565217,"Crossways",20.9034888941399,3.85402882797732,1.71911980151229,-0.688920132325142,46
2011,22.2221739130435,2.58413043478261,"Crossways",20.9034888941399,3.85402882797732,1.31868501890359,-1.26989839319471,46
2012,21.7479891304348,3.3525,"Crossways",20.9034888941399,3.85402882797732,0.844500236294895,-0.501528827977316,46
2013,21.2602717391304,5.62380434782609,"Crossways",20.9034888941399,3.85402882797732,0.356782844990548,1.76977551984877,46
2014,20.6152717391304,3.71728260869565,"Crossways",20.9034888941399,3.85402882797732,-0.288217155009452,-0.136746219281664,46
2015,21.680597826087,3.16684782608696,"Crossways",20.9034888941399,3.85402882797732,0.777108931947069,-0.687181001890359,46
2016,20.8002173913043,3.58097826086957,"Crossways",20.9034888941399,3.85402882797732,-0.10327150283554,-0.273050567107751,46
2017,20.4711413043478,4.44923913043478,"Crossways",20.9034888941399,3.85402882797732,-0.432347589792062,0.595210302457467,46
2018,21.5892934782609,4.77130434782609,"Crossways",20.9034888941399,3.85402882797732,0.685804584120984,0.917275519848771,46
1992,18.7689673913043,3.22032608695652,"Duke Farms Barn & Wetlnds",20.6168289224953,3.74993383742911,-1.84786153119093,-0.52960775047259,46
1993,20.8265217391304,1.69304347826087,"Duke Farms Barn & Wetlnds",20.6168289224953,3.74993383742911,0.209692816635162,-2.05689035916824,46
1994,20.8576630434783,4.0529347826087,"Duke Farms Barn & Wetlnds",20.6168289224953,3.74993383742911,0.240834120982989,0.303000945179584,46
1995,20.2701630434783,2.48565217391304,"Duke Farms Barn & Wetlnds",20.6168289224953,3.74993383742911,-0.346665879017014,-1.26428166351607,46
1996,19.2241304347826,4.8079347826087,"Duke Farms Barn & Wetlnds",20.6168289224953,3.74993383742911,-1.39269848771266,1.05800094517958,46
1997,19.3572826086957,3.9654347826087,"Duke Farms Barn & Wetlnds",20.6168289224953,3.74993383742911,-1.25954631379962,0.215500945179584,46
1998,20.7277717391304,3.56586956521739,"Duke Farms Barn & Wetlnds",20.6168289224953,3.74993383742911,0.110942816635163,-0.18406427221172,46
1999,21.1390760869565,1.39597826086957,"Duke Farms Barn & Wetlnds",20.6168289224953,3.74993383742911,0.522247164461248,-2.35395557655955,46
2000,19.6048913043478,3.63673913043478,"Duke Farms Barn & Wetlnds",20.6168289224953,3.74993383742911,-1.01193761814745,-0.113194706994329,46
2001,19.8501630434783,3.74652173913043,"Duke Farms Barn & Wetlnds",20.6168289224953,3.74993383742911,-0.766665879017012,-0.00341209829867672,46
2002,20.1375543478261,3.26130434782609,"Duke Farms Barn & Wetlnds",20.6168289224953,3.74993383742911,-0.479274574669187,-0.488629489603024,46
2003,19.0621195652174,4.80521739130435,"Duke Farms Barn & Wetlnds",20.6168289224953,3.74993383742911,-1.55470935727788,1.05528355387524,46
2004,20.6235869565217,4.90695652173913,"Duke Farms Barn & Wetlnds",20.6168289224953,3.74993383742911,0.0067580340264648,1.15702268431002,46
2005,20.4242391304348,2.67402173913043,"Duke Farms Barn & Wetlnds",20.6168289224953,3.74993383742911,-0.192589792060492,-1.07591209829868,46
2006,21.1261413043478,4.84347826086957,"Duke Farms Barn & Wetlnds",20.6168289224953,3.74993383742911,0.509312381852553,1.09354442344045,46
2007,20.7216847826087,3.49434782608696,"Duke Farms Barn & Wetlnds",20.6168289224953,3.74993383742911,0.104855860113421,-0.255586011342155,46
2008,20.3495652173913,3.41902173913043,"Duke Farms Barn & Wetlnds",20.6168289224953,3.74993383742911,-0.267263705103968,-0.330912098298676,46
2009,19.4480434782609,5.11391304347826,"Duke Farms Barn & Wetlnds",20.6168289224953,3.74993383742911,-1.1687854442344,1.36397920604915,46
2010,22.2122826086957,2.47597826086957,"Duke Farms Barn & Wetlnds",20.6168289224953,3.74993383742911,1.59545368620038,-1.27395557655955,46
2011,21.9466304347826,3.24489130434783,"Duke Farms Barn & Wetlnds",20.6168289224953,3.74993383742911,1.32980151228734,-0.505042533081285,46
2012,21.495652173913,3.62760869565217,"Duke Farms Barn & Wetlnds",20.6168289224953,3.74993383742911,0.878823251417771,-0.122325141776937,46
2013,21.2108695652174,5.38402173913043,"Duke Farms Barn & Wetlnds",20.6168289224953,3.74993383742911,0.594040642722117,1.63408790170132,46
2014,20.7121195652174,3.91608695652174,"Duke Farms Barn & Wetlnds",20.6168289224953,3.74993383742911,0.0952906427221194,0.166153119092628,46
2015,21.654347826087,2.78782608695652,"Duke Farms Barn & Wetlnds",20.6168289224953,3.74993383742911,1.03751890359168,-0.962107750472589,46
2016,20.8282608695652,3.73326086956522,"Duke Farms Barn & Wetlnds",20.6168289224953,3.74993383742911,0.211431947069944,-0.0166729678638937,46
2017,20.4057608695652,4.13565217391304,"Duke Farms Barn & Wetlnds",20.6168289224953,3.74993383742911,-0.211068052930056,0.385718336483932,46
2018,21.4182608695652,3.42304347826087,"Duke Farms Barn & Wetlnds",20.6168289224953,3.74993383742911,0.801431947069943,-0.326890359168242,46
1992,16.3234782608696,3.92836956521739,"Bousson Env. Res. Reserve",17.8246148393195,3.9065595463138,-1.50113657844991,0.0218100189035915,46
1993,17.705597826087,2.93641304347826,"Bousson Env. Res. Reserve",17.8246148393195,3.9065595463138,-0.119017013232511,-0.970146502835539,46
1994,17.1396195652174,3.1525,"Bousson Env. Res. Reserve",17.8246148393195,3.9065595463138,-0.684995274102079,-0.7540595463138,46
1995,18.1021739130435,3.00304347826087,"Bousson Env. Res. Reserve",17.8246148393195,3.9065595463138,0.27755907372401,-0.90351606805293,46
1996,17.045597826087,5.42967391304348,"Bousson Env. Res. Reserve",17.8246148393195,3.9065595463138,-0.779017013232512,1.52311436672968,46
1997,16.1388043478261,3.10402173913043,"Bousson Env. Res. Reserve",17.8246148393195,3.9065595463138,-1.68581049149338,-0.802537807183365,46
1998,18.2501086956522,1.94489130434783,"Bousson Env. Res. Reserve",17.8246148393195,3.9065595463138,0.425493856332704,-1.96166824196597,46
1999,19.0521739130435,3.02510869565217,"Bousson Env. Res. Reserve",17.8246148393195,3.9065595463138,1.22755907372401,-0.881450850661626,46
2000,17.4488586956522,3.99423913043478,"Bousson Env. Res. Reserve",17.8246148393195,3.9065595463138,-0.375756143667296,0.0876795841209828,46
2001,17.4722826086957,2.75,"Bousson Env. Res. Reserve",17.8246148393195,3.9065595463138,-0.352332230623816,-1.1565595463138,46
2002,17.6184239130435,3.74097826086957,"Bousson Env. Res. Reserve",17.8246148393195,3.9065595463138,-0.20619092627599,-0.165581285444234,46
2003,16.626847826087,5.3645652173913,"Bousson Env. Res. Reserve",17.8246148393195,3.9065595463138,-1.19776701323251,1.45800567107751,46
2004,17.8679347826087,5.33619565217391,"Bousson Env. Res. Reserve",17.8246148393195,3.9065595463138,0.0433199432892266,1.42963610586011,46
2005,18.1936413043478,2.94282608695652,"Bousson Env. Res. Reserve",17.8246148393195,3.9065595463138,0.369026465028355,-0.963733459357278,46
2006,17.7941847826087,5.19989130434783,"Bousson Env. Res. Reserve",17.8246148393195,3.9065595463138,-0.0304300567107738,1.29333175803403,46
2007,17.9102717391304,2.35902173913043,"Bousson Env. Res. Reserve",17.8246148393195,3.9065595463138,0.0856568998109672,-1.54753780718336,46
2008,17.2388043478261,4.41891304347826,"Bousson Env. Res. Reserve",17.8246148393195,3.9065595463138,-0.585810491493383,0.512353497164461,46
2009,16.6904347826087,3.97608695652174,"Bousson Env. Res. Reserve",17.8246148393195,3.9065595463138,-1.13418005671078,0.0695274102079395,46
2010,19.0039673913043,3.82402173913043,"Bousson Env. Res. Reserve",17.8246148393195,3.9065595463138,1.17935255198488,-0.0825378071833649,46
2011,19.0989130434783,3.17673913043478,"Bousson Env. Res. Reserve",17.8246148393195,3.9065595463138,1.27429820415879,-0.729820415879017,46
2012,19.6802173913043,3.16586956521739,"Bousson Env. Res. Reserve",17.8246148393195,3.9065595463138,1.85560255198488,-0.740689981096408,46
2013,18.5163043478261,4.81021739130435,"Bousson Env. Res. Reserve",17.8246148393195,3.9065595463138,0.691689508506617,0.903657844990548,46
2014,17.9127173913043,5.02815217391304,"Bousson Env. Res. Reserve",17.8246148393195,3.9065595463138,0.0881025519848784,1.12159262759924,46
2015,18.6123913043478,4.5029347826087,"Bousson Env. Res. Reserve",17.8246148393195,3.9065595463138,0.787776465028358,0.596375236294896,46
2016,17.8265217391304,3.06967391304348,"Bousson Env. Res. Reserve",17.8246148393195,3.9065595463138,0.00190689981096526,-0.836885633270322,46
2017,17.7154891304348,4.58336956521739,"Bousson Env. Res. Reserve",17.8246148393195,3.9065595463138,-0.109125708884687,0.676810018903592,46
2018,19.4614130434783,5.00184782608696,"Bousson Env. Res. Reserve",17.8246148393195,3.9065595463138,1.63679820415879,1.09528827977316,46
1992,16.8257065217391,3.92652173913043,"Old Hemlock Bird Obs.",18.373838610586,4.36785680529301,-1.54813208884688,-0.441335066162571,46
1993,18.7060869565217,3.01652173913043,"Old Hemlock Bird Obs.",18.373838610586,4.36785680529301,0.332248345935724,-1.35133506616257,46
1994,17.7473369565217,3.5920652173913,"Old Hemlock Bird Obs.",18.373838610586,4.36785680529301,-0.626501654064274,-0.775791587901701,46
1995,18.7182608695652,3.05054347826087,"Old Hemlock Bird Obs.",18.373838610586,4.36785680529301,0.344422258979204,-1.31731332703214,46
1996,17.8383152173913,6.39619565217391,"Old Hemlock Bird Obs.",18.373838610586,4.36785680529301,-0.535523393194708,2.02833884688091,46
1997,16.9073369565217,3.61989130434783,"Old Hemlock Bird Obs.",18.373838610586,4.36785680529301,-1.46650165406427,-0.747965500945179,46
1998,18.7884239130435,3.88130434782609,"Old Hemlock Bird Obs.",18.373838610586,4.36785680529301,0.414585302457464,-0.486552457466918,46
1999,19.4084782608696,2.31760869565217,"Old Hemlock Bird Obs.",18.373838610586,4.36785680529301,1.03463965028355,-2.05024810964083,46
2000,18.3848369565217,4.87608695652174,"Old Hemlock Bird Obs.",18.373838610586,4.36785680529301,0.0109983459357252,0.508230151228734,46
2001,17.5539673913043,4.67413043478261,"Old Hemlock Bird Obs.",18.373838610586,4.36785680529301,-0.819871219281666,0.306273629489604,46
2002,18.5027717391304,4.52760869565217,"Old Hemlock Bird Obs.",18.373838610586,4.36785680529301,0.128933128544421,0.159751890359169,46
2003,17.2446195652174,6.41402173913044,"Old Hemlock Bird Obs.",18.373838610586,4.36785680529301,-1.12921904536862,2.04616493383743,46
2004,18.7483152173913,4.87521739130435,"Old Hemlock Bird Obs.",18.373838610586,4.36785680529301,0.374476606805292,0.507360586011343,46
2005,18.3188586956522,3.24108695652174,"Old Hemlock Bird Obs.",18.373838610586,4.36785680529301,-0.0549799149338384,-1.12676984877127,46
2006,17.6296195652174,4.24782608695652,"Old Hemlock Bird Obs.",18.373838610586,4.36785680529301,-0.74421904536862,-0.120030718336483,46
2007,18.2225543478261,3.35076086956522,"Old Hemlock Bird Obs.",18.373838610586,4.36785680529301,-0.151284262759926,-1.01709593572779,46
2008,17.4861956521739,5.85532608695652,"Old Hemlock Bird Obs.",18.373838610586,4.36785680529301,-0.887642958412101,1.48746928166352,46
2009,17.2547826086957,4.3845652173913,"Old Hemlock Bird Obs.",18.373838610586,4.36785680529301,-1.11905600189036,0.016708412098299,46
2010,19.4171195652174,4.16510869565217,"Old Hemlock Bird Obs.",18.373838610586,4.36785680529301,1.04328095463138,-0.202748109640831,46
2011,19.3194565217391,4.78880434782609,"Old Hemlock Bird Obs.",18.373838610586,4.36785680529301,0.945617911153118,0.420947542533082,46
2012,19.4610869565217,3.48369565217391,"Old Hemlock Bird Obs.",18.373838610586,4.36785680529301,1.08724834593573,-0.884161153119092,46
2013,18.3279347826087,4.91217391304348,"Old Hemlock Bird Obs.",18.373838610586,4.36785680529301,-0.0459038279773161,0.544317107750473,46
2014,17.9967391304348,4.97771739130435,"Old Hemlock Bird Obs.",18.373838610586,4.36785680529301,-0.37709948015123,0.609860586011343,46
2015,19.2308152173913,4.52978260869565,"Old Hemlock Bird Obs.",18.373838610586,4.36785680529301,0.85697660680529,0.161925803402647,46
2016,18.5084782608696,4.78369565217391,"Old Hemlock Bird Obs.",18.373838610586,4.36785680529301,0.134639650283553,0.415838846880908,46
2017,18.1111413043478,6.535,"Old Hemlock Bird Obs.",18.373838610586,4.36785680529301,-0.262697306238188,2.16714319470699,46
2018,19.9677173913043,5.00641304347826,"Old Hemlock Bird Obs.",18.373838610586,4.36785680529301,1.59387878071833,0.638556238185256,46
1992,18.1375543478261,4.0245652173913,"New River Bird Obs.",19.3881592627599,4.31276228733459,-1.25060491493384,-0.28819706994329,46
1993,19.870652173913,3.08021739130435,"New River Bird Obs.",19.3881592627599,4.31276228733459,0.48249291115312,-1.23254489603025,46
1994,18.8890760869565,3.35054347826087,"New River Bird Obs.",19.3881592627599,4.31276228733459,-0.499083175803403,-0.962218809073724,46
1995,19.3952717391304,4.19065217391304,"New River Bird Obs.",19.3881592627599,4.31276228733459,0.00711247637051216,-0.122110113421551,46
1996,19.0436956521739,5.41141304347826,"New River Bird Obs.",19.3881592627599,4.31276228733459,-0.344463610586011,1.09865075614367,46
1997,17.8784239130435,3.79010869565217,"New River Bird Obs.",19.3881592627599,4.31276228733459,-1.50973534971645,-0.52265359168242,46
1998,19.2244565217391,5.0004347826087,"New River Bird Obs.",19.3881592627599,4.31276228733459,-0.163702741020792,0.687672495274102,46
1999,20.1926086956522,2.20423913043478,"New River Bird Obs.",19.3881592627599,4.31276228733459,0.804449432892252,-2.10852315689981,46
2000,19.2027717391304,4.98934782608696,"New River Bird Obs.",19.3881592627599,4.31276228733459,-0.18538752362949,0.676585538752363,46
2001,18.734402173913,7.77108695652174,"New River Bird Obs.",19.3881592627599,4.31276228733459,-0.653757088846881,3.45832466918715,46
2002,19.2297826086957,4.44945652173913,"New River Bird Obs.",19.3881592627599,4.31276228733459,-0.158376654064273,0.136694234404537,46
2003,18.3639673913043,5.75032608695652,"New River Bird Obs.",19.3881592627599,4.31276228733459,-1.02419187145557,1.43756379962193,46
2004,19.9283152173913,5.4154347826087,"New River Bird Obs.",19.3881592627599,4.31276228733459,0.540155954631381,1.1026724952741,46
2005,19.2402717391304,3.54228260869565,"New River Bird Obs.",19.3881592627599,4.31276228733459,-0.147887523629489,-0.770479678638941,46
2006,18.4521195652174,3.95521739130435,"New River Bird Obs.",19.3881592627599,4.31276228733459,-0.936039697542533,-0.357544896030246,46
2007,19.5901630434783,3.45434782608696,"New River Bird Obs.",19.3881592627599,4.31276228733459,0.202003780718336,-0.858414461247637,46
2008,18.6664673913043,4.5495652173913,"New River Bird Obs.",19.3881592627599,4.31276228733459,-0.721691871455576,0.236802930056711,46
2009,18.6405434782609,5.16478260869565,"New River Bird Obs.",19.3881592627599,4.31276228733459,-0.747615784499054,0.852020321361058,46
2010,20.7892934782609,5.23445652173913,"New River Bird Obs.",19.3881592627599,4.31276228733459,1.40113421550095,0.921694234404537,46
2011,20.286902173913,3.62652173913043,"New River Bird Obs.",19.3881592627599,4.31276228733459,0.898742911153118,-0.686240548204159,46
2012,20.7248913043478,4.1545652173913,"New River Bird Obs.",19.3881592627599,4.31276228733459,1.3367320415879,-0.15819706994329,46
2013,19.3832608695652,4.91728260869565,"New River Bird Obs.",19.3881592627599,4.31276228733459,-0.00489839319470775,0.604520321361059,46
2014,19.4930434782609,3.4195652173913,"New River Bird Obs.",19.3881592627599,4.31276228733459,0.104884215500945,-0.893197069943289,46
2015,20.5238043478261,4.71304347826087,"New River Bird Obs.",19.3881592627599,4.31276228733459,1.13564508506616,0.400281190926276,46
2016,19.4486956521739,5.86739130434783,"New River Bird Obs.",19.3881592627599,4.31276228733459,0.0605363894139899,1.55462901701323,46
2017,19.2023369565217,5.18336956521739,"New River Bird Obs.",19.3881592627599,4.31276228733459,-0.185822306238183,0.870607277882797,46
2018,21.0750543478261,4.44054347826087,"New River Bird Obs.",19.3881592627599,4.31276228733459,1.68689508506616,0.127781190926276,46
1992,17.940597826087,4.45847826086957,"Freeman Tract Road",19.3136791115312,3.87773393194707,-1.37308128544423,0.580744328922496,46
1993,19.8907608695652,1.25467391304348,"Freeman Tract Road",19.3136791115312,3.87773393194707,0.577081758034026,-2.62306001890359,46
1994,19.9413586956522,4.33739130434783,"Freeman Tract Road",19.3136791115312,3.87773393194707,0.627679584120983,0.459657372400756,46
1995,19.6400543478261,3.10521739130435,"Freeman Tract Road",19.3136791115312,3.87773393194707,0.326375236294897,-0.772516540642722,46
1996,18.528152173913,4.56858695652174,"Freeman Tract Road",19.3136791115312,3.87773393194707,-0.785526937618148,0.690853024574669,46
1997,18.231847826087,2.45684782608696,"Freeman Tract Road",19.3136791115312,3.87773393194707,-1.08183128544423,-1.42088610586011,46
1998,19.2663586956522,3.69445652173913,"Freeman Tract Road",19.3136791115312,3.87773393194707,-0.0473204158790175,-0.18327741020794,46
1999,19.9404891304348,1.48032608695652,"Freeman Tract Road",19.3136791115312,3.87773393194707,0.626810018903594,-2.39740784499055,46
2000,18.1378260869565,4.26521739130435,"Freeman Tract Road",19.3136791115312,3.87773393194707,-1.17585302457467,0.387483459357278,46
2001,18.555652173913,3.38684782608696,"Freeman Tract Road",19.3136791115312,3.87773393194707,-0.758026937618148,-0.490886105860113,46
2002,18.8497282608696,3.15717391304348,"Freeman Tract Road",19.3136791115312,3.87773393194707,-0.463950850661625,-0.720560018903591,46
2003,18.0319565217391,4.56,"Freeman Tract Road",19.3136791115312,3.87773393194707,-1.28172258979206,0.68226606805293,46
2004,19.0103260869565,3.95315217391304,"Freeman Tract Road",19.3136791115312,3.87773393194707,-0.303353024574669,0.0754182419659735,46
2005,19.3461956521739,2.4045652173913,"Freeman Tract Road",19.3136791115312,3.87773393194707,0.0325165406427246,-1.47316871455577,46
2006,19.5214130434783,4.85510869565217,"Freeman Tract Road",19.3136791115312,3.87773393194707,0.207733931947072,0.977374763705104,46
2007,19.2459239130435,3.16304347826087,"Freeman Tract Road",19.3136791115312,3.87773393194707,-0.0677551984877098,-0.7146904536862,46
2008,18.8135326086957,3.72597826086957,"Freeman Tract Road",19.3136791115312,3.87773393194707,-0.500146502835538,-0.151755671077505,46
2009,17.9684782608696,4.94880434782609,"Freeman Tract Road",19.3136791115312,3.87773393194707,-1.34520085066163,1.07107041587902,46
2010,20.3473913043478,3.03010869565217,"Freeman Tract Road",19.3136791115312,3.87773393194707,1.03371219281664,-0.847625236294896,46
2011,20.0194565217391,4.94565217391304,"Freeman Tract Road",19.3136791115312,3.87773393194707,0.70577741020794,1.06791824196597,46
2012,20.2784239130435,3.78152173913043,"Freeman Tract Road",19.3136791115312,3.87773393194707,0.964744801512289,-0.0962121928166351,46
2013,19.6863043478261,6.04152173913043,"Freeman Tract Road",19.3136791115312,3.87773393194707,0.372625236294898,2.16378780718336,46
2014,19.4417391304348,4.1770652173913,"Freeman Tract Road",19.3136791115312,3.87773393194707,0.128060018903593,0.299331285444235,46
2015,19.9235869565217,4.14826086956522,"Freeman Tract Road",19.3136791115312,3.87773393194707,0.609907844990548,0.270526937618148,46
2016,19.255652173913,3.14402173913043,"Freeman Tract Road",19.3136791115312,3.87773393194707,-0.0580269376181448,-0.733712192816635,46
2017,18.8951086956522,4.1329347826087,"Freeman Tract Road",19.3136791115312,3.87773393194707,-0.418570415879017,0.255200850661626,46
2018,20.1691304347826,4.30184782608696,"Freeman Tract Road",19.3136791115312,3.87773393194707,0.855451323251419,0.424113894139887,46
1992,17.62875,3.13945652173913,"CIES North Lowlands",18.9732289697543,3.58738894139887,-1.34447896975425,-0.447932419659736,46
1993,19.0169565217391,1.25271739130435,"CIES North Lowlands",18.9732289697543,3.58738894139887,0.0437275519848761,-2.33467155009452,46
1994,19.0583695652174,3.60402173913043,"CIES North Lowlands",18.9732289697543,3.58738894139887,0.0851405954631375,0.0166327977315692,46
1995,18.5933152173913,2.44141304347826,"CIES North Lowlands",18.9732289697543,3.58738894139887,-0.379913752362949,-1.1459758979206,46
1996,18.055,5.35467391304348,"CIES North Lowlands",18.9732289697543,3.58738894139887,-0.918228969754253,1.76728497164461,46
1997,17.9267934782609,2.66782608695652,"CIES North Lowlands",18.9732289697543,3.58738894139887,-1.04643549149338,-0.919562854442344,46
1998,18.8948913043478,4.32532608695652,"CIES North Lowlands",18.9732289697543,3.58738894139887,-0.0783376654064263,0.737937145557656,46
1999,19.5536413043478,2.00304347826087,"CIES North Lowlands",18.9732289697543,3.58738894139887,0.580412334593575,-1.584345463138,46
2000,17.6546739130435,5.43445652173913,"CIES North Lowlands",18.9732289697543,3.58738894139887,-1.31855505671077,1.84706758034026,46
2001,18.3625,3.11608695652174,"CIES North Lowlands",18.9732289697543,3.58738894139887,-0.610728969754252,-0.471301984877126,46
2002,18.530652173913,3.49076086956522,"CIES North Lowlands",18.9732289697543,3.58738894139887,-0.442576795841209,-0.0966280718336483,46
2003,18.0374456521739,3.75989130434783,"CIES North Lowlands",18.9732289697543,3.58738894139887,-0.935783317580341,0.17250236294896,46
2004,18.9788586956522,2.76108695652174,"CIES North Lowlands",18.9732289697543,3.58738894139887,0.0056297258979221,-0.826301984877126,46
2005,18.9621739130435,2.45228260869565,"CIES North Lowlands",18.9732289697543,3.58738894139887,-0.0110550567107737,-1.13510633270321,46
2006,18.8808152173913,3.98271739130435,"CIES North Lowlands",18.9732289697543,3.58738894139887,-0.0924137523629476,0.395328449905482,46
2007,18.9183152173913,2.78804347826087,"CIES North Lowlands",18.9732289697543,3.58738894139887,-0.0549137523629497,-0.799345463137996,46
2008,18.570597826087,3.53804347826087,"CIES North Lowlands",18.9732289697543,3.58738894139887,-0.402631143667296,-0.0493454631379961,46
2009,17.6492391304348,5.84,"CIES North Lowlands",18.9732289697543,3.58738894139887,-1.32398983931947,2.25261105860113,46
2010,19.9949456521739,2.09260869565217,"CIES North Lowlands",18.9732289697543,3.58738894139887,1.02171668241966,-1.49478024574669,46
2011,19.7673913043478,4.18967391304348,"CIES North Lowlands",18.9732289697543,3.58738894139887,0.794162334593572,0.602284971644612,46
2012,19.7613586956522,3.97978260869565,"CIES North Lowlands",18.9732289697543,3.58738894139887,0.788129725897921,0.392393667296786,46
2013,19.7152717391304,5.48173913043478,"CIES North Lowlands",18.9732289697543,3.58738894139887,0.742042769376184,1.89435018903592,46
2014,18.9513586956522,3.94076086956522,"CIES North Lowlands",18.9732289697543,3.58738894139887,-0.0218702741020778,0.353371928166351,46
2015,19.5169565217391,3.69423913043478,"CIES North Lowlands",18.9732289697543,3.58738894139887,0.54372755198488,0.106850189035917,46
2016,19.4297826086957,2.97076086956522,"CIES North Lowlands",18.9732289697543,3.58738894139887,0.456553638941401,-0.616628071833648,46
2017,18.3147826086957,3.6695652173913,"CIES North Lowlands",18.9732289697543,3.58738894139887,-0.658446361058601,0.0821762759924387,46
2018,19.934347826087,3.20260869565217,"CIES North Lowlands",18.9732289697543,3.58738894139887,0.961118856332703,-0.384780245746692,46
1992,18.7411413043478,3.78586956521739,"North Carolina Arboretum",20.1441469754253,3.88339555765595,-1.4030056710775,-0.097525992438563,46
1993,20.7502717391304,2.12108695652174,"North Carolina Arboretum",20.1441469754253,3.88339555765595,0.606124763705104,-1.76230860113422,46
1994,19.5754891304348,3.85239130434783,"North Carolina Arboretum",20.1441469754253,3.88339555765595,-0.56865784499055,-0.0310042533081285,46
1995,19.97625,4.35880434782609,"North Carolina Arboretum",20.1441469754253,3.88339555765595,-0.167896975425332,0.475408790170133,46
1996,20.1798913043478,3.49891304347826,"North Carolina Arboretum",20.1441469754253,3.88339555765595,0.0357443289224939,-0.384482514177694,46
1997,18.5392934782609,3.80728260869565,"North Carolina Arboretum",20.1441469754253,3.88339555765595,-1.60485349716446,-0.0761129489603021,46
1998,21.078097826087,2.14641304347826,"North Carolina Arboretum",20.1441469754253,3.88339555765595,0.933950850661624,-1.73698251417769,46
1999,19.988152173913,3.01510869565217,"North Carolina Arboretum",20.1441469754253,3.88339555765595,-0.155994801512289,-0.868286862003781,46
2000,20.4628260869565,3.35467391304348,"North Carolina Arboretum",20.1441469754253,3.88339555765595,0.318679111531189,-0.528721644612476,46
2001,19.6688586956522,3.6945652173913,"North Carolina Arboretum",20.1441469754253,3.88339555765595,-0.47528827977316,-0.18883034026465,46
2002,20.0228260869565,3.28652173913043,"North Carolina Arboretum",20.1441469754253,3.88339555765595,-0.121320888468812,-0.59687381852552,46
2003,19.39,7.50282608695652,"North Carolina Arboretum",20.1441469754253,3.88339555765595,-0.754146975425332,3.61943052930057,46
2004,20.5666847826087,4.63771739130435,"North Carolina Arboretum",20.1441469754253,3.88339555765595,0.422537807183364,0.754321833648393,46
2005,19.6377717391304,6.43163043478261,"North Carolina Arboretum",20.1441469754253,3.88339555765595,-0.506375236294897,2.54823487712665,46
2006,19.52625,4.08086956521739,"North Carolina Arboretum",20.1441469754253,3.88339555765595,-0.617896975425332,0.197474007561437,46
2007,19.8079891304348,2.68076086956522,"North Carolina Arboretum",20.1441469754253,3.88339555765595,-0.336157844990549,-1.20263468809074,46
2008,19.7626630434783,2.40413043478261,"North Carolina Arboretum",20.1441469754253,3.88339555765595,-0.38148393194707,-1.47926512287335,46
2009,19.7488043478261,5.54467391304348,"North Carolina Arboretum",20.1441469754253,3.88339555765595,-0.395342627599245,1.66127835538752,46
2010,21.6371195652174,4.16782608695652,"North Carolina Arboretum",20.1441469754253,3.88339555765595,1.49297258979206,0.284430529300567,46
2011,20.9697826086957,3.24782608695652,"North Carolina Arboretum",20.1441469754253,3.88339555765595,0.82563563327032,-0.635569470699433,46
2012,20.9070108695652,3.40902173913043,"North Carolina Arboretum",20.1441469754253,3.88339555765595,0.762863894139883,-0.47437381852552,46
2013,19.5590760869565,8.56967391304348,"North Carolina Arboretum",20.1441469754253,3.88339555765595,-0.58507088846881,4.68627835538752,46
2014,19.8560326086957,3.59097826086957,"North Carolina Arboretum",20.1441469754253,3.88339555765595,-0.28811436672968,-0.292417296786389,46
2015,21.109347826087,2.97228260869565,"North Carolina Arboretum",20.1441469754253,3.88339555765595,0.965200850661624,-0.911112948960302,46
2016,20.7925543478261,2.92760869565217,"North Carolina Arboretum",20.1441469754253,3.88339555765595,0.648407372400754,-0.955786862003781,46
2017,20.2703804347826,3.76086956521739,"North Carolina Arboretum",20.1441469754253,3.88339555765595,0.126233459357277,-0.122525992438563,46
2018,21.4149456521739,5.49271739130435,"North Carolina Arboretum",20.1441469754253,3.88339555765595,1.27079867674858,1.60932183364839,46
1992,17.4896739130435,4.33869565217391,"Mohonk Brook Farm",18.8865016540643,3.86375472589792,-1.39682774102079,0.474940926275992,46
1993,18.9245108695652,1.43717391304348,"Mohonk Brook Farm",18.8865016540643,3.86375472589792,0.0380092155009457,-2.42658081285444,46
1994,19.0508695652174,3.63445652173913,"Mohonk Brook Farm",18.8865016540643,3.86375472589792,0.164367911153118,-0.22929820415879,46
1995,18.6198369565217,2.47619565217391,"Mohonk Brook Farm",18.8865016540643,3.86375472589792,-0.266664697542534,-1.38755907372401,46
1996,17.9330434782609,5.39141304347826,"Mohonk Brook Farm",18.8865016540643,3.86375472589792,-0.953458175803402,1.52765831758034,46
1997,17.8335869565217,2.35369565217391,"Mohonk Brook Farm",18.8865016540643,3.86375472589792,-1.05291469754253,-1.51005907372401,46
1998,18.6883695652174,4.67858695652174,"Mohonk Brook Farm",18.8865016540643,3.86375472589792,-0.198132088846879,0.814832230623819,46
1999,19.4209239130435,2.03880434782609,"Mohonk Brook Farm",18.8865016540643,3.86375472589792,0.534422258979205,-1.82495037807183,46
2000,17.65875,4.93358695652174,"Mohonk Brook Farm",18.8865016540643,3.86375472589792,-1.22775165406427,1.06983223062382,46
2001,18.1821739130435,3.24597826086957,"Mohonk Brook Farm",18.8865016540643,3.86375472589792,-0.704327741020794,-0.617776465028355,46
2002,18.3933695652174,3.76858695652174,"Mohonk Brook Farm",18.8865016540643,3.86375472589792,-0.493132088846881,-0.0951677693761814,46
2003,17.7763043478261,4.35576086956522,"Mohonk Brook Farm",18.8865016540643,3.86375472589792,-1.11019730623818,0.492006143667297,46
2004,18.7921195652174,3.19130434782609,"Mohonk Brook Farm",18.8865016540643,3.86375472589792,-0.0943820888468814,-0.672450378071834,46
2005,19.1411413043478,2.465,"Mohonk Brook Farm",18.8865016540643,3.86375472589792,0.254639650283554,-1.39875472589792,46
2006,18.9316304347826,4.43586956521739,"Mohonk Brook Farm",18.8865016540643,3.86375472589792,0.0451287807183363,0.572114839319471,46
2007,19.0419565217391,2.675,"Mohonk Brook Farm",18.8865016540643,3.86375472589792,0.155454867674859,-1.18875472589792,46
2008,18.6728260869565,3.15923913043478,"Mohonk Brook Farm",18.8865016540643,3.86375472589792,-0.213675567107749,-0.704515595463138,46
2009,17.4972826086957,7.04684782608696,"Mohonk Brook Farm",18.8865016540643,3.86375472589792,-1.38921904536862,3.18309310018904,46
2010,20.054402173913,2.5129347826087,"Mohonk Brook Farm",18.8865016540643,3.86375472589792,1.16790051984877,-1.35081994328922,46
2011,20.0223369565217,4.51717391304348,"Mohonk Brook Farm",18.8865016540643,3.86375472589792,1.13583530245747,0.653419187145558,46
2012,19.9991847826087,4.59489130434783,"Mohonk Brook Farm",18.8865016540643,3.86375472589792,1.11268312854442,0.731136578449905,46
2013,19.5175543478261,5.44239130434783,"Mohonk Brook Farm",18.8865016540643,3.86375472589792,0.631052693761816,1.57863657844991,46
2014,18.9633152173913,4.88271739130435,"Mohonk Brook Farm",18.8865016540643,3.86375472589792,0.0768135633270326,1.01896266540643,46
2015,19.5109239130435,4.00434782608696,"Mohonk Brook Farm",18.8865016540643,3.86375472589792,0.624422258979205,0.140593100189036,46
2016,19.3750543478261,3.70467391304348,"Mohonk Brook Farm",18.8865016540643,3.86375472589792,0.488552693761815,-0.159080812854442,46
2017,18.3148913043478,3.96391304347826,"Mohonk Brook Farm",18.8865016540643,3.86375472589792,-0.571610349716448,0.10015831758034,46
2018,19.9447826086957,4.02402173913043,"Mohonk Brook Farm",18.8865016540643,3.86375472589792,1.05828095463138,0.160267013232514,46
1992,17.6353260869565,3.97880434782609,"SUNY New Paltz Campus For",19.0766776937618,3.78612948960302,-1.44135160680529,0.192674858223062,46
1993,19.1177173913043,1.4095652173913,"SUNY New Paltz Campus For",19.0766776937618,3.78612948960302,0.04103969754253,-2.37656427221172,46
1994,19.2341304347826,3.72804347826087,"SUNY New Paltz Campus For",19.0766776937618,3.78612948960302,0.157452741020794,-0.0580860113421551,46
1995,18.8072826086957,2.44163043478261,"SUNY New Paltz Campus For",19.0766776937618,3.78612948960302,-0.269395085066165,-1.34449905482042,46
1996,18.1375,5.425,"SUNY New Paltz Campus For",19.0766776937618,3.78612948960302,-0.939177693761817,1.63887051039698,46
1997,18.0330434782609,2.42304347826087,"SUNY New Paltz Campus For",19.0766776937618,3.78612948960302,-1.04363421550095,-1.36308601134216,46
1998,18.7875543478261,4.6054347826087,"SUNY New Paltz Campus For",19.0766776937618,3.78612948960302,-0.289123345935728,0.819305293005671,46
1999,19.5600543478261,1.92228260869565,"SUNY New Paltz Campus For",19.0766776937618,3.78612948960302,0.483376654064269,-1.86384688090737,46
2000,17.7899456521739,4.84217391304348,"SUNY New Paltz Campus For",19.0766776937618,3.78612948960302,-1.2867320415879,1.05604442344045,46
2001,18.3851630434783,3.09923913043478,"SUNY New Paltz Campus For",19.0766776937618,3.78612948960302,-0.691514650283555,-0.686890359168242,46
2002,18.5783152173913,3.7729347826087,"SUNY New Paltz Campus For",19.0766776937618,3.78612948960302,-0.498362476370513,-0.0131947069943288,46
2003,17.9775,4.22326086956522,"SUNY New Paltz Campus For",19.0766776937618,3.78612948960302,-1.09917769376182,0.437131379962192,46
2004,19.0264130434783,3.04152173913043,"SUNY New Paltz Campus For",19.0766776937618,3.78612948960302,-0.0502646502835553,-0.74460775047259,46
2005,19.3197282608696,2.60076086956522,"SUNY New Paltz Campus For",19.0766776937618,3.78612948960302,0.243050567107748,-1.18536862003781,46
2006,19.1477717391304,4.2375,"SUNY New Paltz Campus For",19.0766776937618,3.78612948960302,0.0710940453686177,0.451370510396975,46
2007,19.2753260869565,2.70010869565217,"SUNY New Paltz Campus For",19.0766776937618,3.78612948960302,0.198648393194706,-1.08602079395085,46
2008,18.9035326086957,3.16228260869565,"SUNY New Paltz Campus For",19.0766776937618,3.78612948960302,-0.173145085066164,-0.623846880907373,46
2009,17.6194565217391,6.98347826086956,"SUNY New Paltz Campus For",19.0766776937618,3.78612948960302,-1.45722117202268,3.19734877126654,46
2010,20.2373913043478,2.36641304347826,"SUNY New Paltz Campus For",19.0766776937618,3.78612948960302,1.16071361058601,-1.41971644612476,46
2011,20.198152173913,4.16869565217391,"SUNY New Paltz Campus For",19.0766776937618,3.78612948960302,1.12147448015123,0.382566162570888,46
2012,20.1722282608696,4.70271739130435,"SUNY New Paltz Campus For",19.0766776937618,3.78612948960302,1.09555056710775,0.916587901701323,46
2013,19.7575,5.20836956521739,"SUNY New Paltz Campus For",19.0766776937618,3.78612948960302,0.680822306238184,1.42224007561437,46
2014,19.1667391304348,4.54847826086957,"SUNY New Paltz Campus For",19.0766776937618,3.78612948960302,0.0900614366729648,0.762348771266541,46
2015,19.7101086956522,3.52771739130435,"SUNY New Paltz Campus For",19.0766776937618,3.78612948960302,0.633431001890358,-0.258412098298677,46
2016,19.6198369565217,3.49695652173913,"SUNY New Paltz Campus For",19.0766776937618,3.78612948960302,0.543159262759922,-0.289172967863894,46
2017,18.5334782608696,3.8675,"SUNY New Paltz Campus For",19.0766776937618,3.78612948960302,-0.543199432892251,0.0813705103969755,46
2018,20.1866304347826,4.20804347826087,"SUNY New Paltz Campus For",19.0766776937618,3.78612948960302,1.10995274102079,0.421913988657845,46
1992,14.8811413043478,3.20902173913043,"Edmund Niles Huyck Pres.",16.2851134215501,3.59778827977316,-1.40397211720227,-0.388766540642722,46
1993,16.1276086956522,1.72695652173913,"Edmund Niles Huyck Pres.",16.2851134215501,3.59778827977316,-0.157504725897919,-1.87083175803403,46
1994,16.73875,2.96630434782609,"Edmund Niles Huyck Pres.",16.2851134215501,3.59778827977316,0.453636578449906,-0.63148393194707,46
1995,16.5623913043478,2.28967391304348,"Edmund Niles Huyck Pres.",16.2851134215501,3.59778827977316,0.277277882797733,-1.30811436672968,46
1996,15.4983695652174,5.24326086956522,"Edmund Niles Huyck Pres.",16.2851134215501,3.59778827977316,-0.786743856332702,1.64547258979206,46
1997,15.1559239130435,1.79565217391304,"Edmund Niles Huyck Pres.",16.2851134215501,3.59778827977316,-1.12918950850661,-1.80213610586011,46
1998,16.6308152173913,4.54945652173913,"Edmund Niles Huyck Pres.",16.2851134215501,3.59778827977316,0.345701795841212,0.951668241965973,46
1999,17.23375,2.67021739130435,"Edmund Niles Huyck Pres.",16.2851134215501,3.59778827977316,0.948636578449907,-0.927570888468809,46
2000,15.4032065217391,5.06217391304348,"Edmund Niles Huyck Pres.",16.2851134215501,3.59778827977316,-0.881906899810962,1.46438563327032,46
2001,15.8815760869565,2.95619565217391,"Edmund Niles Huyck Pres.",16.2851134215501,3.59778827977316,-0.403537334593572,-0.641592627599244,46
2002,15.9972282608696,3.14532608695652,"Edmund Niles Huyck Pres.",16.2851134215501,3.59778827977316,-0.287885160680528,-0.452462192816635,46
2003,15.6785869565217,4.24826086956522,"Edmund Niles Huyck Pres.",16.2851134215501,3.59778827977316,-0.606526465028354,0.65047258979206,46
2004,16.2413043478261,4.50010869565217,"Edmund Niles Huyck Pres.",16.2851134215501,3.59778827977316,-0.043809073724006,0.902320415879017,46
2005,16.4016304347826,3.37608695652174,"Edmund Niles Huyck Pres.",16.2851134215501,3.59778827977316,0.116517013232514,-0.221701323251418,46
2006,16.4946739130435,6.23336956521739,"Edmund Niles Huyck Pres.",16.2851134215501,3.59778827977316,0.209560491493384,2.63558128544423,46
2007,16.3298369565217,3.85282608695652,"Edmund Niles Huyck Pres.",16.2851134215501,3.59778827977316,0.0447235349716451,0.255037807183365,46
2008,15.9632608695652,4.49880434782609,"Edmund Niles Huyck Pres.",16.2851134215501,3.59778827977316,-0.321852551984875,0.90101606805293,46
2009,15.5195108695652,5.31173913043478,"Edmund Niles Huyck Pres.",16.2851134215501,3.59778827977316,-0.765602551984877,1.71395085066163,46
2010,17.6828260869565,3.34847826086957,"Edmund Niles Huyck Pres.",16.2851134215501,3.59778827977316,1.39771266540643,-0.249310018903592,46
2011,17.2172826086957,4.46315217391304,"Edmund Niles Huyck Pres.",16.2851134215501,3.59778827977316,0.932169187145558,0.865363894139886,46
2012,17.4646739130435,2.9320652173913,"Edmund Niles Huyck Pres.",16.2851134215501,3.59778827977316,1.17956049149338,-0.665723062381853,46
2013,17.2011413043478,4.6075,"Edmund Niles Huyck Pres.",16.2851134215501,3.59778827977316,0.916027882797732,1.00971172022684,46
2014,16.4217391304348,4.33239130434783,"Edmund Niles Huyck Pres.",16.2851134215501,3.59778827977316,0.13662570888469,0.734603024574669,46
2015,17.0784782608696,3.28717391304348,"Edmund Niles Huyck Pres.",16.2851134215501,3.59778827977316,0.793364839319473,-0.310614366729679,46
2016,16.1466847826087,3.03336956521739,"Edmund Niles Huyck Pres.",16.2851134215501,3.59778827977316,-0.138428638941399,-0.564418714555766,46
2017,15.6545108695652,4.50684782608696,"Edmund Niles Huyck Pres.",16.2851134215501,3.59778827977316,-0.630602551984875,0.9090595463138,46
2018,17.296847826087,2.74065217391304,"Edmund Niles Huyck Pres.",16.2851134215501,3.59778827977316,1.01173440453686,-0.857136105860114,46
1992,21.9298369565217,3.815,"Scott King-Jordan",23.4838728733459,3.68719281663516,-1.5540359168242,0.127807183364839,46
1993,24.7430434782609,2.15402173913043,"Scott King-Jordan",23.4838728733459,3.68719281663516,1.25917060491493,-1.53317107750473,46
1994,23.4903804347826,3.24152173913043,"Scott King-Jordan",23.4838728733459,3.68719281663516,0.00650756143667053,-0.445671077504726,46
1995,23.5865760869565,4.8979347826087,"Scott King-Jordan",23.4838728733459,3.68719281663516,0.102703213610585,1.21074196597353,46
1996,23.7679347826087,3.10771739130435,"Scott King-Jordan",23.4838728733459,3.68719281663516,0.284061909262757,-0.579475425330813,46
1997,22.3134239130435,2.89391304347826,"Scott King-Jordan",23.4838728733459,3.68719281663516,-1.17044896030246,-0.7932797731569,46
1998,24.0907065217391,2.59228260869565,"Scott King-Jordan",23.4838728733459,3.68719281663516,0.606833648393192,-1.09491020793951,46
1999,22.9519565217391,1.96282608695652,"Scott King-Jordan",23.4838728733459,3.68719281663516,-0.531916351606807,-1.72436672967864,46
2000,23.3298913043478,3.37467391304348,"Scott King-Jordan",23.4838728733459,3.68719281663516,-0.153981568998113,-0.312518903591683,46
2001,22.6379891304348,4.26836956521739,"Scott King-Jordan",23.4838728733459,3.68719281663516,-0.845883742911155,0.58117674858223,46
2002,23.74,2.20217391304348,"Scott King-Jordan",23.4838728733459,3.68719281663516,0.256127126654061,-1.48501890359168,46
2003,22.3209782608696,4.17771739130435,"Scott King-Jordan",23.4838728733459,3.68719281663516,-1.16289461247637,0.490524574669187,46
2004,24.0010869565217,3.32489130434783,"Scott King-Jordan",23.4838728733459,3.68719281663516,0.517214083175801,-0.362301512287335,46
2005,23.0122282608696,2.6870652173913,"Scott King-Jordan",23.4838728733459,3.68719281663516,-0.471644612476371,-1.00012759924386,46
2006,22.4585326086957,5.32913043478261,"Scott King-Jordan",23.4838728733459,3.68719281663516,-1.02534026465029,1.64193761814745,46
2007,23.0545108695652,2.09108695652174,"Scott King-Jordan",23.4838728733459,3.68719281663516,-0.429362003780721,-1.59610586011342,46
2008,23.3808695652174,3.5825,"Scott King-Jordan",23.4838728733459,3.68719281663516,-0.103003308128546,-0.104692816635161,46
2009,23.4665760869565,2.97021739130435,"Scott King-Jordan",23.4838728733459,3.68719281663516,-0.0172967863894158,-0.716975425330813,46
2010,25.1128804347826,3.03173913043478,"Scott King-Jordan",23.4838728733459,3.68719281663516,1.62900756143667,-0.655453686200378,46
2011,24.583097826087,3.1129347826087,"Scott King-Jordan",23.4838728733459,3.68719281663516,1.09922495274102,-0.574258034026465,46
2012,24.2316304347826,3.70163043478261,"Scott King-Jordan",23.4838728733459,3.68719281663516,0.747757561436671,0.0144376181474479,46
2013,22.8889673913043,5.48684782608696,"Scott King-Jordan",23.4838728733459,3.68719281663516,-0.59490548204159,1.7996550094518,46
2014,23.3641304347826,4.99021739130435,"Scott King-Jordan",23.4838728733459,3.68719281663516,-0.119742438563328,1.30302457466919,46
2015,24.32375,3.53554347826087,"Scott King-Jordan",23.4838728733459,3.68719281663516,0.839877126654063,-0.151649338374291,46
2016,23.3328260869565,5.96663043478261,"Scott King-Jordan",23.4838728733459,3.68719281663516,-0.151046786389415,2.27943761814745,46
2017,23.4241304347826,4.1575,"Scott King-Jordan",23.4838728733459,3.68719281663516,-0.0597424385633296,0.470307183364839,46
2018,24.5914130434783,3.94913043478261,"Scott King-Jordan",23.4838728733459,3.68719281663516,1.10754017013232,0.261937618147448,46
1992,20.7078804347826,2.98554347826087,"Jug Bay Wetland Sanctuary",22.5862984404537,3.641547731569,-1.87841800567108,-0.656004253308129,46
1993,22.8873369565217,2.10771739130435,"Jug Bay Wetland Sanctuary",22.5862984404537,3.641547731569,0.301038516068054,-1.53383034026465,46
1994,22.8203260869565,3.57260869565217,"Jug Bay Wetland Sanctuary",22.5862984404537,3.641547731569,0.234027646502838,-0.068939035916824,46
1995,22.775652173913,3.24695652173913,"Jug Bay Wetland Sanctuary",22.5862984404537,3.641547731569,0.18935373345936,-0.394591209829867,46
1996,21.6351086956522,4.72576086956522,"Jug Bay Wetland Sanctuary",22.5862984404537,3.641547731569,-0.951189744801511,1.08421313799622,46
1997,21.109347826087,2.29945652173913,"Jug Bay Wetland Sanctuary",22.5862984404537,3.641547731569,-1.47695061436673,-1.34209120982987,46
1998,22.5922826086957,3.16445652173913,"Jug Bay Wetland Sanctuary",22.5862984404537,3.641547731569,0.0059841682419659,-0.477091209829867,46
1999,22.8984782608696,1.55858695652174,"Jug Bay Wetland Sanctuary",22.5862984404537,3.641547731569,0.312179820415881,-2.08296077504726,46
2000,21.8647826086957,4.64391304347826,"Jug Bay Wetland Sanctuary",22.5862984404537,3.641547731569,-0.721515831758033,1.00236531190926,46
2001,21.6767934782609,4.40902173913044,"Jug Bay Wetland Sanctuary",22.5862984404537,3.641547731569,-0.909504962192816,0.767474007561437,46
2002,22.6695108695652,2.25152173913043,"Jug Bay Wetland Sanctuary",22.5862984404537,3.641547731569,0.0832124291115335,-1.39002599243856,46
2003,21.2141304347826,5.56413043478261,"Jug Bay Wetland Sanctuary",22.5862984404537,3.641547731569,-1.37216800567108,1.92258270321361,46
2004,23.1626630434783,4.9220652173913,"Jug Bay Wetland Sanctuary",22.5862984404537,3.641547731569,0.576364603024576,1.28051748582231,46
2005,21.8657065217391,3.57804347826087,"Jug Bay Wetland Sanctuary",22.5862984404537,3.641547731569,-0.720591918714554,-0.0635042533081283,46
2006,22.4346739130435,5.18173913043478,"Jug Bay Wetland Sanctuary",22.5862984404537,3.641547731569,-0.151624527410206,1.54019139886578,46
2007,22.7715217391304,1.38021739130435,"Jug Bay Wetland Sanctuary",22.5862984404537,3.641547731569,0.18522329867675,-2.26133034026465,46
2008,22.268097826087,6.27032608695652,"Jug Bay Wetland Sanctuary",22.5862984404537,3.641547731569,-0.318200614366727,2.62877835538752,46
2009,21.9325,4.1495652173913,"Jug Bay Wetland Sanctuary",22.5862984404537,3.641547731569,-0.653798440453684,0.508017485822306,46
2010,24.3009782608696,2.23326086956522,"Jug Bay Wetland Sanctuary",22.5862984404537,3.641547731569,1.71467982041588,-1.40828686200378,46
2011,24.0747282608696,2.295,"Jug Bay Wetland Sanctuary",22.5862984404537,3.641547731569,1.48842982041588,-1.346547731569,46
2012,23.8661413043478,2.44532608695652,"Jug Bay Wetland Sanctuary",22.5862984404537,3.641547731569,1.27984286389414,-1.19622164461248,46
2013,22.7482608695652,4.63282608695652,"Jug Bay Wetland Sanctuary",22.5862984404537,3.641547731569,0.161962429111533,0.991278355387524,46
2014,22.4163043478261,2.57815217391304,"Jug Bay Wetland Sanctuary",22.5862984404537,3.641547731569,-0.169994092627597,-1.06339555765595,46
2015,23.5029347826087,4.11445652173913,"Jug Bay Wetland Sanctuary",22.5862984404537,3.641547731569,0.916636342155009,0.472908790170133,46
2016,22.3873369565217,4.39989130434783,"Jug Bay Wetland Sanctuary",22.5862984404537,3.641547731569,-0.198961483931946,0.758343572778828,46
2017,22.8465217391304,3.86271739130435,"Jug Bay Wetland Sanctuary",22.5862984404537,3.641547731569,0.260223298676749,0.22116965973535,46
2018,23.836902173913,7.21260869565217,"Jug Bay Wetland Sanctuary",22.5862984404537,3.641547731569,1.25060373345936,3.57106096408318,46
1992,19.9757065217391,5.31315217391304,"Rockcress Hills",21.8905907372401,4.03015831758034,-1.91488421550094,1.2829938563327,46
1993,21.9408695652174,3.53,"Rockcress Hills",21.8905907372401,4.03015831758034,0.0502788279773156,-0.50015831758034,46
1994,21.0348369565217,2.25989130434783,"Rockcress Hills",21.8905907372401,4.03015831758034,-0.855753780718334,-1.77026701323251,46
1995,21.5846195652174,4.75369565217391,"Rockcress Hills",21.8905907372401,4.03015831758034,-0.305971172022684,0.723537334593573,46
1996,21.2647826086957,4.86510869565217,"Rockcress Hills",21.8905907372401,4.03015831758034,-0.625808128544424,0.834950378071834,46
1997,20.1276086956522,3.83532608695652,"Rockcress Hills",21.8905907372401,4.03015831758034,-1.7629820415879,-0.194832230623818,46
1998,22.2345108695652,5.86815217391304,"Rockcress Hills",21.8905907372401,4.03015831758034,0.343920132325142,1.8379938563327,46
1999,22.6633695652174,2.95010869565217,"Rockcress Hills",21.8905907372401,4.03015831758034,0.772778827977316,-1.08004962192817,46
2000,21.6914673913043,3.43010869565217,"Rockcress Hills",21.8905907372401,4.03015831758034,-0.199123345935728,-0.600049621928166,46
2001,21.7498913043478,3.91728260869565,"Rockcress Hills",21.8905907372401,4.03015831758034,-0.140699432892248,-0.112875708884688,46
2002,22.2122826086957,3.2554347826087,"Rockcress Hills",21.8905907372401,4.03015831758034,0.321691871455577,-0.774723534971644,46
2003,20.8345652173913,4.91760869565217,"Rockcress Hills",21.8905907372401,4.03015831758034,-1.05602551984877,0.887450378071834,46
2004,22.2933152173913,4.99641304347826,"Rockcress Hills",21.8905907372401,4.03015831758034,0.402724480151228,0.966254725897921,46
2005,22.0514673913043,1.34804347826087,"Rockcress Hills",21.8905907372401,4.03015831758034,0.160876654064275,-2.68211483931947,46
2006,21.2982608695652,4.03510869565217,"Rockcress Hills",21.8905907372401,4.03015831758034,-0.592329867674856,0.00495037807183429,46
2007,22.3046739130435,2.08489130434783,"Rockcress Hills",21.8905907372401,4.03015831758034,0.414083175803402,-1.94526701323251,46
2008,21.1595652173913,3.58902173913043,"Rockcress Hills",21.8905907372401,4.03015831758034,-0.731025519848771,-0.441136578449905,46
2009,21.1361956521739,4.79282608695652,"Rockcress Hills",21.8905907372401,4.03015831758034,-0.754395085066161,0.762667769376182,46
2010,23.3236956521739,5.07597826086957,"Rockcress Hills",21.8905907372401,4.03015831758034,1.43310491493384,1.04581994328923,46
2011,22.648152173913,4.88630434782609,"Rockcress Hills",21.8905907372401,4.03015831758034,0.757561436672969,0.856146030245747,46
2012,23.144402173913,3.74858695652174,"Rockcress Hills",21.8905907372401,4.03015831758034,1.25381143667297,-0.281571361058601,46
2013,21.5246739130435,5.41467391304348,"Rockcress Hills",21.8905907372401,4.03015831758034,-0.365916824196596,1.38451559546314,46
2014,21.8273369565217,3.32369565217391,"Rockcress Hills",21.8905907372401,4.03015831758034,-0.063253780718334,-0.706462665406427,46
2015,22.774402173913,5.40152173913043,"Rockcress Hills",21.8905907372401,4.03015831758034,0.883811436672968,1.37136342155009,46
2016,22.0884239130435,4.7095652173913,"Rockcress Hills",21.8905907372401,4.03015831758034,0.197833175803403,0.679406899810965,46
2017,21.9241847826087,4.18695652173913,"Rockcress Hills",21.8905907372401,4.03015831758034,0.0335940453686199,0.156798204158791,46
2018,23.8326086956522,5.10597826086957,"Rockcress Hills",21.8905907372401,4.03015831758034,1.9420179584121,1.07581994328923,46
1992,21.4605434782609,4.52380434782609,"Warner Park",22.8702989130435,4.07875708884688,-1.40975543478261,0.445047258979207,46
1993,23.0326630434783,3.11880434782609,"Warner Park",22.8702989130435,4.07875708884688,0.162364130434785,-0.959952741020794,46
1994,21.859347826087,3.97152173913043,"Warner Park",22.8702989130435,4.07875708884688,-1.01095108695652,-0.107235349716446,46
1995,22.4046739130435,5.10467391304348,"Warner Park",22.8702989130435,4.07875708884688,-0.465624999999999,1.0259168241966,46
1996,22.5665217391304,4.60923913043478,"Warner Park",22.8702989130435,4.07875708884688,-0.303777173913044,0.530482041587902,46
1997,20.9378804347826,4.63032608695652,"Warner Park",22.8702989130435,4.07875708884688,-1.93241847826087,0.551568998109642,46
1998,23.5667934782609,6.45836956521739,"Warner Park",22.8702989130435,4.07875708884688,0.696494565217392,2.37961247637051,46
1999,23.2327717391304,3.2020652173913,"Warner Park",22.8702989130435,4.07875708884688,0.362472826086957,-0.876691871455576,46
2000,23.1216304347826,3.52673913043478,"Warner Park",22.8702989130435,4.07875708884688,0.251331521739132,-0.552017958412098,46
2001,22.3370652173913,3.81239130434783,"Warner Park",22.8702989130435,4.07875708884688,-0.533233695652171,-0.266365784499055,46
2002,22.7982065217391,4.3445652173913,"Warner Park",22.8702989130435,4.07875708884688,-0.072092391304345,0.265808128544424,46
2003,21.5270652173913,5.22413043478261,"Warner Park",22.8702989130435,4.07875708884688,-1.34323369565217,1.14537334593573,46
2004,23.0554891304348,4.67923913043478,"Warner Park",22.8702989130435,4.07875708884688,0.185190217391305,0.600482041587902,46
2005,22.4654891304348,2.61782608695652,"Warner Park",22.8702989130435,4.07875708884688,-0.404809782608694,-1.46093100189036,46
2006,22.5154347826087,2.96413043478261,"Warner Park",22.8702989130435,4.07875708884688,-0.35486413043478,-1.11462665406427,46
2007,23.4088043478261,2.02358695652174,"Warner Park",22.8702989130435,4.07875708884688,0.538505434782611,-2.05517013232514,46
2008,22.4883152173913,3.93891304347826,"Warner Park",22.8702989130435,4.07875708884688,-0.381983695652174,-0.13984404536862,46
2009,22.15125,5.17521739130435,"Warner Park",22.8702989130435,4.07875708884688,-0.719048913043476,1.09646030245747,46
2010,24.6059782608696,7.47173913043478,"Warner Park",22.8702989130435,4.07875708884688,1.73567934782609,3.3929820415879,46
2011,23.5761413043478,3.11739130434783,"Warner Park",22.8702989130435,4.07875708884688,0.705842391304348,-0.961365784499054,46
2012,24.0702173913043,4.57771739130435,"Warner Park",22.8702989130435,4.07875708884688,1.19991847826087,0.498960302457467,46
2013,22.0791304347826,4.33684782608696,"Warner Park",22.8702989130435,4.07875708884688,-0.791168478260868,0.258090737240076,46
2014,22.4252717391304,3.09,"Warner Park",22.8702989130435,4.07875708884688,-0.445027173913044,-0.988757088846881,46
2015,23.4052173913043,4.46380434782609,"Warner Park",22.8702989130435,4.07875708884688,0.53491847826087,0.385047258979206,46
2016,22.9883695652174,4.67021739130435,"Warner Park",22.8702989130435,4.07875708884688,0.118070652173913,0.591460302457468,46
2017,23.0982608695652,4.69630434782609,"Warner Park",22.8702989130435,4.07875708884688,0.227961956521739,0.617547258979206,46
2018,24.7873913043478,3.75260869565217,"Warner Park",22.8702989130435,4.07875708884688,1.91709239130435,-0.326148393194706,46
1992,21.8249456521739,2.36521739130435,"Dutch Creek",22.9598440453686,4.01819706994329,-1.13489839319471,-1.65297967863894,46
1993,23.0867934782609,3.91902173913043,"Dutch Creek",22.9598440453686,4.01819706994329,0.12694943289225,-0.0991753308128542,46
1994,22.2757608695652,1.76467391304348,"Dutch Creek",22.9598440453686,4.01819706994329,-0.684083175803401,-2.25352315689981,46
1995,22.2048913043478,5.09945652173913,"Dutch Creek",22.9598440453686,4.01819706994329,-0.754952741020794,1.08125945179584,46
1996,22.364402173913,4.17923913043478,"Dutch Creek",22.9598440453686,4.01819706994329,-0.595441871455577,0.161042060491494,46
1997,21.3429347826087,4.67641304347826,"Dutch Creek",22.9598440453686,4.01819706994329,-1.61690926275993,0.658215973534972,46
1998,23.7325,4.92630434782609,"Dutch Creek",22.9598440453686,4.01819706994329,0.772655954631379,0.908107277882798,46
1999,22.9878804347826,2.37891304347826,"Dutch Creek",22.9598440453686,4.01819706994329,0.028036389413991,-1.63928402646503,46
2000,22.4410869565217,4.52163043478261,"Dutch Creek",22.9598440453686,4.01819706994329,-0.518757088846879,0.50343336483932,46
2001,22.4763586956522,4.64326086956522,"Dutch Creek",22.9598440453686,4.01819706994329,-0.483485349716446,0.625063799621928,46
2002,23.0583152173913,4.9579347826087,"Dutch Creek",22.9598440453686,4.01819706994329,0.0984711720226841,0.939737712665407,46
2003,21.5835869565217,4.1454347826087,"Dutch Creek",22.9598440453686,4.01819706994329,-1.37625708884688,0.127237712665407,46
2004,22.8765760869565,4.2129347826087,"Dutch Creek",22.9598440453686,4.01819706994329,-0.0832679584120974,0.194737712665407,46
2005,22.6558695652174,3.16315217391304,"Dutch Creek",22.9598440453686,4.01819706994329,-0.303974480151229,-0.855044896030246,46
2006,22.6861956521739,4.04652173913043,"Dutch Creek",22.9598440453686,4.01819706994329,-0.273648393194705,0.0283246691871453,46
2007,23.3888586956522,2.81673913043478,"Dutch Creek",22.9598440453686,4.01819706994329,0.429014650283555,-1.20145793950851,46
2008,22.3364130434783,4.7320652173913,"Dutch Creek",22.9598440453686,4.01819706994329,-0.62343100189036,0.713868147448015,46
2009,22.3310869565217,4.30967391304348,"Dutch Creek",22.9598440453686,4.01819706994329,-0.628757088846882,0.291476843100189,46
2010,24.8163043478261,3.2945652173913,"Dutch Creek",22.9598440453686,4.01819706994329,1.85646030245747,-0.723631852551985,46
2011,24.1546739130435,5.17728260869565,"Dutch Creek",22.9598440453686,4.01819706994329,1.19482986767486,1.15908553875236,46
2012,25.0558695652174,1.04923913043478,"Dutch Creek",22.9598440453686,4.01819706994329,2.09602551984877,-2.96895793950851,46
2013,22.2686413043478,4.28717391304348,"Dutch Creek",22.9598440453686,4.01819706994329,-0.691202741020792,0.268976843100189,46
2014,22.2725,4.16423913043478,"Dutch Creek",22.9598440453686,4.01819706994329,-0.687344045368619,0.146042060491493,46
2015,23.4639130434783,5.86,"Dutch Creek",22.9598440453686,4.01819706994329,0.504068998109641,1.84180293005671,46
2016,23.3016847826087,5.09260869565217,"Dutch Creek",22.9598440453686,4.01819706994329,0.341840737240076,1.07441162570889,46
2017,23.0815217391304,3.96369565217391,"Dutch Creek",22.9598440453686,4.01819706994329,0.121677693761814,-0.0545014177693761,46
2018,24.9816847826087,4.62836956521739,"Dutch Creek",22.9598440453686,4.01819706994329,2.02184073724008,0.610172495274102,46
1992,21.5995108695652,4.32728260869565,"Grassmere",23.0932939508507,3.87412807183365,-1.49378308128544,0.453154536862004,46
1993,23.1936956521739,3.115,"Grassmere",23.0932939508507,3.87412807183365,0.100401701323253,-0.759128071833648,46
1994,22.0105434782609,3.96282608695652,"Grassmere",23.0932939508507,3.87412807183365,-1.08275047258979,0.0886980151228731,46
1995,22.6758695652174,4.65554347826087,"Grassmere",23.0932939508507,3.87412807183365,-0.417424385633272,0.781415406427221,46
1996,22.7946195652174,4.6504347826087,"Grassmere",23.0932939508507,3.87412807183365,-0.298674385633269,0.776306710775047,46
1997,21.13125,4.50652173913043,"Grassmere",23.0932939508507,3.87412807183365,-1.96204395085066,0.632393667296786,46
1998,23.7623913043478,5.62260869565217,"Grassmere",23.0932939508507,3.87412807183365,0.669097353497165,1.74848062381853,46
1999,23.2929891304348,3.18119565217391,"Grassmere",23.0932939508507,3.87412807183365,0.199695179584122,-0.692932419659736,46
2000,23.3423913043478,3.27608695652174,"Grassmere",23.0932939508507,3.87412807183365,0.249097353497163,-0.59804111531191,46
2001,22.4714130434783,3.78510869565217,"Grassmere",23.0932939508507,3.87412807183365,-0.6218809073724,-0.0890193761814748,46
2002,22.9891304347826,3.92771739130435,"Grassmere",23.0932939508507,3.87412807183365,-0.104163516068052,0.0535893194706993,46
2003,21.8254891304348,5.32163043478261,"Grassmere",23.0932939508507,3.87412807183365,-1.26780482041588,1.44750236294896,46
2004,23.2271739130435,3.8495652173913,"Grassmere",23.0932939508507,3.87412807183365,0.133879962192818,-0.0245628544423444,46
2005,22.7802717391304,2.1579347826087,"Grassmere",23.0932939508507,3.87412807183365,-0.313022211720227,-1.71619328922495,46
2006,22.8063043478261,2.83978260869565,"Grassmere",23.0932939508507,3.87412807183365,-0.286989603024576,-1.034345463138,46
2007,23.6547282608696,2.43554347826087,"Grassmere",23.0932939508507,3.87412807183365,0.561434310018903,-1.43858459357278,46
2008,22.7332065217391,3.37032608695652,"Grassmere",23.0932939508507,3.87412807183365,-0.36008742911153,-0.503801984877127,46
2009,22.4617934782609,5.10804347826087,"Grassmere",23.0932939508507,3.87412807183365,-0.631500472589792,1.23391540642722,46
2010,24.8098913043478,8.01576086956522,"Grassmere",23.0932939508507,3.87412807183365,1.71659735349716,4.14163279773157,46
2011,23.8663586956522,3.06152173913044,"Grassmere",23.0932939508507,3.87412807183365,0.773064744801513,-0.812606332703214,46
2012,24.3864673913043,4.19913043478261,"Grassmere",23.0932939508507,3.87412807183365,1.29317344045369,0.32500236294896,46
2013,22.4227173913043,4.18010869565217,"Grassmere",23.0932939508507,3.87412807183365,-0.670576559546312,0.305980623818525,46
2014,22.7492934782609,2.78010869565217,"Grassmere",23.0932939508507,3.87412807183365,-0.344000472589791,-1.09401937618147,46
2015,23.6935869565217,4.18597826086957,"Grassmere",23.0932939508507,3.87412807183365,0.600293005671077,0.311850189035917,46
2016,23.3642391304348,3.91880434782609,"Grassmere",23.0932939508507,3.87412807183365,0.270945179584121,0.0446762759924386,46
2017,23.2783152173913,3.55717391304348,"Grassmere",23.0932939508507,3.87412807183365,0.185021266540645,-0.31695415879017,46
2018,25.0524456521739,3.50869565217391,"Grassmere",23.0932939508507,3.87412807183365,1.95915170132325,-0.365432419659736,46
1992,20.5854891304348,3.22184782608696,"Patuxent",22.3489331285444,3.75065926275992,-1.76344399810964,-0.528811436672968,46
1993,22.6588586956522,1.87902173913043,"Patuxent",22.3489331285444,3.75065926275992,0.309925567107751,-1.87163752362949,46
1994,22.6941304347826,3.59619565217391,"Patuxent",22.3489331285444,3.75065926275992,0.345197306238184,-0.154463610586011,46
1995,22.6561413043478,3.2195652173913,"Patuxent",22.3489331285444,3.75065926275992,0.307208175803403,-0.53109404536862,46
1996,21.3477173913043,5.54195652173913,"Patuxent",22.3489331285444,3.75065926275992,-1.00121573724008,1.79129725897921,46
1997,21.10875,2.8329347826087,"Patuxent",22.3489331285444,3.75065926275992,-1.24018312854442,-0.917724480151229,46
1998,22.5003804347826,3.16086956521739,"Patuxent",22.3489331285444,3.75065926275992,0.151447306238186,-0.589789697542533,46
1999,22.7626630434783,1.46521739130435,"Patuxent",22.3489331285444,3.75065926275992,0.413729914933835,-2.28544187145558,46
2000,21.581847826087,4.36771739130435,"Patuxent",22.3489331285444,3.75065926275992,-0.767085302457467,0.617058128544424,46
2001,21.5758152173913,4.39576086956522,"Patuxent",22.3489331285444,3.75065926275992,-0.773117911153118,0.645101606805293,46
2002,22.3699456521739,2.10369565217391,"Patuxent",22.3489331285444,3.75065926275992,0.0210125236294907,-1.64696361058601,46
2003,20.7725543478261,6.46836956521739,"Patuxent",22.3489331285444,3.75065926275992,-1.57637878071834,2.71771030245747,46
2004,22.7,4.82847826086957,"Patuxent",22.3489331285444,3.75065926275992,0.351066871455576,1.07781899810964,46
2005,21.4972826086957,3.72630434782609,"Patuxent",22.3489331285444,3.75065926275992,-0.851650519848771,-0.0243549149338373,46
2006,22.148097826087,4.03652173913043,"Patuxent",22.3489331285444,3.75065926275992,-0.200835302457467,0.28586247637051,46
2007,22.6551086956522,1.62532608695652,"Patuxent",22.3489331285444,3.75065926275992,0.306175567107751,-2.1253331758034,46
2008,21.9636413043478,5.35739130434783,"Patuxent",22.3489331285444,3.75065926275992,-0.385291824196596,1.6067320415879,46
2009,21.5202173913043,5.01663043478261,"Patuxent",22.3489331285444,3.75065926275992,-0.828715737240074,1.26597117202268,46
2010,24.0935326086957,2.735,"Patuxent",22.3489331285444,3.75065926275992,1.74459948015123,-1.01565926275992,46
2011,24.014402173913,2.6429347826087,"Patuxent",22.3489331285444,3.75065926275992,1.66546904536862,-1.10772448015123,46
2012,23.60875,2.83054347826087,"Patuxent",22.3489331285444,3.75065926275992,1.25981687145558,-0.920115784499055,46
2013,22.4732065217391,4.36630434782609,"Patuxent",22.3489331285444,3.75065926275992,0.124273393194706,0.615645085066163,46
2014,22.1552173913043,3.81836956521739,"Patuxent",22.3489331285444,3.75065926275992,-0.193715737240076,0.067710302457467,46
2015,23.3072826086957,5.06815217391304,"Patuxent",22.3489331285444,3.75065926275992,0.958349480151227,1.31749291115312,46
2016,21.9634782608696,4.69608695652174,"Patuxent",22.3489331285444,3.75065926275992,-0.385454867674859,0.945427693761815,46
2017,22.4058695652174,5.12130434782609,"Patuxent",22.3489331285444,3.75065926275992,0.0569364366729666,1.37064508506616,46
2018,23.4478804347826,6.50315217391304,"Patuxent",22.3489331285444,3.75065926275992,1.09894730623818,2.75249291115312,46
1992,20.7726086956522,4.16913043478261,"Patuxent Lowland",22.7148487712665,3.75007797731569,-1.94224007561437,0.419052457466919,46
1993,23.1998913043478,2.02945652173913,"Patuxent Lowland",22.7148487712665,3.75007797731569,0.485042533081284,-1.72062145557656,46
1994,22.6219565217391,4.09554347826087,"Patuxent Lowland",22.7148487712665,3.75007797731569,-0.0928922495274129,0.345465500945179,46
1995,22.72625,3.36619565217391,"Patuxent Lowland",22.7148487712665,3.75007797731569,0.0114012287334582,-0.383882325141777,46
1996,21.716847826087,5.51891304347826,"Patuxent Lowland",22.7148487712665,3.75007797731569,-0.998000945179587,1.76883506616257,46
1997,20.993097826087,2.64923913043478,"Patuxent Lowland",22.7148487712665,3.75007797731569,-1.72175094517959,-1.10083884688091,46
1998,22.4542934782609,3.26565217391304,"Patuxent Lowland",22.7148487712665,3.75007797731569,-0.260555293005673,-0.484425803402647,46
1999,22.7927173913043,1.98902173913043,"Patuxent Lowland",22.7148487712665,3.75007797731569,0.0778686200378047,-1.76105623818526,46
2000,22.0054891304348,5.1275,"Patuxent Lowland",22.7148487712665,3.75007797731569,-0.70935964083176,1.37742202268431,46
2001,21.4798913043478,4.8845652173913,"Patuxent Lowland",22.7148487712665,3.75007797731569,-1.23495746691871,1.13448724007561,46
2002,22.7870652173913,1.75597826086957,"Patuxent Lowland",22.7148487712665,3.75007797731569,0.072216446124763,-1.99409971644612,46
2003,21.7726630434783,5.21739130434783,"Patuxent Lowland",22.7148487712665,3.75007797731569,-0.942185727788281,1.46731332703214,46
2004,23.2950543478261,5.17565217391304,"Patuxent Lowland",22.7148487712665,3.75007797731569,0.580205576559546,1.42557419659735,46
2005,22.0699456521739,3.09739130434783,"Patuxent Lowland",22.7148487712665,3.75007797731569,-0.644903119092628,-0.652686672967864,46
2006,22.5002717391304,4.64967391304348,"Patuxent Lowland",22.7148487712665,3.75007797731569,-0.214577032136106,0.899595935727788,46
2007,22.5845652173913,1.68086956521739,"Patuxent Lowland",22.7148487712665,3.75007797731569,-0.130283553875238,-2.0692084120983,46
2008,22.1708695652174,6.14141304347826,"Patuxent Lowland",22.7148487712665,3.75007797731569,-0.543979206049151,2.39133506616257,46
2009,22.4303260869565,3.78684782608696,"Patuxent Lowland",22.7148487712665,3.75007797731569,-0.284522684310019,0.0367698487712667,46
2010,24.508097826087,1.90217391304348,"Patuxent Lowland",22.7148487712665,3.75007797731569,1.79324905482041,-1.84790406427221,46
2011,23.83,3.50913043478261,"Patuxent Lowland",22.7148487712665,3.75007797731569,1.11515122873346,-0.240947542533081,46
2012,24.0727717391304,2.20086956521739,"Patuxent Lowland",22.7148487712665,3.75007797731569,1.35792296786389,-1.5492084120983,46
2013,22.9902717391304,4.62554347826087,"Patuxent Lowland",22.7148487712665,3.75007797731569,0.275422967863893,0.87546550094518,46
2014,22.4289130434783,3.23065217391304,"Patuxent Lowland",22.7148487712665,3.75007797731569,-0.285935727788281,-0.519425803402646,46
2015,23.4961413043478,4.58086956521739,"Patuxent Lowland",22.7148487712665,3.75007797731569,0.781292533081285,0.830791587901701,46
2016,22.4333695652174,4.39967391304348,"Patuxent Lowland",22.7148487712665,3.75007797731569,-0.281479206049152,0.649595935727788,46
2017,22.776902173913,4.89880434782609,"Patuxent Lowland",22.7148487712665,3.75007797731569,0.0620534026465016,1.1487263705104,46
2018,23.930597826087,6.95836956521739,"Patuxent Lowland",22.7148487712665,3.75007797731569,1.21574905482041,3.2082915879017,46
1992,20.7315217391304,4.18836956521739,"Patuxent Upland 1",22.6786968336484,3.78271266540643,-1.94717509451796,0.405656899810964,46
1993,23.1247826086957,2.05445652173913,"Patuxent Upland 1",22.6786968336484,3.78271266540643,0.446085775047262,-1.7282561436673,46
1994,22.5401630434783,4.08630434782609,"Patuxent Upland 1",22.6786968336484,3.78271266540643,-0.138533790170129,0.30359168241966,46
1995,22.6427173913043,3.40076086956522,"Patuxent Upland 1",22.6786968336484,3.78271266540643,-0.0359794423440434,-0.38195179584121,46
1996,21.6366304347826,5.5279347826087,"Patuxent Upland 1",22.6786968336484,3.78271266540643,-1.04206639886578,1.74522211720227,46
1997,20.9311956521739,2.75065217391304,"Patuxent Upland 1",22.6786968336484,3.78271266540643,-1.74750118147448,-1.03206049149338,46
1998,22.3935326086957,3.3079347826087,"Patuxent Upland 1",22.6786968336484,3.78271266540643,-0.285164224952741,-0.474777882797732,46
1999,22.7200543478261,2.0120652173913,"Patuxent Upland 1",22.6786968336484,3.78271266540643,0.0413575141776938,-1.77064744801512,46
2000,21.9579891304348,5.17619565217391,"Patuxent Upland 1",22.6786968336484,3.78271266540643,-0.720707703213609,1.39348298676749,46
2001,21.4133152173913,4.91413043478261,"Patuxent Upland 1",22.6786968336484,3.78271266540643,-1.26538161625709,1.13141776937618,46
2002,22.7472826086957,1.78771739130435,"Patuxent Upland 1",22.6786968336484,3.78271266540643,0.0685857750472607,-1.99499527410208,46
2003,21.7838586956522,5.27847826086956,"Patuxent Upland 1",22.6786968336484,3.78271266540643,-0.894838137996217,1.49576559546314,46
2004,23.3003804347826,5.22641304347826,"Patuxent Upland 1",22.6786968336484,3.78271266540643,0.621683601134215,1.44370037807183,46
2005,22.078152173913,3.14554347826087,"Patuxent Upland 1",22.6786968336484,3.78271266540643,-0.600544659735348,-0.637169187145558,46
2006,22.4778804347826,4.69467391304348,"Patuxent Upland 1",22.6786968336484,3.78271266540643,-0.200816398865783,0.911961247637051,46
2007,22.5803804347826,1.69760869565217,"Patuxent Upland 1",22.6786968336484,3.78271266540643,-0.0983163988657836,-2.08510396975425,46
2008,22.1640217391304,6.20195652173913,"Patuxent Upland 1",22.6786968336484,3.78271266540643,-0.514675094517958,2.4192438563327,46
2009,22.455597826087,3.81304347826087,"Patuxent Upland 1",22.6786968336484,3.78271266540643,-0.223099007561434,0.0303308128544422,46
2010,24.5128804347826,1.92315217391304,"Patuxent Upland 1",22.6786968336484,3.78271266540643,1.83418360113422,-1.85956049149338,46
2011,23.8346195652174,3.52195652173913,"Patuxent Upland 1",22.6786968336484,3.78271266540643,1.155922731569,-0.260756143667297,46
2012,24.0763043478261,2.23652173913043,"Patuxent Upland 1",22.6786968336484,3.78271266540643,1.3976075141777,-1.54619092627599,46
2013,22.9996739130435,4.70271739130435,"Patuxent Upland 1",22.6786968336484,3.78271266540643,0.320977079395085,0.92000472589792,46
2014,22.4339673913043,3.36858695652174,"Patuxent Upland 1",22.6786968336484,3.78271266540643,-0.244729442344045,-0.414125708884688,46
2015,23.5065217391304,4.59673913043478,"Patuxent Upland 1",22.6786968336484,3.78271266540643,0.827824905482043,0.814026465028355,46
2016,22.4441304347826,4.51184782608696,"Patuxent Upland 1",22.6786968336484,3.78271266540643,-0.234566398865784,0.729135160680529,46
2017,22.7838586956522,4.92869565217391,"Patuxent Upland 1",22.6786968336484,3.78271266540643,0.105161862003783,1.14598298676749,46
2018,23.9098369565217,6.95847826086957,"Patuxent Upland 1",22.6786968336484,3.78271266540643,1.23114012287335,3.17576559546314,46
1992,20.7315217391304,4.18836956521739,"Patuxent Upland 2",22.6786968336484,3.78271266540643,-1.94717509451796,0.405656899810964,46
1993,23.1247826086957,2.05445652173913,"Patuxent Upland 2",22.6786968336484,3.78271266540643,0.446085775047262,-1.7282561436673,46
1994,22.5401630434783,4.08630434782609,"Patuxent Upland 2",22.6786968336484,3.78271266540643,-0.138533790170129,0.30359168241966,46
1995,22.6427173913043,3.40076086956522,"Patuxent Upland 2",22.6786968336484,3.78271266540643,-0.0359794423440434,-0.38195179584121,46
1996,21.6366304347826,5.5279347826087,"Patuxent Upland 2",22.6786968336484,3.78271266540643,-1.04206639886578,1.74522211720227,46
1997,20.9311956521739,2.75065217391304,"Patuxent Upland 2",22.6786968336484,3.78271266540643,-1.74750118147448,-1.03206049149338,46
1998,22.3935326086957,3.3079347826087,"Patuxent Upland 2",22.6786968336484,3.78271266540643,-0.285164224952741,-0.474777882797732,46
1999,22.7200543478261,2.0120652173913,"Patuxent Upland 2",22.6786968336484,3.78271266540643,0.0413575141776938,-1.77064744801512,46
2000,21.9579891304348,5.17619565217391,"Patuxent Upland 2",22.6786968336484,3.78271266540643,-0.720707703213609,1.39348298676749,46
2001,21.4133152173913,4.91413043478261,"Patuxent Upland 2",22.6786968336484,3.78271266540643,-1.26538161625709,1.13141776937618,46
2002,22.7472826086957,1.78771739130435,"Patuxent Upland 2",22.6786968336484,3.78271266540643,0.0685857750472607,-1.99499527410208,46
2003,21.7838586956522,5.27847826086956,"Patuxent Upland 2",22.6786968336484,3.78271266540643,-0.894838137996217,1.49576559546314,46
2004,23.3003804347826,5.22641304347826,"Patuxent Upland 2",22.6786968336484,3.78271266540643,0.621683601134215,1.44370037807183,46
2005,22.078152173913,3.14554347826087,"Patuxent Upland 2",22.6786968336484,3.78271266540643,-0.600544659735348,-0.637169187145558,46
2006,22.4778804347826,4.69467391304348,"Patuxent Upland 2",22.6786968336484,3.78271266540643,-0.200816398865783,0.911961247637051,46
2007,22.5803804347826,1.69760869565217,"Patuxent Upland 2",22.6786968336484,3.78271266540643,-0.0983163988657836,-2.08510396975425,46
2008,22.1640217391304,6.20195652173913,"Patuxent Upland 2",22.6786968336484,3.78271266540643,-0.514675094517958,2.4192438563327,46
2009,22.455597826087,3.81304347826087,"Patuxent Upland 2",22.6786968336484,3.78271266540643,-0.223099007561434,0.0303308128544422,46
2010,24.5128804347826,1.92315217391304,"Patuxent Upland 2",22.6786968336484,3.78271266540643,1.83418360113422,-1.85956049149338,46
2011,23.8346195652174,3.52195652173913,"Patuxent Upland 2",22.6786968336484,3.78271266540643,1.155922731569,-0.260756143667297,46
2012,24.0763043478261,2.23652173913043,"Patuxent Upland 2",22.6786968336484,3.78271266540643,1.3976075141777,-1.54619092627599,46
2013,22.9996739130435,4.70271739130435,"Patuxent Upland 2",22.6786968336484,3.78271266540643,0.320977079395085,0.92000472589792,46
2014,22.4339673913043,3.36858695652174,"Patuxent Upland 2",22.6786968336484,3.78271266540643,-0.244729442344045,-0.414125708884688,46
2015,23.5065217391304,4.59673913043478,"Patuxent Upland 2",22.6786968336484,3.78271266540643,0.827824905482043,0.814026465028355,46
2016,22.4441304347826,4.51184782608696,"Patuxent Upland 2",22.6786968336484,3.78271266540643,-0.234566398865784,0.729135160680529,46
2017,22.7838586956522,4.92869565217391,"Patuxent Upland 2",22.6786968336484,3.78271266540643,0.105161862003783,1.14598298676749,46
2018,23.9098369565217,6.95847826086957,"Patuxent Upland 2",22.6786968336484,3.78271266540643,1.23114012287335,3.17576559546314,46
1992,20.4673369565217,3.44489130434783,"Indian Head",22.5341918714556,3.52968336483932,-2.06685491493384,-0.0847920604914933,46
1993,22.9784239130435,2.64586956521739,"Indian Head",22.5341918714556,3.52968336483932,0.444232041587902,-0.883813799621928,46
1994,22.5044565217391,3.05326086956522,"Indian Head",22.5341918714556,3.52968336483932,-0.0297353497164465,-0.476422495274102,46
1995,22.4569565217391,3.3320652173913,"Indian Head",22.5341918714556,3.52968336483932,-0.077235349716446,-0.197618147448015,46
1996,21.5408152173913,4.34673913043478,"Indian Head",22.5341918714556,3.52968336483932,-0.993376654064271,0.817055765595463,46
1997,21.0932608695652,2.13108695652174,"Indian Head",22.5341918714556,3.52968336483932,-1.44093100189036,-1.39859640831758,46
1998,22.4286413043478,3.38739130434783,"Indian Head",22.5341918714556,3.52968336483932,-0.105550567107748,-0.142292060491493,46
1999,22.8479347826087,1.63108695652174,"Indian Head",22.5341918714556,3.52968336483932,0.31374291115312,-1.89859640831758,46
2000,21.8736956521739,5.36728260869565,"Indian Head",22.5341918714556,3.52968336483932,-0.660496219281661,1.83759924385633,46
2001,21.5839673913043,4.05923913043478,"Indian Head",22.5341918714556,3.52968336483932,-0.950224480151228,0.529555765595463,46
2002,22.6160869565217,1.98282608695652,"Indian Head",22.5341918714556,3.52968336483932,0.0818950850661615,-1.5468572778828,46
2003,21.0429891304348,4.41163043478261,"Indian Head",22.5341918714556,3.52968336483932,-1.49120274102079,0.881947069943289,46
2004,22.8414673913043,3.64097826086957,"Indian Head",22.5341918714556,3.52968336483932,0.307275519848773,0.111294896030246,46
2005,21.7453804347826,3.01978260869565,"Indian Head",22.5341918714556,3.52968336483932,-0.788811436672969,-0.509900756143667,46
2006,22.1783695652174,4.23423913043478,"Indian Head",22.5341918714556,3.52968336483932,-0.355822306238185,0.704555765595463,46
2007,22.5639130434783,1.44586956521739,"Indian Head",22.5341918714556,3.52968336483932,0.0297211720226862,-2.08381379962193,46
2008,21.9607608695652,6.20902173913043,"Indian Head",22.5341918714556,3.52968336483932,-0.573431001890359,2.67933837429112,46
2009,21.6801086956522,3.86108695652174,"Indian Head",22.5341918714556,3.52968336483932,-0.854083175803403,0.33140359168242,46
2010,24.1969565217391,2.44358695652174,"Indian Head",22.5341918714556,3.52968336483932,1.66276465028356,-1.08609640831758,46
2011,23.7254891304348,2.68652173913044,"Indian Head",22.5341918714556,3.52968336483932,1.19129725897921,-0.843161625708885,46
2012,24.1039130434783,2.37826086956522,"Indian Head",22.5341918714556,3.52968336483932,1.56972117202269,-1.1514224952741,46
2013,22.6027173913043,4.55097826086956,"Indian Head",22.5341918714556,3.52968336483932,0.0685255198487731,1.02129489603025,46
2014,22.4908152173913,3.39858695652174,"Indian Head",22.5341918714556,3.52968336483932,-0.0433766540642715,-0.131096408317581,46
2015,23.513152173913,4.97815217391304,"Indian Head",22.5341918714556,3.52968336483932,0.978960302457466,1.44846880907372,46
2016,22.3902173913043,4.21434782608696,"Indian Head",22.5341918714556,3.52968336483932,-0.143974480151229,0.684664461247637,46
2017,22.6847282608696,4.6720652173913,"Indian Head",22.5341918714556,3.52968336483932,0.15053638941399,1.14238185255198,46
2018,23.5089130434783,5.85978260869565,"Indian Head",22.5341918714556,3.52968336483932,0.974721172022686,2.33009924385633,46
1992,21.7648913043478,3.70967391304348,"Big Sandy",23.1773192344045,4.09869092627599,-1.41242793005671,-0.389017013232514,46
1993,23.2183695652174,3.49054347826087,"Big Sandy",23.1773192344045,4.09869092627599,0.0410503308128547,-0.608147448015123,46
1994,22.0240217391304,3.57554347826087,"Big Sandy",23.1773192344045,4.09869092627599,-1.1532974952741,-0.523147448015123,46
1995,22.3733695652174,4.82619565217391,"Big Sandy",23.1773192344045,4.09869092627599,-0.803949669187144,0.727504725897921,46
1996,22.6238586956522,5.68695652173913,"Big Sandy",23.1773192344045,4.09869092627599,-0.553460538752361,1.58826559546314,46
1997,21.3690760869565,3.80510869565217,"Big Sandy",23.1773192344045,4.09869092627599,-1.80824314744801,-0.293582230623818,46
1998,24.0913586956522,7.84804347826087,"Big Sandy",23.1773192344045,4.09869092627599,0.91403946124764,3.74935255198488,46
1999,23.5060326086957,2.96336956521739,"Big Sandy",23.1773192344045,4.09869092627599,0.328713374291116,-1.1353213610586,46
2000,23.169402173913,3.77260869565217,"Big Sandy",23.1773192344045,4.09869092627599,-0.00791706049149354,-0.326082230623818,46
2001,22.9288586956522,3.21380434782609,"Big Sandy",23.1773192344045,4.09869092627599,-0.248460538752362,-0.884886578449905,46
2002,23.0792934782609,3.83967391304348,"Big Sandy",23.1773192344045,4.09869092627599,-0.0980257561436666,-0.259017013232514,46
2003,22.0584782608696,5.27967391304348,"Big Sandy",23.1773192344045,4.09869092627599,-1.11884097353497,1.18098298676749,46
2004,23.2158695652174,4.19032608695652,"Big Sandy",23.1773192344045,4.09869092627599,0.038550330812857,0.0916351606805295,46
2005,22.6322826086957,3.04739130434783,"Big Sandy",23.1773192344045,4.09869092627599,-0.545036625708885,-1.05129962192817,46
2006,22.8659239130435,3.87597826086957,"Big Sandy",23.1773192344045,4.09869092627599,-0.311395321361058,-0.222712665406427,46
2007,23.8679891304348,2.07076086956522,"Big Sandy",23.1773192344045,4.09869092627599,0.690669896030247,-2.02793005671077,46
2008,22.9213043478261,3.13619565217391,"Big Sandy",23.1773192344045,4.09869092627599,-0.256014886578448,-0.962495274102079,46
2009,22.571847826087,5.35891304347826,"Big Sandy",23.1773192344045,4.09869092627599,-0.60547140831758,1.26022211720227,46
2010,24.9779891304348,5.16315217391304,"Big Sandy",23.1773192344045,4.09869092627599,1.80066989603025,1.06446124763705,46
2011,23.8394565217391,4.20576086956522,"Big Sandy",23.1773192344045,4.09869092627599,0.662137287334595,0.107069943289225,46
2012,24.5810869565217,2.6554347826087,"Big Sandy",23.1773192344045,4.09869092627599,1.40376772211721,-1.4432561436673,46
2013,22.3475,5.73,"Big Sandy",23.1773192344045,4.09869092627599,-0.829819234404535,1.63130907372401,46
2014,22.7935326086957,3.5575,"Big Sandy",23.1773192344045,4.09869092627599,-0.383786625708883,-0.541190926275992,46
2015,23.9855434782609,4.71097826086956,"Big Sandy",23.1773192344045,4.09869092627599,0.808224243856333,0.612287334593573,46
2016,23.6773913043478,5.51869565217391,"Big Sandy",23.1773192344045,4.09869092627599,0.50007206994329,1.42000472589792,46
2017,23.4036956521739,4.28086956521739,"Big Sandy",23.1773192344045,4.09869092627599,0.226376417769377,0.182178638941399,46
2018,25.3238586956522,4.11586956521739,"Big Sandy",23.1773192344045,4.09869092627599,2.14653946124764,0.0171786389413988,46
1992,24.1895108695652,2.89847826086957,"Pearl River",25.1490512759924,3.9967556710775,-0.959540406427219,-1.09827741020794,46
1993,24.8298913043478,4.20695652173913,"Pearl River",25.1490512759924,3.9967556710775,-0.319159971644613,0.210200850661625,46
1994,24.3097826086957,4.0075,"Pearl River",25.1490512759924,3.9967556710775,-0.839268667296786,0.0107443289224953,46
1995,24.8626630434783,3.28576086956522,"Pearl River",25.1490512759924,3.9967556710775,-0.286388232514177,-0.710994801512288,46
1996,25.2558152173913,2.69826086956522,"Pearl River",25.1490512759924,3.9967556710775,0.106763941398867,-1.29849480151229,46
1997,24.3076086956522,3.43739130434783,"Pearl River",25.1490512759924,3.9967556710775,-0.841442580340264,-0.559364366729679,46
1998,26.2565217391304,2.75652173913043,"Pearl River",25.1490512759924,3.9967556710775,1.107470463138,-1.24023393194707,46
1999,24.9473913043478,3.46076086956522,"Pearl River",25.1490512759924,3.9967556710775,-0.201659971644613,-0.535994801512288,46
2000,25.5520652173913,2.38771739130435,"Pearl River",25.1490512759924,3.9967556710775,0.403013941398868,-1.60903827977316,46
2001,24.679347826087,3.66804347826087,"Pearl River",25.1490512759924,3.9967556710775,-0.469703449905481,-0.328712192816635,46
2002,24.8807608695652,3.80576086956522,"Pearl River",25.1490512759924,3.9967556710775,-0.268290406427219,-0.190994801512288,46
2003,24.8146195652174,4.63532608695652,"Pearl River",25.1490512759924,3.9967556710775,-0.334431710775046,0.638570415879017,46
2004,24.5540760869565,6.08413043478261,"Pearl River",25.1490512759924,3.9967556710775,-0.594975189035917,2.0873747637051,46
2005,24.5820108695652,3.01032608695652,"Pearl River",25.1490512759924,3.9967556710775,-0.567040406427221,-0.986429584120983,46
2006,25.258097826087,2.26445652173913,"Pearl River",25.1490512759924,3.9967556710775,0.109046550094519,-1.73229914933837,46
2007,24.875,3.30130434782609,"Pearl River",25.1490512759924,3.9967556710775,-0.274051275992438,-0.695451323251418,46
2008,25.09875,4.38869565217391,"Pearl River",25.1490512759924,3.9967556710775,-0.0503012759924388,0.391939981096408,46
2009,25.1307608695652,4.71739130434783,"Pearl River",25.1490512759924,3.9967556710775,-0.0182904064272194,0.720635633270321,46
2010,26.6117934782609,3.58532608695652,"Pearl River",25.1490512759924,3.9967556710775,1.46274220226843,-0.411429584120983,46
2011,26.1184782608696,2.57836956521739,"Pearl River",25.1490512759924,3.9967556710775,0.969426984877128,-1.41838610586011,46
2012,25.6502717391304,4.94032608695652,"Pearl River",25.1490512759924,3.9967556710775,0.501220463137997,0.943570415879017,46
2013,24.4463043478261,3.84402173913043,"Pearl River",25.1490512759924,3.9967556710775,-0.702746928166352,-0.15273393194707,46
2014,24.54,4.84380434782609,"Pearl River",25.1490512759924,3.9967556710775,-0.609051275992439,0.847048676748582,46
2015,25.8989673913043,3.02434782608696,"Pearl River",25.1490512759924,3.9967556710775,0.749916115311908,-0.972407844990549,46
2016,25.6558152173913,3.09021739130435,"Pearl River",25.1490512759924,3.9967556710775,0.506763941398866,-0.906538279773157,46
2017,24.6938586956522,7.71054347826087,"Pearl River",25.1490512759924,3.9967556710775,-0.455192580340263,3.71378780718336,46
2018,26.3648913043478,4.22619565217391,"Pearl River",25.1490512759924,3.9967556710775,1.21584002835539,0.229439981096408,46
1992,19.2767934782609,3.90173913043478,"Spring Valley",21.0461306710775,3.7765359168242,-1.76933719281664,0.125203213610586,46
1993,21.1365217391304,3.11521739130435,"Spring Valley",21.0461306710775,3.7765359168242,0.0903910680529272,-0.661318525519849,46
1994,20.6125,2.34739130434783,"Spring Valley",21.0461306710775,3.7765359168242,-0.433630671077506,-1.42914461247637,46
1995,20.9646739130435,4.47358695652174,"Spring Valley",21.0461306710775,3.7765359168242,-0.0814567580340295,0.697051039697543,46
1996,20.3871195652174,5.56097826086957,"Spring Valley",21.0461306710775,3.7765359168242,-0.659011105860113,1.78444234404537,46
1997,19.3917934782609,4.23663043478261,"Spring Valley",21.0461306710775,3.7765359168242,-1.65433719281664,0.460094517958412,46
1998,21.4242391304348,4.70108695652174,"Spring Valley",21.0461306710775,3.7765359168242,0.378108459357275,0.924551039697543,46
1999,22.3161413043478,1.99804347826087,"Spring Valley",21.0461306710775,3.7765359168242,1.27001063327032,-1.77849243856333,46
2000,20.8497826086957,3.96304347826087,"Spring Valley",21.0461306710775,3.7765359168242,-0.196348062381855,0.186507561436673,46
2001,20.8040760869565,4.24141304347826,"Spring Valley",21.0461306710775,3.7765359168242,-0.242054584120986,0.464877126654064,46
2002,21.2557608695652,5.15086956521739,"Spring Valley",21.0461306710775,3.7765359168242,0.209630198487712,1.37433364839319,46
2003,19.646847826087,5.26076086956522,"Spring Valley",21.0461306710775,3.7765359168242,-1.39928284499055,1.48422495274102,46
2004,21.2210326086957,3.97663043478261,"Spring Valley",21.0461306710775,3.7765359168242,0.174901937618145,0.200094517958412,46
2005,20.9821195652174,2.02510869565217,"Spring Valley",21.0461306710775,3.7765359168242,-0.0640111058601143,-1.75142722117202,46
2006,20.5220108695652,3.63576086956522,"Spring Valley",21.0461306710775,3.7765359168242,-0.524119801512288,-0.140775047258979,46
2007,21.294347826087,2.41445652173913,"Spring Valley",21.0461306710775,3.7765359168242,0.248217155009449,-1.36207939508507,46
2008,20.3676086956522,4.14836956521739,"Spring Valley",21.0461306710775,3.7765359168242,-0.678521975425333,0.371833648393195,46
2009,20.4829347826087,2.99413043478261,"Spring Valley",21.0461306710775,3.7765359168242,-0.563195888468812,-0.782405482041588,46
2010,22.3084239130435,4.39586956521739,"Spring Valley",21.0461306710775,3.7765359168242,1.26229324196597,0.619333648393195,46
2011,22.1826630434783,3.78108695652174,"Spring Valley",21.0461306710775,3.7765359168242,1.13653237240075,0.00455103969754278,46
2012,22.7747826086957,2.77086956521739,"Spring Valley",21.0461306710775,3.7765359168242,1.72865193761815,-1.00566635160681,46
2013,21.0495108695652,4.6445652173913,"Spring Valley",21.0461306710775,3.7765359168242,0.00338019848771154,0.868029300567108,46
2014,20.4159239130435,4.18163043478261,"Spring Valley",21.0461306710775,3.7765359168242,-0.630206758034028,0.405094517958412,46
2015,21.5321195652174,4.92880434782609,"Spring Valley",21.0461306710775,3.7765359168242,0.485988894139886,1.15226843100189,46
2016,21.1704891304348,2.73347826086957,"Spring Valley",21.0461306710775,3.7765359168242,0.124358459357275,-1.04305765595463,46
2017,20.6852173913043,4.0625,"Spring Valley",21.0461306710775,3.7765359168242,-0.360913279773158,0.285964083175803,46
2018,22.9607608695652,3.7679347826087,"Spring Valley",21.0461306710775,3.7765359168242,1.91463019848771,-0.00860113421550102,46
1992,20.395652173913,3.44641304347826,"Stump Neck",22.4662086483932,3.49294423440454,-2.07055647448015,-0.046531190926276,46
1993,22.9042391304348,2.69880434782609,"Stump Neck",22.4662086483932,3.49294423440454,0.438030482041587,-0.79413988657845,46
1994,22.4466847826087,3.11858695652174,"Stump Neck",22.4662086483932,3.49294423440454,-0.0195238657844996,-0.374357277882797,46
1995,22.4059239130435,3.4225,"Stump Neck",22.4662086483932,3.49294423440454,-0.0602847353497182,-0.0704442344045368,46
1996,21.4901086956522,4.36478260869565,"Stump Neck",22.4662086483932,3.49294423440454,-0.97609995274102,0.871838374291115,46
1997,21.0333152173913,1.79880434782609,"Stump Neck",22.4662086483932,3.49294423440454,-1.43289343100189,-1.69413988657845,46
1998,22.3766847826087,3.5020652173913,"Stump Neck",22.4662086483932,3.49294423440454,-0.0895238657844999,0.00912098298676778,46
1999,22.7857065217391,1.61891304347826,"Stump Neck",22.4662086483932,3.49294423440454,0.319497873345934,-1.87403119092628,46
2000,21.8290760869565,5.46695652173913,"Stump Neck",22.4662086483932,3.49294423440454,-0.637132561436673,1.97401228733459,46
2001,21.5332608695652,4.15315217391304,"Stump Neck",22.4662086483932,3.49294423440454,-0.932947778827977,0.660207939508507,46
2002,22.5651630434783,1.91119565217391,"Stump Neck",22.4662086483932,3.49294423440454,0.098954395085066,-1.58174858223062,46
2003,21.0083695652174,4.4670652173913,"Stump Neck",22.4662086483932,3.49294423440454,-1.4578390831758,0.974120982986768,46
2004,22.7934782608696,3.69576086956522,"Stump Neck",22.4662086483932,3.49294423440454,0.327269612476371,0.202816635160681,46
2005,21.6921195652174,3.08358695652174,"Stump Neck",22.4662086483932,3.49294423440454,-0.774089083175802,-0.409357277882798,46
2006,22.1076086956522,4.2554347826087,"Stump Neck",22.4662086483932,3.49294423440454,-0.35859995274102,0.762490548204159,46
2007,22.4976086956522,1.43684782608696,"Stump Neck",22.4662086483932,3.49294423440454,0.0314000472589804,-2.05609640831758,46
2008,21.8895108695652,6.06173913043478,"Stump Neck",22.4662086483932,3.49294423440454,-0.576697778827977,2.56879489603025,46
2009,21.6123913043478,3.85565217391304,"Stump Neck",22.4662086483932,3.49294423440454,-0.853817344045368,0.362707939508507,46
2010,24.1344565217391,2.4120652173913,"Stump Neck",22.4662086483932,3.49294423440454,1.66824787334594,-1.08087901701323,46
2011,23.6379347826087,2.76271739130435,"Stump Neck",22.4662086483932,3.49294423440454,1.1717261342155,-0.730226843100189,46
2012,24.0089130434783,2.5120652173913,"Stump Neck",22.4662086483932,3.49294423440454,1.54270439508507,-0.980879017013232,46
2013,22.5452173913043,4.45054347826087,"Stump Neck",22.4662086483932,3.49294423440454,0.079008742911153,0.957599243856333,46
2014,22.4254347826087,3.43402173913043,"Stump Neck",22.4662086483932,3.49294423440454,-0.040773865784498,-0.0589224952741021,46
2015,23.4389673913043,5.03630434782609,"Stump Neck",22.4662086483932,3.49294423440454,0.972758742911154,1.54336011342155,46
2016,22.3107608695652,4.2929347826087,"Stump Neck",22.4662086483932,3.49294423440454,-0.155447778827977,0.799990548204159,46
2017,22.6022282608696,4.72869565217391,"Stump Neck",22.4662086483932,3.49294423440454,0.136019612476371,1.23575141776938,46
2018,23.4278260869565,5.82369565217391,"Stump Neck",22.4662086483932,3.49294423440454,0.961617438563326,2.33075141776938,46
1992,19.5653804347826,5.33054347826087,"Area 54",21.0838835066163,4.26543005671078,-1.51850307183365,1.06511342155009,46
1993,21.2189673913043,3.38945652173913,"Area 54",21.0838835066163,4.26543005671078,0.13508388468809,-0.875973534971644,46
1994,20.4621739130435,2.80673913043478,"Area 54",21.0838835066163,4.26543005671078,-0.621709593572778,-1.45869092627599,46
1995,20.9302173913043,5.23663043478261,"Area 54",21.0838835066163,4.26543005671078,-0.153666115311911,0.971200378071834,46
1996,20.2461956521739,6.41804347826087,"Area 54",21.0838835066163,4.26543005671078,-0.837687854442343,2.15261342155009,46
1997,19.3735869565217,5.71597826086956,"Area 54",21.0838835066163,4.26543005671078,-1.71029655009452,1.45054820415879,46
1998,21.4579347826087,5.44815217391304,"Area 54",21.0838835066163,4.26543005671078,0.374051275992439,1.18272211720227,46
1999,21.9838043478261,2.41369565217391,"Area 54",21.0838835066163,4.26543005671078,0.899920841209831,-1.85173440453686,46
2000,20.9111956521739,4.71489130434783,"Area 54",21.0838835066163,4.26543005671078,-0.172687854442344,0.449461247637051,46
2001,20.799347826087,4.69858695652174,"Area 54",21.0838835066163,4.26543005671078,-0.284535680529299,0.433156899810964,46
2002,20.9897826086957,4.81434782608696,"Area 54",21.0838835066163,4.26543005671078,-0.0941008979206046,0.548917769376182,46
2003,19.7782608695652,5.26260869565217,"Area 54",21.0838835066163,4.26543005671078,-1.30562263705104,0.997178638941399,46
2004,21.2141847826087,5.54152173913043,"Area 54",21.0838835066163,4.26543005671078,0.130301275992441,1.27609168241966,46
2005,20.7796739130435,2.46369565217391,"Area 54",21.0838835066163,4.26543005671078,-0.304209593572779,-1.80173440453686,46
2006,20.0977717391304,3.80347826086957,"Area 54",21.0838835066163,4.26543005671078,-0.986111767485824,-0.46195179584121,46
2007,21.0551630434783,2.98597826086957,"Area 54",21.0838835066163,4.26543005671078,-0.0287204631379971,-1.27945179584121,46
2008,19.8997282608696,5.57391304347826,"Area 54",21.0838835066163,4.26543005671078,-1.18415524574669,1.30848298676749,46
2009,20.1614673913043,5.02228260869565,"Area 54",21.0838835066163,4.26543005671078,-0.922416115311908,0.756852551984877,46
2010,22.2484782608696,4.63423913043478,"Area 54",21.0838835066163,4.26543005671078,1.16459475425331,0.368809073724008,46
2011,21.7490217391304,4.33771739130435,"Area 54",21.0838835066163,4.26543005671078,0.665138232514177,0.0722873345935726,46
2012,22.4647826086957,2.39445652173913,"Area 54",21.0838835066163,4.26543005671078,1.3808991020794,-1.87097353497164,46
2013,21.0177173913043,4.82,"Area 54",21.0838835066163,4.26543005671078,-0.0661661153119084,0.554569943289225,46
2014,20.9060326086957,4.20913043478261,"Area 54",21.0838835066163,4.26543005671078,-0.177850897920603,-0.0562996219281668,46
2015,21.8163586956522,5.4075,"Area 54",21.0838835066163,4.26543005671078,0.732475189035917,1.14206994328922,46
2016,21.14375,4.57228260869565,"Area 54",21.0838835066163,4.26543005671078,0.0598664933837441,0.306852551984877,46
2017,20.8860326086957,5.46902173913043,"Area 54",21.0838835066163,4.26543005671078,-0.197850897920606,1.20359168241966,46
2018,22.9879891304348,4.56076086956522,"Area 54",21.0838835066163,4.26543005671078,1.90410562381853,0.295330812854442,46
1992,19.3592934782609,5.51054347826087,"Area 27",20.9517615784499,4.20532608695652,-1.59246810018903,1.30521739130435,46
1993,21.0452173913043,3.08076086956522,"Area 27",20.9517615784499,4.20532608695652,0.0934558128544438,-1.1245652173913,46
1994,20.3560326086957,2.63478260869565,"Area 27",20.9517615784499,4.20532608695652,-0.595728969754251,-1.57054347826087,46
1995,20.7747826086957,5.23934782608696,"Area 27",20.9517615784499,4.20532608695652,-0.176978969754252,1.03402173913044,46
1996,20.0071739130435,6.44065217391304,"Area 27",20.9517615784499,4.20532608695652,-0.944587665406427,2.23532608695652,46
1997,19.1501630434783,5.54576086956522,"Area 27",20.9517615784499,4.20532608695652,-1.80159853497164,1.3404347826087,46
1998,21.2199456521739,5.80945652173913,"Area 27",20.9517615784499,4.20532608695652,0.268184073724008,1.60413043478261,46
1999,21.8077717391304,2.39913043478261,"Area 27",20.9517615784499,4.20532608695652,0.85601016068053,-1.80619565217391,46
2000,20.6750543478261,4.59119565217391,"Area 27",20.9517615784499,4.20532608695652,-0.276707230623817,0.385869565217392,46
2001,20.5903804347826,4.76271739130435,"Area 27",20.9517615784499,4.20532608695652,-0.361381143667295,0.557391304347826,46
2002,20.8248913043478,4.85586956521739,"Area 27",20.9517615784499,4.20532608695652,-0.126870274102078,0.65054347826087,46
2003,19.7059782608696,5.58913043478261,"Area 27",20.9517615784499,4.20532608695652,-1.24578331758034,1.38380434782609,46
2004,21.1564673913043,5.21532608695652,"Area 27",20.9517615784499,4.20532608695652,0.204705812854442,1.01,46
2005,20.7326630434783,2.68641304347826,"Area 27",20.9517615784499,4.20532608695652,-0.219098534971643,-1.51891304347826,46
2006,20.1252717391304,3.92771739130435,"Area 27",20.9517615784499,4.20532608695652,-0.826489839319471,-0.277608695652173,46
2007,21.0807608695652,2.9279347826087,"Area 27",20.9517615784499,4.20532608695652,0.128999291115313,-1.27739130434783,46
2008,19.8553804347826,5.52934782608696,"Area 27",20.9517615784499,4.20532608695652,-1.09638114366729,1.32402173913044,46
2009,20.1549456521739,4.92086956521739,"Area 27",20.9517615784499,4.20532608695652,-0.79681592627599,0.71554347826087,46
2010,22.26375,4.6004347826087,"Area 27",20.9517615784499,4.20532608695652,1.3119884215501,0.395108695652175,46
2011,21.8007065217391,4.12326086956522,"Area 27",20.9517615784499,4.20532608695652,0.848944943289226,-0.0820652173913041,46
2012,22.6257065217391,2.31489130434783,"Area 27",20.9517615784499,4.20532608695652,1.67394494328923,-1.8904347826087,46
2013,20.9645108695652,4.50163043478261,"Area 27",20.9517615784499,4.20532608695652,0.0127492911153126,0.296304347826087,46
2014,20.6769565217391,4.1629347826087,"Area 27",20.9517615784499,4.20532608695652,-0.274805056710775,-0.0423913043478255,46
2015,21.6040217391304,5.18510869565217,"Area 27",20.9517615784499,4.20532608695652,0.65226016068053,0.979782608695652,46
2016,20.9292391304348,4.00858695652174,"Area 27",20.9517615784499,4.20532608695652,-0.0225224480151205,-0.196739130434782,46
2017,20.6633152173913,4.7875,"Area 27",20.9517615784499,4.20532608695652,-0.2884463610586,0.582173913043478,46
2018,22.7867934782609,4.40228260869565,"Area 27",20.9517615784499,4.20532608695652,1.83503189981096,0.196956521739131,46
1992,19.6386413043478,5.23032608695652,"Area 66",21.1604655009452,4.30197069943289,-1.52182419659735,0.92835538752363,46
1993,21.3302717391304,3.22967391304348,"Area 66",21.1604655009452,4.30197069943289,0.169806238185256,-1.07229678638941,46
1994,20.5523369565217,2.83641304347826,"Area 66",21.1604655009452,4.30197069943289,-0.60812854442344,-1.46555765595463,46
1995,21.0428804347826,5.435,"Area 66",21.1604655009452,4.30197069943289,-0.117585066162569,1.13302930056711,46
1996,20.4173369565217,6.5220652173913,"Area 66",21.1604655009452,4.30197069943289,-0.743128544423438,2.22009451795841,46
1997,19.4888043478261,5.12097826086957,"Area 66",21.1604655009452,4.30197069943289,-1.67166115311909,0.819007561436673,46
1998,21.5796739130435,5.37478260869565,"Area 66",21.1604655009452,4.30197069943289,0.4192084120983,1.07281190926276,46
1999,22.0584239130435,2.77054347826087,"Area 66",21.1604655009452,4.30197069943289,0.897958412098298,-1.53142722117202,46
2000,21.0182065217391,4.68782608695652,"Area 66",21.1604655009452,4.30197069943289,-0.142258979206048,0.385855387523629,46
2001,20.9552717391304,4.70260869565217,"Area 66",21.1604655009452,4.30197069943289,-0.205193761814744,0.400637996219282,46
2002,21.1154347826087,4.75,"Area 66",21.1604655009452,4.30197069943289,-0.0450307183364842,0.448029300567108,46
2003,19.806847826087,5.01934782608696,"Area 66",21.1604655009452,4.30197069943289,-1.35361767485822,0.717377126654065,46
2004,21.2291304347826,5.62358695652174,"Area 66",21.1604655009452,4.30197069943289,0.0686649338374288,1.32161625708885,46
2005,20.8008695652174,2.0995652173913,"Area 66",21.1604655009452,4.30197069943289,-0.359595935727789,-2.20240548204159,46
2006,20.1025543478261,3.84347826086957,"Area 66",21.1604655009452,4.30197069943289,-1.05791115311909,-0.458492438563327,46
2007,21.0433152173913,2.85260869565217,"Area 66",21.1604655009452,4.30197069943289,-0.117150283553876,-1.44936200378072,46
2008,19.9227173913043,5.81173913043478,"Area 66",21.1604655009452,4.30197069943289,-1.23774810964083,1.50976843100189,46
2009,20.1474456521739,5.01739130434783,"Area 66",21.1604655009452,4.30197069943289,-1.01301984877126,0.715420604914934,46
2010,22.2953804347826,4.41108695652174,"Area 66",21.1604655009452,4.30197069943289,1.13491493383743,0.109116257088847,46
2011,21.745597826087,4.65815217391304,"Area 66",21.1604655009452,4.30197069943289,0.585132325141778,0.356181474480151,46
2012,22.5290760869565,2.40239130434783,"Area 66",21.1604655009452,4.30197069943289,1.36861058601134,-1.89957939508507,46
2013,21.1860326086957,4.74934782608696,"Area 66",21.1604655009452,4.30197069943289,0.0255671077504722,0.447377126654064,46
2014,21.0015760869565,4.10586956521739,"Area 66",21.1604655009452,4.30197069943289,-0.158889413988657,-0.196101134215501,46
2015,21.9144565217391,6.07130434782609,"Area 66",21.1604655009452,4.30197069943289,0.753991020793951,1.76933364839319,46
2016,21.2710869565217,4.69826086956522,"Area 66",21.1604655009452,4.30197069943289,0.11062145557656,0.396290170132326,46
2017,21.0405434782609,5.28815217391304,"Area 66",21.1604655009452,4.30197069943289,-0.11992202268431,0.986181474480151,46
2018,23.1273369565217,4.32054347826087,"Area 66",21.1604655009452,4.30197069943289,1.96687145557656,0.0185727788279779,46
1992,19.3455434782609,5.5395652173913,"Area 16",20.95110231569,4.20900756143667,-1.60555883742911,1.33055765595463,46
1993,21.0484239130435,3.07532608695652,"Area 16",20.95110231569,4.20900756143667,0.0973215973534991,-1.13368147448015,46
1994,20.353152173913,2.9725,"Area 16",20.95110231569,4.20900756143667,-0.597950141776938,-1.23650756143667,46
1995,20.7824456521739,5.235,"Area 16",20.95110231569,4.20900756143667,-0.168656663516067,1.02599243856333,46
1996,20.0082065217391,5.90554347826087,"Area 16",20.95110231569,4.20900756143667,-0.94289579395085,1.6965359168242,46
1997,19.15,5.5825,"Area 16",20.95110231569,4.20900756143667,-1.80110231568998,1.37349243856333,46
1998,21.2214673913043,5.82,"Area 16",20.95110231569,4.20900756143667,0.270365075614368,1.61099243856333,46
1999,21.8144565217391,2.46260869565217,"Area 16",20.95110231569,4.20900756143667,0.863354206049152,-1.7463988657845,46
2000,20.6800543478261,4.55076086956522,"Area 16",20.95110231569,4.20900756143667,-0.271047967863893,0.341753308128545,46
2001,20.5708152173913,4.74021739130435,"Area 16",20.95110231569,4.20900756143667,-0.380287098298677,0.531209829867675,46
2002,20.8411956521739,4.96673913043478,"Area 16",20.95110231569,4.20900756143667,-0.109906663516067,0.75773156899811,46
2003,19.7145108695652,5.55489130434783,"Area 16",20.95110231569,4.20900756143667,-1.23659144612476,1.34588374291115,46
2004,21.163097826087,5.37597826086956,"Area 16",20.95110231569,4.20900756143667,0.211995510396978,1.16697069943289,46
2005,20.7361413043478,2.72097826086957,"Area 16",20.95110231569,4.20900756143667,-0.214961011342155,-1.48802930056711,46
2006,20.1342391304348,3.92717391304348,"Area 16",20.95110231569,4.20900756143667,-0.816863185255198,-0.281833648393194,46
2007,21.0903804347826,3.09641304347826,"Area 16",20.95110231569,4.20900756143667,0.13927811909263,-1.11259451795841,46
2008,19.8603260869565,5.79630434782609,"Area 16",20.95110231569,4.20900756143667,-1.09077622873346,1.58729678638941,46
2009,20.159402173913,4.91380434782609,"Area 16",20.95110231569,4.20900756143667,-0.791700141776936,0.704796786389414,46
2010,22.2657065217391,4.55586956521739,"Area 16",20.95110231569,4.20900756143667,1.31460420604915,0.346862003780719,46
2011,21.8151086956522,4.08380434782609,"Area 16",20.95110231569,4.20900756143667,0.864006379962195,-0.125203213610586,46
2012,22.6479347826087,2.33467391304348,"Area 16",20.95110231569,4.20900756143667,1.69683246691872,-1.87433364839319,46
2013,20.9754891304348,4.44163043478261,"Area 16",20.95110231569,4.20900756143667,0.0243868147448048,0.232622873345936,46
2014,20.6716847826087,4.21065217391304,"Area 16",20.95110231569,4.20900756143667,-0.279417533081283,0.00164461247637071,46
2015,21.5869565217391,5.15358695652174,"Area 16",20.95110231569,4.20900756143667,0.635854206049149,0.944579395085066,46
2016,20.9258695652174,3.97032608695652,"Area 16",20.95110231569,4.20900756143667,-0.0252327504725898,-0.238681474480151,46
2017,20.6635869565217,4.59152173913043,"Area 16",20.95110231569,4.20900756143667,-0.287515359168239,0.382514177693762,46
2018,22.7884239130435,4.42380434782609,"Area 16",20.95110231569,4.20900756143667,1.8373215973535,0.214796786389414,46
1992,19.4954347826087,5.41391304347826,"Area 31",21.0820758506616,4.14439035916824,-1.58664106805293,1.26952268431002,46
1993,21.2185326086957,3.0745652173913,"Area 31",21.0820758506616,4.14439035916824,0.136456758034029,-1.06982514177694,46
1994,20.5240217391304,2.49586956521739,"Area 31",21.0820758506616,4.14439035916824,-0.558054111531188,-1.64852079395085,46
1995,20.9597826086957,5.08402173913043,"Area 31",21.0820758506616,4.14439035916824,-0.122293241965973,0.939631379962193,46
1996,20.2238586956522,5.90239130434783,"Area 31",21.0820758506616,4.14439035916824,-0.858217155009452,1.75800094517958,46
1997,19.3713043478261,4.95891304347826,"Area 31",21.0820758506616,4.14439035916824,-1.71077150283554,0.814522684310019,46
1998,21.4685869565217,5.43869565217391,"Area 31",21.0820758506616,4.14439035916824,0.386511105860116,1.29430529300567,46
1999,22.0213043478261,2.49532608695652,"Area 31",21.0820758506616,4.14439035916824,0.939228497164464,-1.64906427221172,46
2000,20.9283695652174,4.35076086956522,"Area 31",21.0820758506616,4.14439035916824,-0.153706285444233,0.206370510396975,46
2001,20.7841847826087,4.51826086956522,"Area 31",21.0820758506616,4.14439035916824,-0.29789106805293,0.373870510396975,46
2002,21.061902173913,4.79608695652174,"Area 31",21.0820758506616,4.14439035916824,-0.0201736767485805,0.651696597353497,46
2003,19.8102173913043,5.73141304347826,"Area 31",21.0820758506616,4.14439035916824,-1.27185845935728,1.58702268431002,46
2004,21.2534239130435,5.21836956521739,"Area 31",21.0820758506616,4.14439035916824,0.171348062381853,1.07397920604915,46
2005,20.8333152173913,2.73391304347826,"Area 31",21.0820758506616,4.14439035916824,-0.248760633270319,-1.41047731568998,46
2006,20.2079891304348,3.9675,"Area 31",21.0820758506616,4.14439035916824,-0.874086720226842,-0.176890359168242,46
2007,21.1373369565217,2.92739130434783,"Area 31",21.0820758506616,4.14439035916824,0.0552611058601151,-1.21699905482042,46
2008,19.9530434782609,5.72032608695652,"Area 31",21.0820758506616,4.14439035916824,-1.12903237240075,1.57593572778828,46
2009,20.1999456521739,4.94804347826087,"Area 31",21.0820758506616,4.14439035916824,-0.882130198487712,0.803653119092627,46
2010,22.2892934782609,4.87163043478261,"Area 31",21.0820758506616,4.14439035916824,1.20721762759925,0.727240075614366,46
2011,21.8239673913043,4.08217391304348,"Area 31",21.0820758506616,4.14439035916824,0.741891540642722,-0.0622164461247641,46
2012,22.660597826087,2.3620652173913,"Area 31",21.0820758506616,4.14439035916824,1.57852197542533,-1.78232514177694,46
2013,21.0855434782609,4.46619565217391,"Area 31",21.0820758506616,4.14439035916824,0.00346762759924601,0.321805293005671,46
2014,20.8133152173913,4.32880434782609,"Area 31",21.0820758506616,4.14439035916824,-0.268760633270318,0.184413988657845,46
2015,21.71875,5.47619565217391,"Area 31",21.0820758506616,4.14439035916824,0.636674149338376,1.33180529300567,46
2016,21.0825543478261,3.94391304347826,"Area 31",21.0820758506616,4.14439035916824,0.0004784971644618,-0.200477315689982,46
2017,20.8255434782609,5.08760869565217,"Area 31",21.0820758506616,4.14439035916824,-0.256532372400756,0.943218336483931,46
2018,22.9273913043478,4.25369565217391,"Area 31",21.0820758506616,4.14439035916824,1.8453154536862,0.109305293005671,46
1992,19.3557608695652,5.51684782608696,"Area 07",20.9858790170132,4.16776701323251,-1.63011814744802,1.34908081285444,46
1993,21.071847826087,3.06934782608696,"Area 07",20.9858790170132,4.16776701323251,0.085968809073723,-1.09841918714556,46
1994,20.4145652173913,2.79239130434783,"Area 07",20.9858790170132,4.16776701323251,-0.57131379962193,-1.37537570888469,46
1995,20.8129347826087,5.10641304347826,"Area 07",20.9858790170132,4.16776701323251,-0.172944234404536,0.938646030245747,46
1996,20.026902173913,5.41728260869565,"Area 07",20.9858790170132,4.16776701323251,-0.958976843100189,1.24951559546314,46
1997,19.2254891304348,5.45663043478261,"Area 07",20.9858790170132,4.16776701323251,-1.76038988657845,1.28886342155009,46
1998,21.3082608695652,5.82119565217391,"Area 07",20.9858790170132,4.16776701323251,0.322381852551985,1.6534286389414,46
1999,21.9029347826087,2.57010869565217,"Area 07",20.9858790170132,4.16776701323251,0.917055765595464,-1.59765831758034,46
2000,20.7810326086957,4.56858695652174,"Area 07",20.9858790170132,4.16776701323251,-0.204846408317579,0.400819943289225,46
2001,20.6374456521739,4.63,"Area 07",20.9858790170132,4.16776701323251,-0.34843336483932,0.462232986767486,46
2002,20.9604891304348,4.91489130434783,"Area 07",20.9858790170132,4.16776701323251,-0.0253898865784485,0.747124291115312,46
2003,19.7713586956522,5.48315217391304,"Area 07",20.9858790170132,4.16776701323251,-1.21452032136106,1.31538516068053,46
2004,21.2111956521739,5.26673913043478,"Area 07",20.9858790170132,4.16776701323251,0.225316635160681,1.09897211720227,46
2005,20.7742934782609,2.77163043478261,"Area 07",20.9858790170132,4.16776701323251,-0.211585538752363,-1.39613657844991,46
2006,20.1754891304348,4.14108695652174,"Area 07",20.9858790170132,4.16776701323251,-0.810389886578449,-0.0266800567107754,46
2007,21.1296195652174,2.93532608695652,"Area 07",20.9858790170132,4.16776701323251,0.14374054820416,-1.23244092627599,46
2008,19.9040217391304,5.97673913043478,"Area 07",20.9858790170132,4.16776701323251,-1.0818572778828,1.80897211720227,46
2009,20.1922282608696,4.8570652173913,"Area 07",20.9858790170132,4.16776701323251,-0.793650756143666,0.68929820415879,46
2010,22.2969565217391,4.59576086956522,"Area 07",20.9858790170132,4.16776701323251,1.3110775047259,0.427993856332703,46
2011,21.8689673913043,3.83402173913043,"Area 07",20.9858790170132,4.16776701323251,0.883088374291116,-0.33374527410208,46
2012,22.7180434782609,2.16217391304348,"Area 07",20.9858790170132,4.16776701323251,1.73216446124764,-2.00559310018904,46
2013,21.0149456521739,4.27010869565217,"Area 07",20.9858790170132,4.16776701323251,0.0290666351606816,0.102341682419659,46
2014,20.6823913043478,4.42663043478261,"Area 07",20.9858790170132,4.16776701323251,-0.303487712665405,0.258863421550094,46
2015,21.589402173913,5.34880434782609,"Area 07",20.9858790170132,4.16776701323251,0.603523156899811,1.18103733459357,46
2016,20.9513043478261,3.9225,"Area 07",20.9858790170132,4.16776701323251,-0.034574669187144,-0.245267013232514,46
2017,20.6875543478261,4.75565217391304,"Area 07",20.9858790170132,4.16776701323251,-0.298324669187146,0.587885160680529,46
2018,22.8099456521739,4.43717391304348,"Area 07",20.9858790170132,4.16776701323251,1.82406663516068,0.269406899810964,46
1992,19.9271739130435,4.70347826086957,"First Creek",21.6592344045369,4.37386578449905,-1.73206049149338,0.329612476370511,46
1993,21.6605434782609,3.75239130434783,"First Creek",21.6592344045369,4.37386578449905,0.00130907372400912,-0.621474480151228,46
1994,20.7951086956522,2.28597826086957,"First Creek",21.6592344045369,4.37386578449905,-0.864125708884686,-2.08788752362949,46
1995,21.3766304347826,4.82945652173913,"First Creek",21.6592344045369,4.37386578449905,-0.282603969754252,0.455590737240076,46
1996,20.9111956521739,4.95228260869565,"First Creek",21.6592344045369,4.37386578449905,-0.748038752362948,0.578416824196598,46
1997,19.9428260869565,4.36510869565217,"First Creek",21.6592344045369,4.37386578449905,-1.71640831758034,-0.0087570888468802,46
1998,22.0201630434783,5.78510869565217,"First Creek",21.6592344045369,4.37386578449905,0.360928638941402,1.41124291115312,46
1999,22.2505434782609,3.46847826086957,"First Creek",21.6592344045369,4.37386578449905,0.591309073724009,-0.905387523629489,46
2000,21.3040760869565,5.55434782608696,"First Creek",21.6592344045369,4.37386578449905,-0.35515831758034,1.1804820415879,46
2001,21.3411413043478,3.95891304347826,"First Creek",21.6592344045369,4.37386578449905,-0.318093100189035,-0.414952741020794,46
2002,21.8717391304348,4.61891304347826,"First Creek",21.6592344045369,4.37386578449905,0.212504725897922,0.245047258979207,46
2003,20.3297826086957,5.27728260869565,"First Creek",21.6592344045369,4.37386578449905,-1.32945179584121,0.903416824196597,46
2004,21.7672826086957,5.50945652173913,"First Creek",21.6592344045369,4.37386578449905,0.108048204158791,1.13559073724008,46
2005,21.5323369565217,3.25423913043478,"First Creek",21.6592344045369,4.37386578449905,-0.126897448015121,-1.11962665406427,46
2006,21.341902173913,4.00510869565217,"First Creek",21.6592344045369,4.37386578449905,-0.317332230623816,-0.368757088846881,46
2007,21.9928804347826,2.53641304347826,"First Creek",21.6592344045369,4.37386578449905,0.333646030245749,-1.83745274102079,46
2008,20.5661956521739,5.64978260869565,"First Creek",21.6592344045369,4.37386578449905,-1.09303875236295,1.2759168241966,46
2009,20.6859782608696,6.53304347826087,"First Creek",21.6592344045369,4.37386578449905,-0.973256143667296,2.15917769376181,46
2010,22.956847826087,5.96597826086956,"First Creek",21.6592344045369,4.37386578449905,1.2976134215501,1.59211247637051,46
2011,22.5482608695652,4.3354347826087,"First Creek",21.6592344045369,4.37386578449905,0.889026465028358,-0.0384310018903591,46
2012,23.8104347826087,1.16467391304348,"First Creek",21.6592344045369,4.37386578449905,2.15120037807183,-3.20919187145558,46
2013,21.3574456521739,5.38304347826087,"First Creek",21.6592344045369,4.37386578449905,-0.301788752362949,1.00917769376182,46
2014,21.1073369565217,4.63434782608696,"First Creek",21.6592344045369,4.37386578449905,-0.551897448015122,0.260482041587902,46
2015,21.9873913043478,4.86989130434783,"First Creek",21.6592344045369,4.37386578449905,0.328156899810967,0.496025519848772,46
2016,21.5761413043478,4.59728260869565,"First Creek",21.6592344045369,4.37386578449905,-0.0830931001890356,0.223416824196597,46
2017,21.58625,4.82347826086956,"First Creek",21.6592344045369,4.37386578449905,-0.0729844045368608,0.44961247637051,46
2018,23.6914673913043,3.56195652173913,"First Creek",21.6592344045369,4.37386578449905,2.03223298676749,-0.811909262759924,46
1992,19.9710869565217,4.60739130434783,"Williams Cemetery",21.5607880434783,4.48038516068053,-1.58970108695652,0.127006143667296,46
1993,21.66125,4.24260869565217,"Williams Cemetery",21.5607880434783,4.48038516068053,0.100461956521738,-0.237776465028356,46
1994,20.7717391304348,2.56260869565217,"Williams Cemetery",21.5607880434783,4.48038516068053,-0.78904891304348,-1.91777646502836,46
1995,21.3708695652174,5.37782608695652,"Williams Cemetery",21.5607880434783,4.48038516068053,-0.189918478260871,0.897440926275992,46
1996,20.9488043478261,5.26304347826087,"Williams Cemetery",21.5607880434783,4.48038516068053,-0.611983695652174,0.78265831758034,46
1997,19.9252173913043,4.47771739130435,"Williams Cemetery",21.5607880434783,4.48038516068053,-1.63557065217391,-0.00266776937618118,46
1998,21.9842391304348,6.01054347826087,"Williams Cemetery",21.5607880434783,4.48038516068053,0.423451086956522,1.53015831758034,46
1999,22.2695108695652,3.73771739130435,"Williams Cemetery",21.5607880434783,4.48038516068053,0.708722826086955,-0.742667769376181,46
2000,21.2461956521739,5.51195652173913,"Williams Cemetery",21.5607880434783,4.48038516068053,-0.314592391304348,1.0315713610586,46
2001,21.3560326086957,4.09760869565217,"Williams Cemetery",21.5607880434783,4.48038516068053,-0.204755434782609,-0.382776465028355,46
2002,21.859402173913,4.49586956521739,"Williams Cemetery",21.5607880434783,4.48038516068053,0.298614130434782,0.0154844045368616,46
2003,20.253097826087,5.3429347826087,"Williams Cemetery",21.5607880434783,4.48038516068053,-1.3076902173913,0.862549621928166,46
2004,21.7376630434783,5.70934782608696,"Williams Cemetery",21.5607880434783,4.48038516068053,0.176874999999999,1.22896266540643,46
2005,21.4845652173913,3.18891304347826,"Williams Cemetery",21.5607880434783,4.48038516068053,-0.0762228260869584,-1.29147211720227,46
2006,21.3032608695652,3.8979347826087,"Williams Cemetery",21.5607880434783,4.48038516068053,-0.257527173913044,-0.582450378071834,46
2007,21.9754891304348,2.76923913043478,"Williams Cemetery",21.5607880434783,4.48038516068053,0.414701086956523,-1.71114603024575,46
2008,20.4521195652174,5.685,"Williams Cemetery",21.5607880434783,4.48038516068053,-1.10866847826087,1.20461483931947,46
2009,20.5939130434783,6.25228260869565,"Williams Cemetery",21.5607880434783,4.48038516068053,-0.966875000000002,1.77189744801512,46
2010,22.8916304347826,5.55260869565217,"Williams Cemetery",21.5607880434783,4.48038516068053,1.33084239130435,1.07222353497164,46
2011,22.3598369565217,4.77195652173913,"Williams Cemetery",21.5607880434783,4.48038516068053,0.799048913043478,0.291571361058601,46
2012,23.6492934782609,1.23967391304348,"Williams Cemetery",21.5607880434783,4.48038516068053,2.08850543478261,-3.24071124763705,46
2013,21.1545108695652,5.22967391304348,"Williams Cemetery",21.5607880434783,4.48038516068053,-0.406277173913043,0.749288752362949,46
2014,20.9535326086957,4.93891304347826,"Williams Cemetery",21.5607880434783,4.48038516068053,-0.607255434782608,0.458527882797731,46
2015,21.8092391304348,5.05902173913043,"Williams Cemetery",21.5607880434783,4.48038516068053,0.248451086956521,0.578636578449905,46
2016,21.4064130434783,4.19554347826087,"Williams Cemetery",21.5607880434783,4.48038516068053,-0.154375000000002,-0.28484168241966,46
2017,21.381902173913,5.49358695652174,"Williams Cemetery",21.5607880434783,4.48038516068053,-0.178885869565217,1.01320179584121,46
2018,23.496902173913,3.76869565217391,"Williams Cemetery",21.5607880434783,4.48038516068053,1.93611413043478,-0.711689508506617,46
1992,20.0714130434783,4.275,"Seedtick Creek",21.7935160680529,4.29973534971645,-1.72210302457467,-0.0247353497164458,46
1993,21.8053260869565,4.01445652173913,"Seedtick Creek",21.7935160680529,4.29973534971645,0.0118100189035921,-0.285278827977316,46
1994,20.8942934782609,2.91826086956522,"Seedtick Creek",21.7935160680529,4.29973534971645,-0.89922258979206,-1.38147448015123,46
1995,21.4866847826087,4.99195652173913,"Seedtick Creek",21.7935160680529,4.29973534971645,-0.306831285444236,0.692221172022684,46
1996,21.0951086956522,4.87847826086957,"Seedtick Creek",21.7935160680529,4.29973534971645,-0.698407372400755,0.578742911153119,46
1997,20.1088043478261,4.0054347826087,"Seedtick Creek",21.7935160680529,4.29973534971645,-1.68471172022684,-0.294300567107751,46
1998,22.1450543478261,5.6675,"Seedtick Creek",21.7935160680529,4.29973534971645,0.351538279773155,1.36776465028355,46
1999,22.313152173913,3.66891304347826,"Seedtick Creek",21.7935160680529,4.29973534971645,0.519636105860112,-0.630822306238185,46
2000,21.4403260869565,5.35315217391304,"Seedtick Creek",21.7935160680529,4.29973534971645,-0.35318998109641,1.0534168241966,46
2001,21.4180434782609,3.96402173913043,"Seedtick Creek",21.7935160680529,4.29973534971645,-0.375472589792061,-0.335713610586011,46
2002,21.9835326086957,4.22826086956522,"Seedtick Creek",21.7935160680529,4.29973534971645,0.19001654064272,-0.0714744801512284,46
2003,20.4509239130435,5.31652173913043,"Seedtick Creek",21.7935160680529,4.29973534971645,-1.34259215500945,1.01678638941399,46
2004,21.9003260869565,5.6629347826087,"Seedtick Creek",21.7935160680529,4.29973534971645,0.106810018903591,1.36319943289225,46
2005,21.6486413043478,3.00869565217391,"Seedtick Creek",21.7935160680529,4.29973534971645,-0.144874763705104,-1.29103969754253,46
2006,21.4009239130435,3.51934782608696,"Seedtick Creek",21.7935160680529,4.29973534971645,-0.392592155009453,-0.78038752362949,46
2007,22.0461956521739,2.82260869565217,"Seedtick Creek",21.7935160680529,4.29973534971645,0.252679584120983,-1.47712665406427,46
2008,20.6938043478261,5.4125,"Seedtick Creek",21.7935160680529,4.29973534971645,-1.09971172022684,1.11276465028355,46
2009,20.7974456521739,5.89619565217391,"Seedtick Creek",21.7935160680529,4.29973534971645,-0.996070415879018,1.59646030245747,46
2010,23.1155434782609,5.13978260869565,"Seedtick Creek",21.7935160680529,4.29973534971645,1.32202741020794,0.840047258979206,46
2011,22.6615760869565,4.71510869565217,"Seedtick Creek",21.7935160680529,4.29973534971645,0.868060018903591,0.415373345935728,46
2012,23.9008695652174,1.17130434782609,"Seedtick Creek",21.7935160680529,4.29973534971645,2.10735349716446,-3.12843100189036,46
2013,21.4829891304348,4.85315217391304,"Seedtick Creek",21.7935160680529,4.29973534971645,-0.31052693761815,0.553416824196598,46
2014,21.2615217391304,4.56163043478261,"Seedtick Creek",21.7935160680529,4.29973534971645,-0.531994328922497,0.261895085066162,46
2015,22.1173913043478,4.88271739130435,"Seedtick Creek",21.7935160680529,4.29973534971645,0.323875236294896,0.582982041587901,46
2016,21.6815760869565,4.05489130434783,"Seedtick Creek",21.7935160680529,4.29973534971645,-0.111939981096409,-0.24484404536862,46
2017,21.7353804347826,5.31369565217391,"Seedtick Creek",21.7935160680529,4.29973534971645,-0.0581356332703216,1.01396030245747,46
2018,23.8316304347826,3.68586956521739,"Seedtick Creek",21.7935160680529,4.29973534971645,2.03811436672968,-0.613865784499055,46
1992,19.7670652173913,4.38271739130435,"Sulphur Creek",21.4790382797732,4.34362712665406,-1.71197306238185,0.0390902646502829,46
1993,21.5060869565217,3.86836956521739,"Sulphur Creek",21.4790382797732,4.34362712665406,0.0270486767485814,-0.475257561436674,46
1994,20.6259239130435,2.40880434782609,"Sulphur Creek",21.4790382797732,4.34362712665406,-0.853114366729677,-1.93482277882798,46
1995,21.2130434782609,4.96163043478261,"Sulphur Creek",21.4790382797732,4.34362712665406,-0.265994801512289,0.618003308128544,46
1996,20.7346739130435,5.07891304347826,"Sulphur Creek",21.4790382797732,4.34362712665406,-0.744364366729677,0.735285916824196,46
1997,19.7723369565217,4.36782608695652,"Sulphur Creek",21.4790382797732,4.34362712665406,-1.70670132325142,0.0241989603024573,46
1998,21.8679347826087,5.66913043478261,"Sulphur Creek",21.4790382797732,4.34362712665406,0.388896502835539,1.32550330812854,46
1999,22.1850543478261,3.22902173913043,"Sulphur Creek",21.4790382797732,4.34362712665406,0.706016068052929,-1.11460538752363,46
2000,21.1471739130435,5.42978260869565,"Sulphur Creek",21.4790382797732,4.34362712665406,-0.331864366729679,1.08615548204159,46
2001,21.2016304347826,4.105,"Sulphur Creek",21.4790382797732,4.34362712665406,-0.277407844990549,-0.238627126654064,46
2002,21.6798369565217,4.81923913043478,"Sulphur Creek",21.4790382797732,4.34362712665406,0.200798676748583,0.475612003780718,46
2003,20.025,5.26478260869565,"Sulphur Creek",21.4790382797732,4.34362712665406,-1.45403827977316,0.921155482041588,46
2004,21.6528804347826,5.57032608695652,"Sulphur Creek",21.4790382797732,4.34362712665406,0.173842155009453,1.22669896030246,46
2005,21.4148369565217,3.48163043478261,"Sulphur Creek",21.4790382797732,4.34362712665406,-0.0642013232514174,-0.861996691871456,46
2006,21.1261956521739,3.9125,"Sulphur Creek",21.4790382797732,4.34362712665406,-0.352842627599244,-0.431127126654065,46
2007,21.7902717391304,2.57423913043478,"Sulphur Creek",21.4790382797732,4.34362712665406,0.311233459357279,-1.76938799621928,46
2008,20.3485869565217,5.89152173913044,"Sulphur Creek",21.4790382797732,4.34362712665406,-1.13045132325142,1.54789461247637,46
2009,20.4632608695652,6.40141304347826,"Sulphur Creek",21.4790382797732,4.34362712665406,-1.01577741020794,2.0577859168242,46
2010,22.7285869565217,5.11380434782609,"Sulphur Creek",21.4790382797732,4.34362712665406,1.24954867674858,0.770177221172022,46
2011,22.3164130434783,4.70989130434783,"Sulphur Creek",21.4790382797732,4.34362712665406,0.837374763705103,0.366264177693761,46
2012,23.6185869565217,1.4379347826087,"Sulphur Creek",21.4790382797732,4.34362712665406,2.13954867674858,-2.90569234404537,46
2013,21.1874456521739,4.67902173913043,"Sulphur Creek",21.4790382797732,4.34362712665406,-0.291592627599243,0.33539461247637,46
2014,20.9335326086957,4.48423913043478,"Sulphur Creek",21.4790382797732,4.34362712665406,-0.545505671077503,0.140612003780718,46
2015,21.7791847826087,4.4854347826087,"Sulphur Creek",21.4790382797732,4.34362712665406,0.300146502835538,0.141807655954631,46
2016,21.3783695652174,4.67978260869565,"Sulphur Creek",21.4790382797732,4.34362712665406,-0.100668714555766,0.336155482041588,46
2017,21.3221195652174,5.10902173913043,"Sulphur Creek",21.4790382797732,4.34362712665406,-0.156918714555765,0.76539461247637,46
2018,23.4520652173913,3.81467391304348,"Sulphur Creek",21.4790382797732,4.34362712665406,1.97302693761815,-0.528953213610587,46
1992,19.9551630434783,4.51510869565217,"East Boggs",21.5864106805293,4.41046313799622,-1.63124763705104,0.104645557655955,46
1993,21.6545652173913,4.13467391304348,"East Boggs",21.5864106805293,4.41046313799622,0.0681545368620036,-0.27578922495274,46
1994,20.756847826087,2.9375,"East Boggs",21.5864106805293,4.41046313799622,-0.829562854442344,-1.47296313799622,46
1995,21.3521739130435,5.26815217391304,"East Boggs",21.5864106805293,4.41046313799622,-0.234236767485822,0.857689035916825,46
1996,20.9430434782609,5.18065217391304,"East Boggs",21.5864106805293,4.41046313799622,-0.643367202268433,0.770189035916824,46
1997,19.9252717391304,4.41173913043478,"East Boggs",21.5864106805293,4.41046313799622,-1.66113894139887,0.00127599243856391,46
1998,21.9944565217391,5.84108695652174,"East Boggs",21.5864106805293,4.41046313799622,0.40804584120983,1.43062381852552,46
1999,22.256902173913,3.58684782608696,"East Boggs",21.5864106805293,4.41046313799622,0.670491493383743,-0.823615311909263,46
2000,21.2696195652174,5.37271739130435,"East Boggs",21.5864106805293,4.41046313799622,-0.316791115311911,0.962254253308129,46
2001,21.3353260869565,4.02891304347826,"East Boggs",21.5864106805293,4.41046313799622,-0.251084593572781,-0.381550094517958,46
2002,21.841902173913,4.50228260869565,"East Boggs",21.5864106805293,4.41046313799622,0.255491493383744,0.0918194706994333,46
2003,20.2301630434783,5.28978260869565,"East Boggs",21.5864106805293,4.41046313799622,-1.35624763705104,0.879319470699433,46
2004,21.7648913043478,5.75554347826087,"East Boggs",21.5864106805293,4.41046313799622,0.178480623818526,1.34508034026465,46
2005,21.5040217391304,3.17239130434783,"East Boggs",21.5864106805293,4.41046313799622,-0.0823889413988681,-1.23807183364839,46
2006,21.2690217391304,3.80630434782609,"East Boggs",21.5864106805293,4.41046313799622,-0.317388941398868,-0.604158790170132,46
2007,21.9376086956522,2.77597826086957,"East Boggs",21.5864106805293,4.41046313799622,0.351198015122872,-1.63448487712665,46
2008,20.479347826087,5.59369565217391,"East Boggs",21.5864106805293,4.41046313799622,-1.10706285444234,1.18323251417769,46
2009,20.6044565217391,5.89010869565217,"East Boggs",21.5864106805293,4.41046313799622,-0.98195415879017,1.47964555765595,46
2010,22.8994565217391,5.2675,"East Boggs",21.5864106805293,4.41046313799622,1.31304584120983,0.857036862003781,46
2011,22.3973369565217,4.74402173913044,"East Boggs",21.5864106805293,4.41046313799622,0.810926275992436,0.333558601134216,46
2012,23.680597826087,1.37380434782609,"East Boggs",21.5864106805293,4.41046313799622,2.09418714555765,-3.03665879017013,46
2013,21.2240760869565,4.96076086956522,"East Boggs",21.5864106805293,4.41046313799622,-0.362334593572779,0.550297731568999,46
2014,21.0120108695652,4.6995652173913,"East Boggs",21.5864106805293,4.41046313799622,-0.574399810964085,0.289102079395086,46
2015,21.8590217391304,4.86586956521739,"East Boggs",21.5864106805293,4.41046313799622,0.272611058601132,0.455406427221172,46
2016,21.4495108695652,4.15282608695652,"East Boggs",21.5864106805293,4.41046313799622,-0.136899810964085,-0.257637051039697,46
2017,21.4263586956522,5.56554347826087,"East Boggs",21.5864106805293,4.41046313799622,-0.160051984877128,1.15508034026465,46
2018,23.5433695652174,3.71826086956522,"East Boggs",21.5864106805293,4.41046313799622,1.95695888468809,-0.692202268431001,46
1992,19.8601086956522,4.55152173913043,"Area 14",21.5012700850662,4.42059073724008,-1.64116138941399,0.130931001890358,46
1993,21.5694565217391,4.09184782608696,"Area 14",21.5012700850662,4.42059073724008,0.068186436672967,-0.328742911153119,46
1994,20.6816304347826,2.47260869565217,"Area 14",21.5012700850662,4.42059073724008,-0.819639650283555,-1.9479820415879,46
1995,21.2678260869565,5.2129347826087,"Area 14",21.5012700850662,4.42059073724008,-0.233443998109642,0.79234404536862,46
1996,20.8304347826087,5.34913043478261,"Area 14",21.5012700850662,4.42059073724008,-0.670835302457469,0.928539697542533,46
1997,19.833097826087,4.56739130434783,"Area 14",21.5012700850662,4.42059073724008,-1.66817225897921,0.14680056710775,46
1998,21.911902173913,5.67880434782609,"Area 14",21.5012700850662,4.42059073724008,0.410632088846878,1.25821361058601,46
1999,22.2192934782609,3.46967391304348,"Area 14",21.5012700850662,4.42059073724008,0.718023393194706,-0.950916824196598,46
2000,21.1785326086957,5.6554347826087,"Area 14",21.5012700850662,4.42059073724008,-0.322737476370513,1.23484404536862,46
2001,21.2633152173913,4.05858695652174,"Area 14",21.5012700850662,4.42059073724008,-0.237954867674858,-0.362003780718337,46
2002,21.7520108695652,4.73554347826087,"Area 14",21.5012700850662,4.42059073724008,0.250740784499055,0.314952741020794,46
2003,20.1278804347826,5.34934782608696,"Area 14",21.5012700850662,4.42059073724008,-1.37338965028356,0.92875708884688,46
2004,21.68875,5.70271739130435,"Area 14",21.5012700850662,4.42059073724008,0.187479914933835,1.28212665406427,46
2005,21.4441847826087,3.35217391304348,"Area 14",21.5012700850662,4.42059073724008,-0.0570853024574696,-1.0684168241966,46
2006,21.2080434782609,4.00641304347826,"Area 14",21.5012700850662,4.42059073724008,-0.293226606805295,-0.414177693761815,46
2007,21.8666847826087,2.65510869565217,"Area 14",21.5012700850662,4.42059073724008,0.365414697542533,-1.7654820415879,46
2008,20.3751630434783,5.72510869565217,"Area 14",21.5012700850662,4.42059073724008,-1.1261070415879,1.3045179584121,46
2009,20.5007065217391,6.24847826086957,"Area 14",21.5012700850662,4.42059073724008,-1.00056356332703,1.82788752362949,46
2010,22.7814673913043,5.34391304347826,"Area 14",21.5012700850662,4.42059073724008,1.28019730623818,0.923322306238185,46
2011,22.3083695652174,4.68413043478261,"Area 14",21.5012700850662,4.42059073724008,0.807099480151226,0.263539697542533,46
2012,23.6063043478261,1.23836956521739,"Area 14",21.5012700850662,4.42059073724008,2.10503426275992,-3.18222117202268,46
2013,21.1464673913043,4.94554347826087,"Area 14",21.5012700850662,4.42059073724008,-0.354802693761815,0.524952741020794,46
2014,20.9258695652174,4.85315217391304,"Area 14",21.5012700850662,4.42059073724008,-0.575400519848774,0.432561436672968,46
2015,21.7698369565217,4.76826086956522,"Area 14",21.5012700850662,4.42059073724008,0.268566871455576,0.347670132325142,46
2016,21.3722282608696,4.31108695652174,"Area 14",21.5012700850662,4.42059073724008,-0.129041824196598,-0.109503780718336,46
2017,21.3296195652174,5.46478260869565,"Area 14",21.5012700850662,4.42059073724008,-0.171650519848772,1.04419187145558,46
2018,23.4527173913043,3.67173913043478,"Area 14",21.5012700850662,4.42059073724008,1.95144730623818,-0.748851606805293,46
1992,20.9103804347826,4.10326086956522,"Salt River",22.3918383742911,4.08571361058601,-1.48145793950851,0.0175472589792065,46
1993,22.6407608695652,2.91760869565217,"Salt River",22.3918383742911,4.08571361058601,0.248922495274101,-1.16810491493384,46
1994,21.7570108695652,2.00804347826087,"Salt River",22.3918383742911,4.08571361058601,-0.634827504725898,-2.07767013232514,46
1995,22.1486956521739,5.48717391304348,"Salt River",22.3918383742911,4.08571361058601,-0.243142722117202,1.40146030245747,46
1996,22.0701086956522,4.89239130434783,"Salt River",22.3918383742911,4.08571361058601,-0.321729678638942,0.806677693761815,46
1997,20.8233695652174,4.53380434782609,"Salt River",22.3918383742911,4.08571361058601,-1.56846880907372,0.448090737240076,46
1998,22.843097826087,5.81130434782609,"Salt River",22.3918383742911,4.08571361058601,0.451259451795842,1.72559073724008,46
1999,22.9544565217391,2.67695652173913,"Salt River",22.3918383742911,4.08571361058601,0.562618147448013,-1.40875708884688,46
2000,22.1127173913043,3.64260869565217,"Salt River",22.3918383742911,4.08571361058601,-0.279120982986768,-0.443104914933838,46
2001,22.1923369565217,3.67239130434783,"Salt River",22.3918383742911,4.08571361058601,-0.199501417769376,-0.413322306238185,46
2002,22.5217391304348,3.9370652173913,"Salt River",22.3918383742911,4.08571361058601,0.129900756143666,-0.148648393194707,46
2003,21.1717934782609,4.85021739130435,"Salt River",22.3918383742911,4.08571361058601,-1.22004489603025,0.764503780718337,46
2004,22.6460326086957,6.20891304347826,"Salt River",22.3918383742911,4.08571361058601,0.254194234404537,2.12319943289225,46
2005,22.1692934782609,2.79521739130435,"Salt River",22.3918383742911,4.08571361058601,-0.222544896030247,-1.29049621928166,46
2006,21.6296739130435,4.00119565217391,"Salt River",22.3918383742911,4.08571361058601,-0.762164461247636,-0.0845179584120981,46
2007,22.7472282608696,2.87565217391304,"Salt River",22.3918383742911,4.08571361058601,0.35538988657845,-1.21006143667297,46
2008,21.7654891304348,3.59717391304348,"Salt River",22.3918383742911,4.08571361058601,-0.626349243856332,-0.488539697542533,46
2009,21.3973913043478,5.33304347826087,"Salt River",22.3918383742911,4.08571361058601,-0.994447069943288,1.24732986767486,46
2010,23.9832608695652,4.42445652173913,"Salt River",22.3918383742911,4.08571361058601,1.5914224952741,0.338742911153119,46
2011,23.1999456521739,5.52489130434783,"Salt River",22.3918383742911,4.08571361058601,0.808107277882797,1.43917769376182,46
2012,24.0352173913043,2.69239130434783,"Salt River",22.3918383742911,4.08571361058601,1.64337901701323,-1.39332230623818,46
2013,21.9877717391304,4.61304347826087,"Salt River",22.3918383742911,4.08571361058601,-0.404066635160682,0.527329867674858,46
2014,22.1197282608696,4.4145652173913,"Salt River",22.3918383742911,4.08571361058601,-0.272110113421551,0.328851606805293,46
2015,22.9654891304348,4.60760869565217,"Salt River",22.3918383742911,4.08571361058601,0.573650756143667,0.521895085066163,46
2016,22.3747826086957,4.92717391304348,"Salt River",22.3918383742911,4.08571361058601,-0.0170557655954617,0.841460302457467,46
2017,22.271847826087,5.13467391304348,"Salt River",22.3918383742911,4.08571361058601,-0.119990548204157,1.04896030245747,46
2018,24.2474456521739,4.75445652173913,"Salt River",22.3918383742911,4.08571361058601,1.8556072778828,0.668742911153119,46
1992,21.3415760869565,4.05358695652174,"Duck Lake",22.7667284971645,3.94372164461248,-1.42515241020794,0.109865311909263,46
1993,23.0863586956522,2.73521739130435,"Duck Lake",22.7667284971645,3.94372164461248,0.319630198487712,-1.20850425330813,46
1994,22.2285326086957,1.87717391304348,"Duck Lake",22.7667284971645,3.94372164461248,-0.53819588846881,-2.066547731569,46
1995,22.5875,5.19304347826087,"Duck Lake",22.7667284971645,3.94372164461248,-0.179228497164463,1.24932183364839,46
1996,22.4345108695652,4.66934782608696,"Duck Lake",22.7667284971645,3.94372164461248,-0.332217627599245,0.72562618147448,46
1997,21.2029347826087,4.26804347826087,"Duck Lake",22.7667284971645,3.94372164461248,-1.56379371455576,0.324321833648393,46
1998,23.1885869565217,5.7845652173913,"Duck Lake",22.7667284971645,3.94372164461248,0.421858459357278,1.84084357277883,46
1999,23.2491847826087,2.60413043478261,"Duck Lake",22.7667284971645,3.94372164461248,0.482456285444233,-1.33959120982987,46
2000,22.4760326086957,3.6495652173913,"Duck Lake",22.7667284971645,3.94372164461248,-0.290695888468807,-0.294156427221172,46
2001,22.5708152173913,3.70717391304348,"Duck Lake",22.7667284971645,3.94372164461248,-0.195913279773158,-0.236547731568998,46
2002,22.9501086956522,3.88141304347826,"Duck Lake",22.7667284971645,3.94372164461248,0.183380198487711,-0.0623086011342155,46
2003,21.5294565217391,4.74076086956522,"Duck Lake",22.7667284971645,3.94372164461248,-1.23727197542533,0.797039224952741,46
2004,23.0470108695652,5.94695652173913,"Duck Lake",22.7667284971645,3.94372164461248,0.280282372400755,2.00323487712665,46
2005,22.510597826087,3.00989130434783,"Duck Lake",22.7667284971645,3.94372164461248,-0.256130671077504,-0.93383034026465,46
2006,22.0269565217391,3.77739130434783,"Duck Lake",22.7667284971645,3.94372164461248,-0.739771975425331,-0.16633034026465,46
2007,23.1245652173913,2.88413043478261,"Duck Lake",22.7667284971645,3.94372164461248,0.357836720226842,-1.05959120982987,46
2008,22.1765217391304,3.5820652173913,"Duck Lake",22.7667284971645,3.94372164461248,-0.590206758034025,-0.361656427221172,46
2009,21.7199456521739,5.09663043478261,"Duck Lake",22.7667284971645,3.94372164461248,-1.04678284499055,1.15290879017013,46
2010,24.400597826087,4.26076086956522,"Duck Lake",22.7667284971645,3.94372164461248,1.6338693289225,0.317039224952741,46
2011,23.6185326086957,5.29260869565217,"Duck Lake",22.7667284971645,3.94372164461248,0.851804111531191,1.3488870510397,46
2012,24.5203804347826,2.48010869565217,"Duck Lake",22.7667284971645,3.94372164461248,1.75365193761815,-1.4636129489603,46
2013,22.3486413043478,4.33510869565217,"Duck Lake",22.7667284971645,3.94372164461248,-0.418087192816635,0.391387051039698,46
2014,22.4671195652174,4.435,"Duck Lake",22.7667284971645,3.94372164461248,-0.29960893194707,0.491278355387523,46
2015,23.3111956521739,4.54108695652174,"Duck Lake",22.7667284971645,3.94372164461248,0.544467155009453,0.597365311909263,46
2016,22.6489130434783,4.42032608695652,"Duck Lake",22.7667284971645,3.94372164461248,-0.117815453686202,0.476604442344045,46
2017,22.6533695652174,4.85358695652174,"Duck Lake",22.7667284971645,3.94372164461248,-0.113358931947069,0.909865311909263,46
2018,24.6263043478261,4.52815217391304,"Duck Lake",22.7667284971645,3.94372164461248,1.85957585066162,0.584430529300567,46
1992,19.6149456521739,4.73880434782609,"Tree Farm",21.4888445179584,4.25357514177694,-1.8738988657845,0.48522920604915,46
1993,21.240597826087,2.23826086956522,"Tree Farm",21.4888445179584,4.25357514177694,-0.248246691871458,-2.01531427221172,46
1994,20.0557065217391,5.26097826086956,"Tree Farm",21.4888445179584,4.25357514177694,-1.43313799621928,1.00740311909263,46
1995,20.8890217391304,2.93608695652174,"Tree Farm",21.4888445179584,4.25357514177694,-0.599822778827978,-1.3174881852552,46
1996,20.7742391304348,3.03478260869565,"Tree Farm",21.4888445179584,4.25357514177694,-0.71460538752363,-1.21879253308129,46
1997,19.121902173913,4.38195652173913,"Tree Farm",21.4888445179584,4.25357514177694,-2.36694234404537,0.128381379962193,46
1998,21.9354347826087,3.86597826086957,"Tree Farm",21.4888445179584,4.25357514177694,0.446590264650283,-0.387596880907372,46
1999,21.3192934782609,4.77858695652174,"Tree Farm",21.4888445179584,4.25357514177694,-0.169551039697541,0.525011814744802,46
2000,21.5439673913043,3.23152173913043,"Tree Farm",21.4888445179584,4.25357514177694,0.0551228733459368,-1.0220534026465,46
2001,20.6621195652174,4.92228260869565,"Tree Farm",21.4888445179584,4.25357514177694,-0.826724952741021,0.668707466918715,46
2002,20.9822282608696,3.26380434782609,"Tree Farm",21.4888445179584,4.25357514177694,-0.506616257088847,-0.98977079395085,46
2003,20.3536956521739,8.81336956521739,"Tree Farm",21.4888445179584,4.25357514177694,-1.1351488657845,4.55979442344045,46
2004,21.7389673913043,4.74847826086957,"Tree Farm",21.4888445179584,4.25357514177694,0.250122873345937,0.494903119092628,46
2005,20.813097826087,4.66836956521739,"Tree Farm",21.4888445179584,4.25357514177694,-0.675746691871456,0.414794423440454,46
2006,21.498152173913,2.96054347826087,"Tree Farm",21.4888445179584,4.25357514177694,0.00930765595463257,-1.29303166351607,46
2007,21.8865217391304,3.57369565217391,"Tree Farm",21.4888445179584,4.25357514177694,0.397677221172021,-0.679879489603024,46
2008,21.1530434782609,3.81076086956522,"Tree Farm",21.4888445179584,4.25357514177694,-0.335801039697543,-0.44281427221172,46
2009,21.5944565217391,4.73608695652174,"Tree Farm",21.4888445179584,4.25357514177694,0.105612003780717,0.482511814744802,46
2010,23.4821739130435,3.70402173913043,"Tree Farm",21.4888445179584,4.25357514177694,1.99332939508507,-0.549553402646503,46
2011,22.5292934782609,3.245,"Tree Farm",21.4888445179584,4.25357514177694,1.04044896030246,-1.00857514177694,46
2012,22.6814673913043,5.88304347826087,"Tree Farm",21.4888445179584,4.25357514177694,1.19262287334594,1.62946833648393,46
2013,20.8230434782609,7.53608695652174,"Tree Farm",21.4888445179584,4.25357514177694,-0.665801039697541,3.2825118147448,46
2014,21.3786956521739,3.89152173913043,"Tree Farm",21.4888445179584,4.25357514177694,-0.110148865784499,-0.362053402646503,46
2015,22.741902173913,4.72902173913043,"Tree Farm",21.4888445179584,4.25357514177694,1.25305765595463,0.475446597353497,46
2016,22.6864130434783,2.39847826086957,"Tree Farm",21.4888445179584,4.25357514177694,1.19756852551985,-1.85509688090737,46
2017,21.7299456521739,5.87510869565217,"Tree Farm",21.4888445179584,4.25357514177694,0.241101134215501,1.62153355387524,46
2018,23.2375543478261,6.295,"Tree Farm",21.4888445179584,4.25357514177694,1.74870982986767,2.04142485822306,46
1992,20.0409782608696,3.25347826086957,"Delaware Woods North",21.5593537334594,3.80859640831758,-1.51837547258979,-0.555118147448015,46
1993,22.0970108695652,2.42673913043478,"Delaware Woods North",21.5593537334594,3.80859640831758,0.53765713610586,-1.3818572778828,46
1994,22.0764130434783,4.12184782608696,"Delaware Woods North",21.5593537334594,3.80859640831758,0.517059310018904,0.313251417769377,46
1995,21.6314673913043,2.38315217391304,"Delaware Woods North",21.5593537334594,3.80859640831758,0.0721136578449908,-1.42544423440454,46
1996,20.6276630434783,4.69804347826087,"Delaware Woods North",21.5593537334594,3.80859640831758,-0.931690689981096,0.889447069943289,46
1997,20.4410326086957,2.19467391304348,"Delaware Woods North",21.5593537334594,3.80859640831758,-1.1183211247637,-1.6139224952741,46
1998,21.861902173913,3.32989130434783,"Delaware Woods North",21.5593537334594,3.80859640831758,0.302548440453688,-0.478705103969754,46
1999,22.1197282608696,1.6970652173913,"Delaware Woods North",21.5593537334594,3.80859640831758,0.560374527410207,-2.11153119092628,46
2000,20.9446739130435,3.70271739130435,"Delaware Woods North",21.5593537334594,3.80859640831758,-0.61467982041588,-0.105879017013232,46
2001,21.1428260869565,3.15619565217391,"Delaware Woods North",21.5593537334594,3.80859640831758,-0.416527646502836,-0.652400756143667,46
2002,21.7803804347826,3.14695652173913,"Delaware Woods North",21.5593537334594,3.80859640831758,0.22102670132325,-0.66163988657845,46
2003,19.9928804347826,4.55945652173913,"Delaware Woods North",21.5593537334594,3.80859640831758,-1.56647329867675,0.75086011342155,46
2004,21.9277173913043,6.27347826086956,"Delaware Woods North",21.5593537334594,3.80859640831758,0.368363657844991,2.46488185255198,46
2005,21.0898913043478,2.78217391304348,"Delaware Woods North",21.5593537334594,3.80859640831758,-0.46946242911153,-1.0264224952741,46
2006,21.5172282608696,4.90217391304348,"Delaware Woods North",21.5593537334594,3.80859640831758,-0.0421254725897917,1.0935775047259,46
2007,21.5996739130435,2.70217391304348,"Delaware Woods North",21.5593537334594,3.80859640831758,0.0403201795841213,-1.1064224952741,46
2008,21.1842934782609,3.86184782608696,"Delaware Woods North",21.5593537334594,3.80859640831758,-0.375060255198488,0.0532514177693764,46
2009,20.5157608695652,4.05619565217391,"Delaware Woods North",21.5593537334594,3.80859640831758,-1.04359286389414,0.247599243856333,46
2010,23.094347826087,2.68521739130435,"Delaware Woods North",21.5593537334594,3.80859640831758,1.5349940926276,-1.12337901701323,46
2011,22.9141304347826,2.94217391304348,"Delaware Woods North",21.5593537334594,3.80859640831758,1.35477670132325,-0.866422495274102,46
2012,22.3588043478261,2.96173913043478,"Delaware Woods North",21.5593537334594,3.80859640831758,0.79945061436673,-0.846857277882798,46
2013,21.7998369565217,6.40923913043478,"Delaware Woods North",21.5593537334594,3.80859640831758,0.240483223062384,2.6006427221172,46
2014,21.1896739130435,3.59152173913043,"Delaware Woods North",21.5593537334594,3.80859640831758,-0.369679820415879,-0.217074669187145,46
2015,22.2470652173913,4.93836956521739,"Delaware Woods North",21.5593537334594,3.80859640831758,0.687711483931949,1.12977315689981,46
2016,21.1364130434783,4.67880434782609,"Delaware Woods North",21.5593537334594,3.80859640831758,-0.422940689981097,0.870207939508506,46
2017,21.198152173913,4.80489130434783,"Delaware Woods North",21.5593537334594,3.80859640831758,-0.361201559546313,0.996294896030246,46
2018,21.9584239130435,4.45141304347826,"Delaware Woods North",21.5593537334594,3.80859640831758,0.399070179584122,0.64281663516068,46
1992,20.0409782608696,3.25347826086957,"Delaware Woods South",21.5593537334594,3.80859640831758,-1.51837547258979,-0.555118147448015,46
1993,22.0970108695652,2.42673913043478,"Delaware Woods South",21.5593537334594,3.80859640831758,0.53765713610586,-1.3818572778828,46
1994,22.0764130434783,4.12184782608696,"Delaware Woods South",21.5593537334594,3.80859640831758,0.517059310018904,0.313251417769377,46
1995,21.6314673913043,2.38315217391304,"Delaware Woods South",21.5593537334594,3.80859640831758,0.0721136578449908,-1.42544423440454,46
1996,20.6276630434783,4.69804347826087,"Delaware Woods South",21.5593537334594,3.80859640831758,-0.931690689981096,0.889447069943289,46
1997,20.4410326086957,2.19467391304348,"Delaware Woods South",21.5593537334594,3.80859640831758,-1.1183211247637,-1.6139224952741,46
1998,21.861902173913,3.32989130434783,"Delaware Woods South",21.5593537334594,3.80859640831758,0.302548440453688,-0.478705103969754,46
1999,22.1197282608696,1.6970652173913,"Delaware Woods South",21.5593537334594,3.80859640831758,0.560374527410207,-2.11153119092628,46
2000,20.9446739130435,3.70271739130435,"Delaware Woods South",21.5593537334594,3.80859640831758,-0.61467982041588,-0.105879017013232,46
2001,21.1428260869565,3.15619565217391,"Delaware Woods South",21.5593537334594,3.80859640831758,-0.416527646502836,-0.652400756143667,46
2002,21.7803804347826,3.14695652173913,"Delaware Woods South",21.5593537334594,3.80859640831758,0.22102670132325,-0.66163988657845,46
2003,19.9928804347826,4.55945652173913,"Delaware Woods South",21.5593537334594,3.80859640831758,-1.56647329867675,0.75086011342155,46
2004,21.9277173913043,6.27347826086956,"Delaware Woods South",21.5593537334594,3.80859640831758,0.368363657844991,2.46488185255198,46
2005,21.0898913043478,2.78217391304348,"Delaware Woods South",21.5593537334594,3.80859640831758,-0.46946242911153,-1.0264224952741,46
2006,21.5172282608696,4.90217391304348,"Delaware Woods South",21.5593537334594,3.80859640831758,-0.0421254725897917,1.0935775047259,46
2007,21.5996739130435,2.70217391304348,"Delaware Woods South",21.5593537334594,3.80859640831758,0.0403201795841213,-1.1064224952741,46
2008,21.1842934782609,3.86184782608696,"Delaware Woods South",21.5593537334594,3.80859640831758,-0.375060255198488,0.0532514177693764,46
2009,20.5157608695652,4.05619565217391,"Delaware Woods South",21.5593537334594,3.80859640831758,-1.04359286389414,0.247599243856333,46
2010,23.094347826087,2.68521739130435,"Delaware Woods South",21.5593537334594,3.80859640831758,1.5349940926276,-1.12337901701323,46
2011,22.9141304347826,2.94217391304348,"Delaware Woods South",21.5593537334594,3.80859640831758,1.35477670132325,-0.866422495274102,46
2012,22.3588043478261,2.96173913043478,"Delaware Woods South",21.5593537334594,3.80859640831758,0.79945061436673,-0.846857277882798,46
2013,21.7998369565217,6.40923913043478,"Delaware Woods South",21.5593537334594,3.80859640831758,0.240483223062384,2.6006427221172,46
2014,21.1896739130435,3.59152173913043,"Delaware Woods South",21.5593537334594,3.80859640831758,-0.369679820415879,-0.217074669187145,46
2015,22.2470652173913,4.93836956521739,"Delaware Woods South",21.5593537334594,3.80859640831758,0.687711483931949,1.12977315689981,46
2016,21.1364130434783,4.67880434782609,"Delaware Woods South",21.5593537334594,3.80859640831758,-0.422940689981097,0.870207939508506,46
2017,21.198152173913,4.80489130434783,"Delaware Woods South",21.5593537334594,3.80859640831758,-0.361201559546313,0.996294896030246,46
2018,21.9584239130435,4.45141304347826,"Delaware Woods South",21.5593537334594,3.80859640831758,0.399070179584122,0.64281663516068,46
1992,20.2192391304348,3.3829347826087,"Belvoir Upland",22.2853827977316,3.73980860113422,-2.06614366729679,-0.35687381852552,46
1993,22.6786956521739,2.19141304347826,"Belvoir Upland",22.2853827977316,3.73980860113422,0.393312854442346,-1.54839555765595,46
1994,22.2541847826087,3.3945652173913,"Belvoir Upland",22.2853827977316,3.73980860113422,-0.0311980151228717,-0.345243383742911,46
1995,22.243097826087,3.84967391304348,"Belvoir Upland",22.2853827977316,3.73980860113422,-0.0422849716446123,0.109865311909263,46
1996,21.2064673913043,4.07010869565217,"Belvoir Upland",22.2853827977316,3.73980860113422,-1.07891540642722,0.330300094517958,46
1997,20.8410869565217,2.19423913043478,"Belvoir Upland",22.2853827977316,3.73980860113422,-1.44429584120983,-1.54556947069943,46
1998,22.144402173913,3.44271739130435,"Belvoir Upland",22.2853827977316,3.73980860113422,-0.140980623818525,-0.297091209829867,46
1999,22.54625,1.35739130434783,"Belvoir Upland",22.2853827977316,3.73980860113422,0.260867202268432,-2.38241729678639,46
2000,21.5754347826087,3.8179347826087,"Belvoir Upland",22.2853827977316,3.73980860113422,-0.709948015122873,0.0781261814744805,46
2001,21.2740760869565,4.36097826086957,"Belvoir Upland",22.2853827977316,3.73980860113422,-1.01130671077505,0.62116965973535,46
2002,22.3297282608696,2.3175,"Belvoir Upland",22.2853827977316,3.73980860113422,0.0443454631379971,-1.42230860113422,46
2003,20.7384782608696,5.97836956521739,"Belvoir Upland",22.2853827977316,3.73980860113422,-1.546904536862,2.23856096408318,46
2004,22.6357065217391,4.80967391304348,"Belvoir Upland",22.2853827977316,3.73980860113422,0.350323724007563,1.06986531190926,46
2005,21.5215760869565,3.47989130434783,"Belvoir Upland",22.2853827977316,3.73980860113422,-0.763806710775047,-0.259917296786389,46
2006,22.045,5.24434782608696,"Belvoir Upland",22.2853827977316,3.73980860113422,-0.240382797731566,1.50453922495274,46
2007,22.469402173913,1.56923913043478,"Belvoir Upland",22.2853827977316,3.73980860113422,0.184019376181475,-2.17056947069943,46
2008,21.8420652173913,6.10391304347826,"Belvoir Upland",22.2853827977316,3.73980860113422,-0.443317580340263,2.36410444234405,46
2009,21.5792391304348,4.38358695652174,"Belvoir Upland",22.2853827977316,3.73980860113422,-0.706143667296786,0.643778355387524,46
2010,23.9789130434783,2.73967391304348,"Belvoir Upland",22.2853827977316,3.73980860113422,1.69353024574669,-1.00013468809074,46
2011,23.6553260869565,2.52304347826087,"Belvoir Upland",22.2853827977316,3.73980860113422,1.36994328922495,-1.21676512287335,46
2012,23.8188043478261,2.47326086956522,"Belvoir Upland",22.2853827977316,3.73980860113422,1.53342155009452,-1.266547731569,46
2013,22.315652173913,5.66836956521739,"Belvoir Upland",22.2853827977316,3.73980860113422,0.0302693761814758,1.92856096408318,46
2014,22.3644565217391,3.35978260869565,"Belvoir Upland",22.2853827977316,3.73980860113422,0.0790737240075607,-0.380025992438563,46
2015,23.5086956521739,5.52869565217391,"Belvoir Upland",22.2853827977316,3.73980860113422,1.22331285444234,1.7888870510397,46
2016,22.155,4.06510869565217,"Belvoir Upland",22.2853827977316,3.73980860113422,-0.130382797731567,0.325300094517958,46
2017,22.4158152173913,4.50891304347826,"Belvoir Upland",22.2853827977316,3.73980860113422,0.130432419659737,0.769104442344045,46
2018,23.2590217391304,6.53054347826087,"Belvoir Upland",22.2853827977316,3.73980860113422,0.973638941398868,2.79073487712665,46
1992,20.4507608695652,3.32086956521739,"Belvoir Lowland",22.5148534971645,3.66459593572779,-2.06409262759924,-0.343726370510397,46
1993,22.9315760869565,2.14347826086957,"Belvoir Lowland",22.5148534971645,3.66459593572779,0.416722589792059,-1.52111767485822,46
1994,22.4952717391304,3.35913043478261,"Belvoir Lowland",22.5148534971645,3.66459593572779,-0.019581758034029,-0.30546550094518,46
1995,22.4838586956522,3.76228260869565,"Belvoir Lowland",22.5148534971645,3.66459593572779,-0.0309948015122892,0.0976866729678636,46
1996,21.4469565217391,3.9975,"Belvoir Lowland",22.5148534971645,3.66459593572779,-1.06789697542533,0.332904064272212,46
1997,21.0516847826087,2.14130434782609,"Belvoir Lowland",22.5148534971645,3.66459593572779,-1.46316871455577,-1.5232915879017,46
1998,22.3666847826087,3.34934782608696,"Belvoir Lowland",22.5148534971645,3.66459593572779,-0.148168714555766,-0.315248109640832,46
1999,22.7804347826087,1.30130434782609,"Belvoir Lowland",22.5148534971645,3.66459593572779,0.265581285444231,-2.3632915879017,46
2000,21.760597826087,3.73402173913043,"Belvoir Lowland",22.5148534971645,3.66459593572779,-0.754255671077505,0.0694258034026465,46
2001,21.4740217391304,4.29663043478261,"Belvoir Lowland",22.5148534971645,3.66459593572779,-1.04083175803403,0.63203449905482,46
2002,22.5421195652174,2.24913043478261,"Belvoir Lowland",22.5148534971645,3.66459593572779,0.0272660680529277,-1.41546550094518,46
2003,20.9190760869565,5.83434782608696,"Belvoir Lowland",22.5148534971645,3.66459593572779,-1.59577741020794,2.16975189035917,46
2004,22.8548369565217,4.74076086956522,"Belvoir Lowland",22.5148534971645,3.66459593572779,0.339983459357278,1.07616493383743,46
2005,21.7502173913043,3.52771739130435,"Belvoir Lowland",22.5148534971645,3.66459593572779,-0.764636105860117,-0.136878544423441,46
2006,22.2588586956522,5.15641304347826,"Belvoir Lowland",22.5148534971645,3.66459593572779,-0.255994801512287,1.49181710775047,46
2007,22.6803260869565,1.52836956521739,"Belvoir Lowland",22.5148534971645,3.66459593572779,0.16547258979206,-2.1362263705104,46
2008,22.0759239130435,6.0095652173913,"Belvoir Lowland",22.5148534971645,3.66459593572779,-0.438929584120984,2.34496928166352,46
2009,21.8038586956522,4.31173913043478,"Belvoir Lowland",22.5148534971645,3.66459593572779,-0.710994801512289,0.647143194706994,46
2010,24.2203260869565,2.69336956521739,"Belvoir Lowland",22.5148534971645,3.66459593572779,1.70547258979206,-0.971226370510397,46
2011,23.8995108695652,2.46923913043478,"Belvoir Lowland",22.5148534971645,3.66459593572779,1.38465737240076,-1.19535680529301,46
2012,24.0783152173913,2.39130434782609,"Belvoir Lowland",22.5148534971645,3.66459593572779,1.56346172022684,-1.2732915879017,46
2013,22.5651086956522,5.51902173913043,"Belvoir Lowland",22.5148534971645,3.66459593572779,0.0502551984877115,1.85442580340265,46
2014,22.578152173913,3.2220652173913,"Belvoir Lowland",22.5148534971645,3.66459593572779,0.0632986767485804,-0.442530718336484,46
2015,23.7152173913043,5.39782608695652,"Belvoir Lowland",22.5148534971645,3.66459593572779,1.20036389413988,1.73323015122873,46
2016,22.4039673913043,3.97739130434783,"Belvoir Lowland",22.5148534971645,3.66459593572779,-0.110886105860114,0.312795368620038,46
2017,22.6702717391304,4.41652173913043,"Belvoir Lowland",22.5148534971645,3.66459593572779,0.155418241965972,0.751925803402646,46
2018,23.5138586956522,6.37228260869565,"Belvoir Lowland",22.5148534971645,3.66459593572779,0.999005198487712,2.70768667296786,46
1992,20.4489130434783,3.42826086956522,"Mason Neck 1",22.5046585538752,3.60531427221172,-2.05574551039697,-0.177053402646503,46
1993,22.9422282608696,2.265,"Mason Neck 1",22.5046585538752,3.60531427221172,0.437569706994331,-1.34031427221172,46
1994,22.4799456521739,3.3575,"Mason Neck 1",22.5046585538752,3.60531427221172,-0.0247129017013208,-0.24781427221172,46
1995,22.45375,3.2820652173913,"Mason Neck 1",22.5046585538752,3.60531427221172,-0.0509085538752352,-0.323249054820416,46
1996,21.4953260869565,4.0575,"Mason Neck 1",22.5046585538752,3.60531427221172,-1.00933246691871,0.45218572778828,46
1997,21.0698369565217,2.11271739130435,"Mason Neck 1",22.5046585538752,3.60531427221172,-1.43482159735349,-1.49259688090737,46
1998,22.3859782608696,3.62728260869565,"Mason Neck 1",22.5046585538752,3.60531427221172,-0.118680293005671,0.021968336483932,46
1999,22.8073913043478,1.53847826086957,"Mason Neck 1",22.5046585538752,3.60531427221172,0.30273275047259,-2.06683601134216,46
2000,21.81875,5.28260869565217,"Mason Neck 1",22.5046585538752,3.60531427221172,-0.685908553875233,1.67729442344045,46
2001,21.5307065217391,4.27434782608696,"Mason Neck 1",22.5046585538752,3.60531427221172,-0.973952032136104,0.669033553875237,46
2002,22.5622282608696,2.15576086956522,"Mason Neck 1",22.5046585538752,3.60531427221172,0.0575697069943324,-1.4495534026465,46
2003,20.9846195652174,4.73097826086957,"Mason Neck 1",22.5046585538752,3.60531427221172,-1.52003898865784,1.12566398865785,46
2004,22.8138586956522,3.92989130434783,"Mason Neck 1",22.5046585538752,3.60531427221172,0.309200141776937,0.324577032136106,46
2005,21.7129347826087,3.29760869565217,"Mason Neck 1",22.5046585538752,3.60531427221172,-0.79172377126654,-0.307705576559546,46
2006,22.1759239130435,4.49315217391304,"Mason Neck 1",22.5046585538752,3.60531427221172,-0.328734640831755,0.887837901701323,46
2007,22.5726630434783,1.52989130434783,"Mason Neck 1",22.5046585538752,3.60531427221172,0.0680044896030267,-2.07542296786389,46
2008,21.9714673913043,6.30891304347826,"Mason Neck 1",22.5046585538752,3.60531427221172,-0.533191162570887,2.70359877126654,46
2009,21.686847826087,4.18815217391304,"Mason Neck 1",22.5046585538752,3.60531427221172,-0.817810727788277,0.582837901701323,46
2010,24.1736956521739,2.36532608695652,"Mason Neck 1",22.5046585538752,3.60531427221172,1.66903709829868,-1.2399881852552,46
2011,23.7598369565217,2.67641304347826,"Mason Neck 1",22.5046585538752,3.60531427221172,1.2551784026465,-0.928901228733459,46
2012,24.0749456521739,2.19652173913043,"Mason Neck 1",22.5046585538752,3.60531427221172,1.57028709829868,-1.40879253308129,46
2013,22.5613586956522,4.88369565217391,"Mason Neck 1",22.5046585538752,3.60531427221172,0.0567001417769397,1.27838137996219,46
2014,22.4847282608696,3.37902173913043,"Mason Neck 1",22.5046585538752,3.60531427221172,-0.0199302930056682,-0.226292533081285,46
2015,23.5483152173913,4.94271739130435,"Mason Neck 1",22.5046585538752,3.60531427221172,1.04365666351607,1.33740311909263,46
2016,22.36875,4.10782608695652,"Mason Neck 1",22.5046585538752,3.60531427221172,-0.135908553875236,0.502511814744801,46
2017,22.649347826087,4.6070652173913,"Mason Neck 1",22.5046585538752,3.60531427221172,0.144689272211721,1.00175094517958,46
2018,23.4799456521739,6.10141304347826,"Mason Neck 1",22.5046585538752,3.60531427221172,0.975287098298679,2.49609877126654,46
1992,20.5117934782609,3.43804347826087,"Mason Neck 2",22.569734168242,3.55433601134215,-2.05794068998109,-0.116292533081285,46
1993,23.0186956521739,2.31978260869565,"Mason Neck 2",22.569734168242,3.55433601134215,0.448961483931949,-1.2345534026465,46
1994,22.5083152173913,3.145,"Mason Neck 2",22.569734168242,3.55433601134215,-0.061418950850662,-0.409336011342155,46
1995,22.485,3.2825,"Mason Neck 2",22.569734168242,3.55433601134215,-0.0847341682419653,-0.271836011342155,46
1996,21.5386413043478,4.08847826086957,"Mason Neck 2",22.569734168242,3.55433601134215,-1.03109286389414,0.53414224952741,46
1997,21.1104347826087,2.1045652173913,"Mason Neck 2",22.569734168242,3.55433601134215,-1.45929938563327,-1.44977079395085,46
1998,22.4327717391304,3.6725,"Mason Neck 2",22.569734168242,3.55433601134215,-0.136962429111531,0.118163988657845,46
1999,22.8534239130435,1.48478260869565,"Mason Neck 2",22.569734168242,3.55433601134215,0.283689744801514,-2.0695534026465,46
2000,21.8700543478261,5.29565217391304,"Mason Neck 2",22.569734168242,3.55433601134215,-0.699679820415877,1.74131616257089,46
2001,21.5798369565217,4.23054347826087,"Mason Neck 2",22.569734168242,3.55433601134215,-0.989897211720226,0.676207466918715,46
2002,22.6277173913043,2.16282608695652,"Mason Neck 2",22.569734168242,3.55433601134215,0.0579832230623829,-1.39150992438563,46
2003,21.0282065217391,4.34934782608696,"Mason Neck 2",22.569734168242,3.55433601134215,-1.54152764650284,0.795011814744802,46
2004,22.8620108695652,3.87554347826087,"Mason Neck 2",22.569734168242,3.55433601134215,0.292276701323253,0.321207466918715,46
2005,21.779402173913,3.35032608695652,"Mason Neck 2",22.569734168242,3.55433601134215,-0.790331994328923,-0.204009924385633,46
2006,22.2377173913043,4.26989130434783,"Mason Neck 2",22.569734168242,3.55433601134215,-0.332016776937618,0.715555293005671,46
2007,22.639347826087,1.4804347826087,"Mason Neck 2",22.569734168242,3.55433601134215,0.0696136578449931,-2.07390122873346,46
2008,22.0336413043478,6.46076086956522,"Mason Neck 2",22.569734168242,3.55433601134215,-0.536092863894137,2.90642485822306,46
2009,21.7484782608696,3.92217391304348,"Mason Neck 2",22.569734168242,3.55433601134215,-0.8212559073724,0.367837901701323,46
2010,24.2394565217391,2.34173913043478,"Mason Neck 2",22.569734168242,3.55433601134215,1.66972235349716,-1.21259688090737,46
2011,23.8225,2.65336956521739,"Mason Neck 2",22.569734168242,3.55433601134215,1.25276583175804,-0.900966446124764,46
2012,24.1750543478261,2.23836956521739,"Mason Neck 2",22.569734168242,3.55433601134215,1.60532017958412,-1.31596644612476,46
2013,22.6198369565217,4.86815217391304,"Mason Neck 2",22.569734168242,3.55433601134215,0.0501027882797729,1.31381616257089,46
2014,22.5545652173913,3.37684782608696,"Mason Neck 2",22.569734168242,3.55433601134215,-0.0151689508506614,-0.177488185255199,46
2015,23.6099456521739,4.96923913043478,"Mason Neck 2",22.569734168242,3.55433601134215,1.04021148393195,1.41490311909263,46
2016,22.4595108695652,4.05,"Mason Neck 2",22.569734168242,3.55433601134215,-0.110223298676747,0.495663988657845,46
2017,22.7428804347826,4.59869565217391,"Mason Neck 2",22.569734168242,3.55433601134215,0.173146266540645,1.04435964083176,46
2018,23.558152173913,6.16119565217391,"Mason Neck 2",22.569734168242,3.55433601134215,0.988418005671079,2.60685964083176,46
1992,20.278097826087,3.35597826086957,"A.P. Hill 1",22.2635054347826,3.7675118147448,-1.98540760869565,-0.411533553875236,46
1993,22.6264130434783,2.59065217391304,"A.P. Hill 1",22.2635054347826,3.7675118147448,0.362907608695654,-1.17685964083176,46
1994,22.1063043478261,3.59695652173913,"A.P. Hill 1",22.2635054347826,3.7675118147448,-0.157201086956523,-0.170555293005671,46
1995,22.0723369565217,5.08304347826087,"A.P. Hill 1",22.2635054347826,3.7675118147448,-0.19116847826087,1.31553166351607,46
1996,21.3311956521739,5.01663043478261,"A.P. Hill 1",22.2635054347826,3.7675118147448,-0.932309782608694,1.24911862003781,46
1997,20.7100543478261,2.78630434782609,"A.P. Hill 1",22.2635054347826,3.7675118147448,-1.55345108695652,-0.981207466918715,46
1998,22.2157065217391,3.50978260869565,"A.P. Hill 1",22.2635054347826,3.7675118147448,-0.0477989130434793,-0.25772920604915,46
1999,22.3711413043478,1.70369565217391,"A.P. Hill 1",22.2635054347826,3.7675118147448,0.107635869565218,-2.06381616257089,46
2000,21.7648369565217,4.93217391304348,"A.P. Hill 1",22.2635054347826,3.7675118147448,-0.498668478260871,1.16466209829868,46
2001,21.3198913043478,4.55652173913044,"A.P. Hill 1",22.2635054347826,3.7675118147448,-0.943614130434781,0.789009924385633,46
2002,22.5274456521739,1.96608695652174,"A.P. Hill 1",22.2635054347826,3.7675118147448,0.263940217391305,-1.80142485822306,46
2003,21.0516847826087,5.30097826086956,"A.P. Hill 1",22.2635054347826,3.7675118147448,-1.21182065217391,1.53346644612476,46
2004,22.7386413043478,4.44630434782609,"A.P. Hill 1",22.2635054347826,3.7675118147448,0.475135869565218,0.678792533081285,46
2005,21.635,2.53608695652174,"A.P. Hill 1",22.2635054347826,3.7675118147448,-0.628505434782607,-1.23142485822306,46
2006,21.7332608695652,3.18054347826087,"A.P. Hill 1",22.2635054347826,3.7675118147448,-0.530244565217391,-0.586968336483932,46
2007,22.2703804347826,1.95076086956522,"A.P. Hill 1",22.2635054347826,3.7675118147448,0.00687500000000085,-1.81675094517958,46
2008,21.8479347826087,5.15760869565217,"A.P. Hill 1",22.2635054347826,3.7675118147448,-0.415570652173912,1.39009688090737,46
2009,21.633097826087,5.55641304347826,"A.P. Hill 1",22.2635054347826,3.7675118147448,-0.630407608695652,1.78890122873346,46
2010,24.2688586956522,2.07858695652174,"A.P. Hill 1",22.2635054347826,3.7675118147448,2.00535326086957,-1.68892485822306,46
2011,23.3757065217391,3.15402173913043,"A.P. Hill 1",22.2635054347826,3.7675118147448,1.11220108695652,-0.613490075614367,46
2012,23.516902173913,2.5204347826087,"A.P. Hill 1",22.2635054347826,3.7675118147448,1.25339673913043,-1.24707703213611,46
2013,22.4775,3.59619565217391,"A.P. Hill 1",22.2635054347826,3.7675118147448,0.213994565217391,-0.171316162570889,46
2014,22.3145108695652,3.56847826086957,"A.P. Hill 1",22.2635054347826,3.7675118147448,0.0510054347826099,-0.199033553875236,46
2015,23.1039673913043,4.92163043478261,"A.P. Hill 1",22.2635054347826,3.7675118147448,0.840461956521739,1.15411862003781,46
2016,22.008097826087,5.81804347826087,"A.P. Hill 1",22.2635054347826,3.7675118147448,-0.255407608695652,2.05053166351607,46
2017,22.3611956521739,5.25619565217391,"A.P. Hill 1",22.2635054347826,3.7675118147448,0.0976902173913032,1.48868383742911,46
2018,23.3136956521739,7.09358695652174,"A.P. Hill 1",22.2635054347826,3.7675118147448,1.0501902173913,3.32607514177694,46
1992,20.2708695652174,3.34239130434783,"A.P. Hill 2",22.2532585066163,3.75301275992439,-1.98238894139887,-0.410621455576559,46
1993,22.6199456521739,2.5854347826087,"A.P. Hill 2",22.2532585066163,3.75301275992439,0.366687145557655,-1.16757797731569,46
1994,22.0932608695652,3.60663043478261,"A.P. Hill 2",22.2532585066163,3.75301275992439,-0.159997637051042,-0.146382325141777,46
1995,22.0597282608696,5.09641304347826,"A.P. Hill 2",22.2532585066163,3.75301275992439,-0.193530245746693,1.34340028355388,46
1996,21.3164673913043,4.93141304347826,"A.P. Hill 2",22.2532585066163,3.75301275992439,-0.936791115311912,1.17840028355388,46
1997,20.6983695652174,2.79478260869565,"A.P. Hill 2",22.2532585066163,3.75301275992439,-1.55488894139887,-0.958230151228733,46
1998,22.2061413043478,3.5345652173913,"A.P. Hill 2",22.2532585066163,3.75301275992439,-0.0471172022684314,-0.218447542533081,46
1999,22.3676630434783,1.69054347826087,"A.P. Hill 2",22.2532585066163,3.75301275992439,0.114404536862001,-2.06246928166352,46
2000,21.7548913043478,4.95021739130435,"A.P. Hill 2",22.2532585066163,3.75301275992439,-0.498367202268433,1.19720463137996,46
2001,21.3134782608696,4.67021739130435,"A.P. Hill 2",22.2532585066163,3.75301275992439,-0.939780245746693,0.917204631379962,46
2002,22.5146195652174,1.95869565217391,"A.P. Hill 2",22.2532585066163,3.75301275992439,0.261361058601132,-1.79431710775047,46
2003,21.0355434782609,5.16934782608696,"A.P. Hill 2",22.2532585066163,3.75301275992439,-1.21771502835539,1.41633506616257,46
2004,22.7259782608696,4.43054347826087,"A.P. Hill 2",22.2532585066163,3.75301275992439,0.472719754253305,0.677530718336484,46
2005,21.6214673913043,2.57847826086957,"A.P. Hill 2",22.2532585066163,3.75301275992439,-0.631791115311913,-1.17453449905482,46
2006,21.7229347826087,3.1825,"A.P. Hill 2",22.2532585066163,3.75301275992439,-0.530323724007562,-0.570512759924386,46
2007,22.2601630434783,1.93597826086957,"A.P. Hill 2",22.2532585066163,3.75301275992439,0.00690453686200243,-1.81703449905482,46
2008,21.8278804347826,5.21847826086957,"A.P. Hill 2",22.2532585066163,3.75301275992439,-0.425378071833652,1.46546550094518,46
2009,21.6048913043478,5.52771739130435,"A.P. Hill 2",22.2532585066163,3.75301275992439,-0.648367202268432,1.77470463137996,46
2010,24.2514130434783,2.07663043478261,"A.P. Hill 2",22.2532585066163,3.75301275992439,1.998154536862,-1.67638232514178,46
2011,23.3646739130435,3.13826086956522,"A.P. Hill 2",22.2532585066163,3.75301275992439,1.11141540642722,-0.614751890359168,46
2012,23.5154347826087,2.52402173913043,"A.P. Hill 2",22.2532585066163,3.75301275992439,1.26217627599244,-1.22899102079395,46
2013,22.4671739130435,3.56489130434783,"A.P. Hill 2",22.2532585066163,3.75301275992439,0.213915406427219,-0.188121455576559,46
2014,22.3059782608696,3.56315217391304,"A.P. Hill 2",22.2532585066163,3.75301275992439,0.0527197542533067,-0.189860586011342,46
2015,23.0982608695652,4.89586956521739,"A.P. Hill 2",22.2532585066163,3.75301275992439,0.845002362948957,1.14285680529301,46
2016,22.0025,5.80847826086957,"A.P. Hill 2",22.2532585066163,3.75301275992439,-0.250758506616258,2.05546550094518,46
2017,22.3515760869565,5.24184782608696,"A.P. Hill 2",22.2532585066163,3.75301275992439,0.0983175803402609,1.48883506616257,46
2018,23.3003804347826,6.98282608695652,"A.P. Hill 2",22.2532585066163,3.75301275992439,1.04712192816635,3.22981332703214,46
1992,19.99375,3.43195652173913,"Ammunition Storage",21.9957809546314,3.56070652173913,-2.00203095463138,-0.12875,46
1993,22.3941304347826,2.24978260869565,"Ammunition Storage",21.9957809546314,3.56070652173913,0.398349480151229,-1.31092391304348,46
1994,21.6886413043478,3.59217391304348,"Ammunition Storage",21.9957809546314,3.56070652173913,-0.307139650283556,0.0314673913043477,46
1995,21.8761956521739,4.14684782608696,"Ammunition Storage",21.9957809546314,3.56070652173913,-0.11958530245747,0.586141304347826,46
1996,20.8899456521739,5.0754347826087,"Ammunition Storage",21.9957809546314,3.56070652173913,-1.10583530245747,1.51472826086957,46
1997,20.4600543478261,2.51173913043478,"Ammunition Storage",21.9957809546314,3.56070652173913,-1.53572660680529,-1.04896739130435,46
1998,21.8276086956522,3.76934782608696,"Ammunition Storage",21.9957809546314,3.56070652173913,-0.168172258979208,0.208641304347826,46
1999,22.2025543478261,1.71836956521739,"Ammunition Storage",21.9957809546314,3.56070652173913,0.206773393194705,-1.84233695652174,46
2000,21.4589673913043,4.31271739130435,"Ammunition Storage",21.9957809546314,3.56070652173913,-0.536813563327033,0.752010869565218,46
2001,21.0282608695652,3.9679347826087,"Ammunition Storage",21.9957809546314,3.56070652173913,-0.967520085066166,0.407228260869565,46
2002,22.1092391304348,1.97119565217391,"Ammunition Storage",21.9957809546314,3.56070652173913,0.113458175803402,-1.58951086956522,46
2003,20.5497826086957,4.93565217391304,"Ammunition Storage",21.9957809546314,3.56070652173913,-1.44599834593573,1.37494565217391,46
2004,22.3461956521739,3.6520652173913,"Ammunition Storage",21.9957809546314,3.56070652173913,0.350414697542529,0.0913586956521741,46
2005,21.2925543478261,3.18663043478261,"Ammunition Storage",21.9957809546314,3.56070652173913,-0.703226606805295,-0.374076086956522,46
2006,21.6521739130435,4.00336956521739,"Ammunition Storage",21.9957809546314,3.56070652173913,-0.343607041587902,0.442663043478261,46
2007,22.0790760869565,1.64423913043478,"Ammunition Storage",21.9957809546314,3.56070652173913,0.0832951323251407,-1.91646739130435,46
2008,21.4172826086957,6.08326086956522,"Ammunition Storage",21.9957809546314,3.56070652173913,-0.578498345935731,2.52255434782609,46
2009,21.1552717391304,4.245,"Ammunition Storage",21.9957809546314,3.56070652173913,-0.840509215500948,0.68429347826087,46
2010,23.6980434782609,2.17815217391304,"Ammunition Storage",21.9957809546314,3.56070652173913,1.70226252362949,-1.38255434782609,46
2011,23.1633152173913,3.18152173913043,"Ammunition Storage",21.9957809546314,3.56070652173913,1.16753426275992,-0.379184782608696,46
2012,23.5540217391304,3.35978260869565,"Ammunition Storage",21.9957809546314,3.56070652173913,1.55824078449905,-0.200923913043478,46
2013,22.0865217391304,5.13445652173913,"Ammunition Storage",21.9957809546314,3.56070652173913,0.0907407844990544,1.57375,46
2014,22.0276086956522,3.51771739130435,"Ammunition Storage",21.9957809546314,3.56070652173913,0.0318277410207912,-0.0429891304347825,46
2015,23.0244565217391,4.19586956521739,"Ammunition Storage",21.9957809546314,3.56070652173913,1.02867556710775,0.635163043478261,46
2016,21.9239130434783,4.39717391304348,"Ammunition Storage",21.9957809546314,3.56070652173913,-0.0718679111531202,0.836467391304348,46
2017,22.1724456521739,4.45804347826087,"Ammunition Storage",21.9957809546314,3.56070652173913,0.176664697542531,0.89733695652174,46
2018,23.0024456521739,6.37402173913044,"Ammunition Storage",21.9957809546314,3.56070652173913,1.00666469754253,2.8133152173913,46
1992,19.9475,3.37260869565217,"New Breckinridge Road",21.9284995274102,3.56869565217391,-1.98099952741021,-0.196086956521739,46
1993,22.3225543478261,2.19163043478261,"New Breckinridge Road",21.9284995274102,3.56869565217391,0.394054820415882,-1.3770652173913,46
1994,21.5945108695652,3.62673913043478,"New Breckinridge Road",21.9284995274102,3.56869565217391,-0.333988657844991,0.0580434782608696,46
1995,21.8126086956522,4.13630434782609,"New Breckinridge Road",21.9284995274102,3.56869565217391,-0.115890831758033,0.567608695652174,46
1996,20.801902173913,5.01108695652174,"New Breckinridge Road",21.9284995274102,3.56869565217391,-1.12659735349716,1.44239130434783,46
1997,20.3871195652174,2.5254347826087,"New Breckinridge Road",21.9284995274102,3.56869565217391,-1.54137996219281,-1.04326086956522,46
1998,21.7442934782609,3.88271739130435,"New Breckinridge Road",21.9284995274102,3.56869565217391,-0.184206049149338,0.314021739130435,46
1999,22.12625,1.74184782608696,"New Breckinridge Road",21.9284995274102,3.56869565217391,0.197750472589792,-1.82684782608696,46
2000,21.3946739130435,4.19,"New Breckinridge Road",21.9284995274102,3.56869565217391,-0.53382561436673,0.621304347826086,46
2001,20.9422826086957,3.92423913043478,"New Breckinridge Road",21.9284995274102,3.56869565217391,-0.986216918714554,0.35554347826087,46
2002,22.0190760869565,1.97847826086957,"New Breckinridge Road",21.9284995274102,3.56869565217391,0.0905765595463137,-1.59021739130435,46
2003,20.4633695652174,4.92728260869565,"New Breckinridge Road",21.9284995274102,3.56869565217391,-1.46512996219282,1.35858695652174,46
2004,22.2613043478261,3.66663043478261,"New Breckinridge Road",21.9284995274102,3.56869565217391,0.33280482041588,0.0979347826086956,46
2005,21.2251630434783,3.26217391304348,"New Breckinridge Road",21.9284995274102,3.56869565217391,-0.703336483931945,-0.306521739130435,46
2006,21.614402173913,3.83554347826087,"New Breckinridge Road",21.9284995274102,3.56869565217391,-0.314097353497164,0.266847826086956,46
2007,22.0345108695652,1.72260869565217,"New Breckinridge Road",21.9284995274102,3.56869565217391,0.106011342155011,-1.84608695652174,46
2008,21.3666304347826,6.18315217391304,"New Breckinridge Road",21.9284995274102,3.56869565217391,-0.5618690926276,2.61445652173913,46
2009,21.1022826086957,4.18336956521739,"New Breckinridge Road",21.9284995274102,3.56869565217391,-0.826216918714554,0.614673913043478,46
2010,23.6320652173913,2.2295652173913,"New Breckinridge Road",21.9284995274102,3.56869565217391,1.7035656899811,-1.33913043478261,46
2011,23.1151630434783,3.14152173913043,"New Breckinridge Road",21.9284995274102,3.56869565217391,1.18666351606806,-0.427173913043478,46
2012,23.4963043478261,3.38130434782609,"New Breckinridge Road",21.9284995274102,3.56869565217391,1.56780482041588,-0.187391304347826,46
2013,21.9996195652174,5.35,"New Breckinridge Road",21.9284995274102,3.56869565217391,0.0711200378071837,1.78130434782609,46
2014,21.9636956521739,3.44510869565217,"New Breckinridge Road",21.9284995274102,3.56869565217391,0.0351961247637078,-0.123586956521739,46
2015,22.9802173913043,4.07728260869565,"New Breckinridge Road",21.9284995274102,3.56869565217391,1.05171786389414,0.508586956521739,46
2016,21.8745652173913,4.37619565217391,"New Breckinridge Road",21.9284995274102,3.56869565217391,-0.0539343100189029,0.8075,46
2017,22.1109782608696,4.26923913043478,"New Breckinridge Road",21.9284995274102,3.56869565217391,0.182478733459359,0.70054347826087,46
2018,22.9461413043478,6.40663043478261,"New Breckinridge Road",21.9284995274102,3.56869565217391,1.01764177693762,2.8379347826087,46
1992,19.8997282608696,3.45891304347826,"Hotpatch Road",21.8824397448015,3.60939981096408,-1.98271148393195,-0.150486767485822,46
1993,22.2757065217391,2.22652173913043,"Hotpatch Road",21.8824397448015,3.60939981096408,0.393266776937619,-1.38287807183365,46
1994,21.5504347826087,3.64021739130435,"Hotpatch Road",21.8824397448015,3.60939981096408,-0.332004962192816,0.0308175803402646,46
1995,21.7879891304348,4.21021739130435,"Hotpatch Road",21.8824397448015,3.60939981096408,-0.0944506143667283,0.600817580340265,46
1996,20.7760869565217,5.08119565217391,"Hotpatch Road",21.8824397448015,3.60939981096408,-1.10635278827978,1.47179584120983,46
1997,20.3511413043478,2.56565217391304,"Hotpatch Road",21.8824397448015,3.60939981096408,-1.53129844045369,-1.04374763705104,46
1998,21.7126630434783,3.82086956521739,"Hotpatch Road",21.8824397448015,3.60939981096408,-0.169776701323251,0.211469754253308,46
1999,22.0966304347826,1.75554347826087,"Hotpatch Road",21.8824397448015,3.60939981096408,0.214190689981095,-1.85385633270321,46
2000,21.3739130434783,4.31836956521739,"Hotpatch Road",21.8824397448015,3.60939981096408,-0.508526701323252,0.708969754253308,46
2001,20.9171195652174,3.98402173913043,"Hotpatch Road",21.8824397448015,3.60939981096408,-0.965320179584122,0.374621928166352,46
2002,22.0080434782609,2.00347826086957,"Hotpatch Road",21.8824397448015,3.60939981096408,0.125603733459357,-1.60592155009452,46
2003,20.4438586956522,5.02097826086957,"Hotpatch Road",21.8824397448015,3.60939981096408,-1.43858104914934,1.41157844990548,46
2004,22.2384782608696,3.70195652173913,"Hotpatch Road",21.8824397448015,3.60939981096408,0.356038516068054,0.0925567107750473,46
2005,21.1851086956522,3.2229347826087,"Hotpatch Road",21.8824397448015,3.60939981096408,-0.697331049149337,-0.386465028355388,46
2006,21.5478260869565,3.99847826086957,"Hotpatch Road",21.8824397448015,3.60939981096408,-0.33461365784499,0.389078449905482,46
2007,21.9709782608696,1.74173913043478,"Hotpatch Road",21.8824397448015,3.60939981096408,0.0885385160680521,-1.8676606805293,46
2008,21.3151630434783,6.13032608695652,"Hotpatch Road",21.8824397448015,3.60939981096408,-0.567276701323252,2.52092627599244,46
2009,21.0466304347826,4.28684782608696,"Hotpatch Road",21.8824397448015,3.60939981096408,-0.835809310018902,0.677448015122873,46
2010,23.5813043478261,2.22510869565217,"Hotpatch Road",21.8824397448015,3.60939981096408,1.69886460302457,-1.38429111531191,46
2011,23.0411956521739,3.21880434782609,"Hotpatch Road",21.8824397448015,3.60939981096408,1.1587559073724,-0.390595463137996,46
2012,23.4047826086957,3.38347826086957,"Hotpatch Road",21.8824397448015,3.60939981096408,1.52234286389414,-0.225921550094518,46
2013,21.9558152173913,5.27663043478261,"Hotpatch Road",21.8824397448015,3.60939981096408,0.0733754725897917,1.66723062381853,46
2014,21.9197826086957,3.56326086956522,"Hotpatch Road",21.8824397448015,3.60939981096408,0.0373428638941391,-0.046138941398866,46
2015,22.9271195652174,4.20532608695652,"Hotpatch Road",21.8824397448015,3.60939981096408,1.04467982041588,0.595926275992438,46
2016,21.8138586956522,4.43173913043478,"Hotpatch Road",21.8824397448015,3.60939981096408,-0.068581049149337,0.822339319470699,46
2017,22.0478804347826,4.53184782608696,"Hotpatch Road",21.8824397448015,3.60939981096408,0.165440689981097,0.922448015122873,46
2018,22.8935326086957,6.4604347826087,"Hotpatch Road",21.8824397448015,3.60939981096408,1.01109286389414,2.85103497164461,46
1992,19.673152173913,3.48934782608696,"Bear Swamp",21.4589626654064,3.38756379962193,-1.78581049149339,0.101784026465028,46
1993,21.8201630434783,1.77858695652174,"Bear Swamp",21.4589626654064,3.38756379962193,0.361200378071832,-1.60897684310019,46
1994,21.5086413043478,3.0529347826087,"Bear Swamp",21.4589626654064,3.38756379962193,0.0496786389413977,-0.334629017013233,46
1995,21.243097826087,3.20097826086957,"Bear Swamp",21.4589626654064,3.38756379962193,-0.215864839319472,-0.186585538752363,46
1996,20.3027717391304,4.76945652173913,"Bear Swamp",21.4589626654064,3.38756379962193,-1.15619092627599,1.3818927221172,46
1997,20.3204347826087,2.4070652173913,"Bear Swamp",21.4589626654064,3.38756379962193,-1.13852788279773,-0.980498582230624,46
1998,21.4994565217391,2.81945652173913,"Bear Swamp",21.4589626654064,3.38756379962193,0.0404938563327022,-0.568107277882798,46
1999,21.5841847826087,2.07586956521739,"Bear Swamp",21.4589626654064,3.38756379962193,0.125222117202267,-1.31169423440454,46
2000,20.8311413043478,3.66989130434783,"Bear Swamp",21.4589626654064,3.38756379962193,-0.627821361058601,0.282327504725898,46
2001,20.7830434782609,3.2979347826087,"Bear Swamp",21.4589626654064,3.38756379962193,-0.67591918714556,-0.0896290170132326,46
2002,21.5058695652174,3.0170652173913,"Bear Swamp",21.4589626654064,3.38756379962193,0.0469068998109634,-0.370498582230624,46
2003,19.7338586956522,4.65771739130435,"Bear Swamp",21.4589626654064,3.38756379962193,-1.72510396975425,1.27015359168242,46
2004,21.914402173913,2.90173913043478,"Bear Swamp",21.4589626654064,3.38756379962193,0.455439508506615,-0.485824669187146,46
2005,20.6607608695652,3.54989130434783,"Bear Swamp",21.4589626654064,3.38756379962193,-0.798201795841212,0.162327504725898,46
2006,21.5877717391304,5.20054347826087,"Bear Swamp",21.4589626654064,3.38756379962193,0.128809073724007,1.81297967863894,46
2007,21.4420652173913,1.52586956521739,"Bear Swamp",21.4589626654064,3.38756379962193,-0.0168974480151256,-1.86169423440454,46
2008,21.5430434782609,2.91717391304348,"Bear Swamp",21.4589626654064,3.38756379962193,0.0840808128544417,-0.47038988657845,46
2009,20.5133152173913,3.2870652173913,"Bear Swamp",21.4589626654064,3.38756379962193,-0.945647448015123,-0.100498582230624,46
2010,23.1683152173913,2.43402173913043,"Bear Swamp",21.4589626654064,3.38756379962193,1.70935255198487,-0.953542060491494,46
2011,23.0171739130435,2.09913043478261,"Bear Swamp",21.4589626654064,3.38756379962193,1.55821124763705,-1.28843336483932,46
2012,22.380652173913,3.21978260869565,"Bear Swamp",21.4589626654064,3.38756379962193,0.921689508506617,-0.167781190926276,46
2013,21.863097826087,5.39130434782609,"Bear Swamp",21.4589626654064,3.38756379962193,0.404135160680529,2.00374054820416,46
2014,21.228152173913,1.80728260869565,"Bear Swamp",21.4589626654064,3.38756379962193,-0.230810491493386,-1.58028119092628,46
2015,22.3297282608696,4.95532608695652,"Bear Swamp",21.4589626654064,3.38756379962193,0.870765595463137,1.56776228733459,46
2016,21.2157608695652,5.35608695652174,"Bear Swamp",21.4589626654064,3.38756379962193,-0.243201795841209,1.96852315689981,46
2017,21.4667391304348,4.97152173913044,"Bear Swamp",21.4589626654064,3.38756379962193,0.00777646502835339,1.58395793950851,46
2018,22.2223913043478,5.08967391304348,"Bear Swamp",21.4589626654064,3.38756379962193,0.763428638941399,1.70211011342155,46
1992,19.6053260869565,3.5570652173913,"Railroad",21.4149031190926,3.40996928166352,-1.80957703213611,0.147095935727788,46
1993,21.7520652173913,1.78739130434783,"Railroad",21.4149031190926,3.40996928166352,0.337162098298677,-1.62257797731569,46
1994,21.4483695652174,3.08413043478261,"Railroad",21.4149031190926,3.40996928166352,0.0334664461247627,-0.325838846880907,46
1995,21.1627173913043,3.18880434782609,"Railroad",21.4149031190926,3.40996928166352,-0.25218572778828,-0.221164933837429,46
1996,20.2323913043478,4.78967391304348,"Railroad",21.4149031190926,3.40996928166352,-1.1825118147448,1.37970463137996,46
1997,20.24125,2.41097826086957,"Railroad",21.4149031190926,3.40996928166352,-1.17365311909263,-0.998991020793951,46
1998,21.4332608695652,2.85804347826087,"Railroad",21.4149031190926,3.40996928166352,0.0183577504725889,-0.551925803402646,46
1999,21.5083152173913,2.09445652173913,"Railroad",21.4149031190926,3.40996928166352,0.0934120982986748,-1.31551275992439,46
2000,20.7570652173913,3.56054347826087,"Railroad",21.4149031190926,3.40996928166352,-0.657837901701324,0.150574196597354,46
2001,20.6957608695652,3.26532608695652,"Railroad",21.4149031190926,3.40996928166352,-0.719142249527412,-0.144643194706994,46
2002,21.4265760869565,3.03695652173913,"Railroad",21.4149031190926,3.40996928166352,0.0116729678638947,-0.373012759924385,46
2003,19.7138586956522,4.70358695652174,"Railroad",21.4149031190926,3.40996928166352,-1.70104442344045,1.29361767485822,46
2004,21.8873369565217,2.90586956521739,"Railroad",21.4149031190926,3.40996928166352,0.472433837429111,-0.504099716446125,46
2005,20.641902173913,3.52804347826087,"Railroad",21.4149031190926,3.40996928166352,-0.773000945179586,0.118074196597354,46
2006,21.5666847826087,5.22717391304348,"Railroad",21.4149031190926,3.40996928166352,0.151781663516068,1.81720463137996,46
2007,21.4242391304348,1.52380434782609,"Railroad",21.4149031190926,3.40996928166352,0.00933601134215323,-1.88616493383743,46
2008,21.5290760869565,2.93282608695652,"Railroad",21.4149031190926,3.40996928166352,0.114172967863894,-0.477143194706994,46
2009,20.4865760869565,3.36923913043478,"Railroad",21.4149031190926,3.40996928166352,-0.928327032136107,-0.040730151228733,46
2010,23.1579347826087,2.39380434782609,"Railroad",21.4149031190926,3.40996928166352,1.74303166351607,-1.01616493383743,46
2011,23.0028260869565,2.16728260869565,"Railroad",21.4149031190926,3.40996928166352,1.58792296786389,-1.24268667296786,46
2012,22.3648913043478,3.26391304347826,"Railroad",21.4149031190926,3.40996928166352,0.949988185255197,-0.146056238185255,46
2013,21.8541847826087,5.40608695652174,"Railroad",21.4149031190926,3.40996928166352,0.439281663516066,1.99611767485822,46
2014,21.2148913043478,1.85086956521739,"Railroad",21.4149031190926,3.40996928166352,-0.200011814744801,-1.55909971644612,46
2015,22.3117391304348,4.98163043478261,"Railroad",21.4149031190926,3.40996928166352,0.896836011342156,1.57166115311909,46
2016,21.2014130434783,5.28163043478261,"Railroad",21.4149031190926,3.40996928166352,-0.213490075614367,1.87166115311909,46
2017,21.445652173913,5.02173913043478,"Railroad",21.4149031190926,3.40996928166352,0.030749054820415,1.61176984877127,46
2018,22.2007065217391,5.19163043478261,"Railroad",21.4149031190926,3.40996928166352,0.785803402646504,1.78166115311909,46
1992,19.6126630434783,5.21739130434783,"Area 64",21.1128957939509,4.32491965973535,-1.50023275047259,0.892471644612477,46
1993,21.2664130434783,3.43858695652174,"Area 64",21.1128957939509,4.32491965973535,0.153517249527411,-0.88633270321361,46
1994,20.4741304347826,3.01663043478261,"Area 64",21.1128957939509,4.32491965973535,-0.638765359168243,-1.30828922495274,46
1995,20.9798369565217,5.3425,"Area 64",21.1128957939509,4.32491965973535,-0.133058837429111,1.01758034026465,46
1996,20.3229347826087,6.58597826086956,"Area 64",21.1128957939509,4.32491965973535,-0.789961011342157,2.26105860113422,46
1997,19.4277717391304,5.61891304347826,"Area 64",21.1128957939509,4.32491965973535,-1.68512405482042,1.29399338374291,46
1998,21.5141304347826,5.44054347826087,"Area 64",21.1128957939509,4.32491965973535,0.401234640831756,1.11562381852552,46
1999,22.0251630434783,2.47565217391304,"Area 64",21.1128957939509,4.32491965973535,0.91226724952741,-1.84926748582231,46
2000,20.9653260869565,4.87434782608696,"Area 64",21.1128957939509,4.32491965973535,-0.147569706994329,0.549428166351607,46
2001,20.8691304347826,4.71108695652174,"Area 64",21.1128957939509,4.32491965973535,-0.243765359168243,0.38616729678639,46
2002,21.0615217391304,4.77391304347826,"Area 64",21.1128957939509,4.32491965973535,-0.0513740548204176,0.448993383742912,46
2003,19.8023369565217,5.36315217391304,"Area 64",21.1128957939509,4.32491965973535,-1.31055883742911,1.03823251417769,46
2004,21.2304891304348,5.49880434782609,"Area 64",21.1128957939509,4.32491965973535,0.117593336483932,1.17388468809074,46
2005,20.8104347826087,2.47923913043478,"Area 64",21.1128957939509,4.32491965973535,-0.302461011342157,-1.84568052930057,46
2006,20.1173913043478,3.87684782608696,"Area 64",21.1128957939509,4.32491965973535,-0.995504489603025,-0.448071833648393,46
2007,21.0475543478261,2.93423913043478,"Area 64",21.1128957939509,4.32491965973535,-0.0653414461247657,-1.39068052930057,46
2008,19.9091304347826,5.7945652173913,"Area 64",21.1128957939509,4.32491965973535,-1.20376535916824,1.46964555765596,46
2009,20.1539673913043,5.05315217391304,"Area 64",21.1128957939509,4.32491965973535,-0.958928402646503,0.728232514177694,46
2010,22.246847826087,4.52739130434783,"Area 64",21.1128957939509,4.32491965973535,1.1339520321361,0.202471644612476,46
2011,21.7566847826087,4.58673913043478,"Area 64",21.1128957939509,4.32491965973535,0.643788988657843,0.261819470699433,46
2012,22.4775,2.41130434782609,"Area 64",21.1128957939509,4.32491965973535,1.36460420604915,-1.91361531190926,46
2013,21.0666847826087,4.8920652173913,"Area 64",21.1128957939509,4.32491965973535,-0.0462110113421552,0.567145557655955,46
2014,20.940597826087,3.86423913043478,"Area 64",21.1128957939509,4.32491965973535,-0.172297967863894,-0.460680529300567,46
2015,21.8696739130435,5.3570652173913,"Area 64",21.1128957939509,4.32491965973535,0.756778119092626,1.03214555765596,46
2016,21.1847282608696,4.69684782608696,"Area 64",21.1128957939509,4.32491965973535,0.071832466918714,0.371928166351607,46
2017,20.916902173913,5.46967391304348,"Area 64",21.1128957939509,4.32491965973535,-0.195993620037807,1.14475425330813,46
2018,23.0083695652174,4.55217391304348,"Area 64",21.1128957939509,4.32491965973535,1.89547377126654,0.227254253308129,46
1992,20.0373913043478,3.39010869565217,"MCBQ-LOGC",22.0527209357278,3.52948251417769,-2.01532963137996,-0.13937381852552,46
1993,22.4496739130435,2.29641304347826,"MCBQ-LOGC",22.0527209357278,3.52948251417769,0.396952977315692,-1.23306947069943,46
1994,21.7719565217391,3.59467391304348,"MCBQ-LOGC",22.0527209357278,3.52948251417769,-0.280764413988656,0.0651913988657848,46
1995,21.92125,4.22065217391304,"MCBQ-LOGC",22.0527209357278,3.52948251417769,-0.131470935727787,0.69116965973535,46
1996,20.9560869565217,5.04130434782609,"MCBQ-LOGC",22.0527209357278,3.52948251417769,-1.09663397920605,1.51182183364839,46
1997,20.5235869565217,2.52728260869565,"MCBQ-LOGC",22.0527209357278,3.52948251417769,-1.52913397920605,-1.00219990548204,46
1998,21.8998369565217,3.66586956521739,"MCBQ-LOGC",22.0527209357278,3.52948251417769,-0.152883979206049,0.136387051039698,46
1999,22.2573369565217,1.4995652173913,"MCBQ-LOGC",22.0527209357278,3.52948251417769,0.204616020793953,-2.02991729678639,46
2000,21.5133152173913,4.28934782608696,"MCBQ-LOGC",22.0527209357278,3.52948251417769,-0.539405718336482,0.759865311909263,46
2001,21.0970652173913,3.92728260869565,"MCBQ-LOGC",22.0527209357278,3.52948251417769,-0.955655718336484,0.397800094517959,46
2002,22.1665760869565,1.96445652173913,"MCBQ-LOGC",22.0527209357278,3.52948251417769,0.113855151228734,-1.56502599243856,46
2003,20.6258152173913,4.87532608695652,"MCBQ-LOGC",22.0527209357278,3.52948251417769,-1.42690571833649,1.34584357277883,46
2004,22.4066304347826,3.65195652173913,"MCBQ-LOGC",22.0527209357278,3.52948251417769,0.353909499054822,0.122474007561437,46
2005,21.351847826087,2.75586956521739,"MCBQ-LOGC",22.0527209357278,3.52948251417769,-0.700873109640831,-0.773612948960302,46
2006,21.6745108695652,4.08510869565217,"MCBQ-LOGC",22.0527209357278,3.52948251417769,-0.37821006616257,0.555626181474481,46
2007,22.1140217391304,1.61673913043478,"MCBQ-LOGC",22.0527209357278,3.52948251417769,0.0613008034026485,-1.91274338374291,46
2008,21.463097826087,6.0820652173913,"MCBQ-LOGC",22.0527209357278,3.52948251417769,-0.589623109640829,2.55258270321361,46
2009,21.1989673913043,4.26413043478261,"MCBQ-LOGC",22.0527209357278,3.52948251417769,-0.853753544423441,0.734647920604915,46
2010,23.7570108695652,2.18869565217391,"MCBQ-LOGC",22.0527209357278,3.52948251417769,1.70428993383743,-1.34078686200378,46
2011,23.2052173913043,3.18413043478261,"MCBQ-LOGC",22.0527209357278,3.52948251417769,1.15249645557656,-0.345352079395085,46
2012,23.608152173913,3.31673913043478,"MCBQ-LOGC",22.0527209357278,3.52948251417769,1.55543123818526,-0.212743383742911,46
2013,22.1573369565217,4.89010869565217,"MCBQ-LOGC",22.0527209357278,3.52948251417769,0.104616020793951,1.36062618147448,46
2014,22.0777717391304,3.46565217391304,"MCBQ-LOGC",22.0527209357278,3.52948251417769,0.025050803402646,-0.0638303402646501,46
2015,23.0553260869565,4.30641304347826,"MCBQ-LOGC",22.0527209357278,3.52948251417769,1.00260515122874,0.776930529300567,46
2016,21.9714130434783,4.42967391304348,"MCBQ-LOGC",22.0527209357278,3.52948251417769,-0.0813078922495265,0.900191398865785,46
2017,22.231847826087,4.5479347826087,"MCBQ-LOGC",22.0527209357278,3.52948251417769,0.179126890359168,1.018452268431,46
2018,23.054347826087,6.24097826086957,"MCBQ-LOGC",22.0527209357278,3.52948251417769,1.00162689035917,2.71149574669187,46
1992,21.3435869565217,4.84184782608696,"Radnor Lake",22.7127989130435,4.12168005671078,-1.36921195652174,0.720167769376181,46
1993,22.9446739130435,3.52108695652174,"Radnor Lake",22.7127989130435,4.12168005671078,0.231874999999999,-0.600593100189036,46
1994,21.7236956521739,4.07271739130435,"Radnor Lake",22.7127989130435,4.12168005671078,-0.989103260869566,-0.0489626654064272,46
1995,22.2651630434783,5.07619565217391,"Radnor Lake",22.7127989130435,4.12168005671078,-0.447635869565218,0.954515595463138,46
1996,22.5395108695652,4.83391304347826,"Radnor Lake",22.7127989130435,4.12168005671078,-0.173288043478262,0.712232986767486,46
1997,20.9178804347826,4.75836956521739,"Radnor Lake",22.7127989130435,4.12168005671078,-1.79491847826087,0.636689508506616,46
1998,23.5400543478261,6.57728260869565,"Radnor Lake",22.7127989130435,4.12168005671078,0.827255434782607,2.45560255198488,46
1999,23.2009782608696,3.40478260869565,"Radnor Lake",22.7127989130435,4.12168005671078,0.488179347826087,-0.716897448015123,46
2000,22.8892391304348,3.54847826086957,"Radnor Lake",22.7127989130435,4.12168005671078,0.176440217391303,-0.57320179584121,46
2001,22.033152173913,4.17097826086956,"Radnor Lake",22.7127989130435,4.12168005671078,-0.679646739130437,0.0492982041587897,46
2002,22.6199456521739,4.03858695652174,"Radnor Lake",22.7127989130435,4.12168005671078,-0.092853260869564,-0.0830931001890356,46
2003,21.1801086956522,5.48326086956522,"Radnor Lake",22.7127989130435,4.12168005671078,-1.53269021739131,1.36158081285444,46
2004,22.81875,4.47369565217391,"Radnor Lake",22.7127989130435,4.12168005671078,0.105951086956523,0.352015595463138,46
2005,22.2283695652174,2.51086956521739,"Radnor Lake",22.7127989130435,4.12168005671078,-0.484429347826087,-1.61081049149338,46
2006,22.2661413043478,2.89163043478261,"Radnor Lake",22.7127989130435,4.12168005671078,-0.446657608695652,-1.23004962192817,46
2007,23.224402173913,2.36413043478261,"Radnor Lake",22.7127989130435,4.12168005671078,0.511603260869567,-1.75754962192817,46
2008,22.2566304347826,3.58195652173913,"Radnor Lake",22.7127989130435,4.12168005671078,-0.456168478260871,-0.539723534971645,46
2009,21.8210869565217,5.19576086956522,"Radnor Lake",22.7127989130435,4.12168005671078,-0.891711956521739,1.07408081285444,46
2010,24.2309239130435,8.00065217391304,"Radnor Lake",22.7127989130435,4.12168005671078,1.518125,3.87897211720227,46
2011,23.4025543478261,3.26836956521739,"Radnor Lake",22.7127989130435,4.12168005671078,0.689755434782608,-0.853310491493384,46
2012,23.9091847826087,4.37576086956522,"Radnor Lake",22.7127989130435,4.12168005671078,1.19638586956522,0.254080812854443,46
2013,21.8485326086957,4.31619565217391,"Radnor Lake",22.7127989130435,4.12168005671078,-0.864266304347826,0.194515595463137,46
2014,22.2710326086957,2.97326086956522,"Radnor Lake",22.7127989130435,4.12168005671078,-0.441766304347826,-1.14841918714556,46
2015,23.218097826087,4.3945652173913,"Radnor Lake",22.7127989130435,4.12168005671078,0.505298913043479,0.272885160680529,46
2016,22.7854347826087,4.14695652173913,"Radnor Lake",22.7127989130435,4.12168005671078,0.0726358695652181,0.0252764650283552,46
2017,22.9478804347826,3.805,"Radnor Lake",22.7127989130435,4.12168005671078,0.235081521739129,-0.316680056710775,46
2018,24.7684239130435,3.52,"Radnor Lake",22.7127989130435,4.12168005671078,2.055625,-0.601680056710775,46
1992,21.2051630434783,4.21413043478261,"Tennessee River Gorge",22.9570569470699,3.74559310018904,-1.75189390359168,0.468537334593573,46
1993,23.219347826087,1.69,"Tennessee River Gorge",22.9570569470699,3.74559310018904,0.262290879017012,-2.05559310018904,46
1994,21.918152173913,4.99413043478261,"Tennessee River Gorge",22.9570569470699,3.74559310018904,-1.0389047731569,1.24853733459357,46
1995,22.6664673913043,2.4879347826087,"Tennessee River Gorge",22.9570569470699,3.74559310018904,-0.290589555765596,-1.25765831758034,46
1996,22.6796195652174,2.81184782608696,"Tennessee River Gorge",22.9570569470699,3.74559310018904,-0.277437381852554,-0.93374527410208,46
1997,21.1496739130435,3.95032608695652,"Tennessee River Gorge",22.9570569470699,3.74559310018904,-1.80738303402646,0.204732986767485,46
1998,23.8089130434783,3.27184782608696,"Tennessee River Gorge",22.9570569470699,3.74559310018904,0.851856096408316,-0.47374527410208,46
1999,22.8754347826087,4.4370652173913,"Tennessee River Gorge",22.9570569470699,3.74559310018904,-0.0816221644612476,0.691472117202268,46
2000,23.1325543478261,2.79108695652174,"Tennessee River Gorge",22.9570569470699,3.74559310018904,0.175497400756143,-0.954506143667297,46
2001,22.274402173913,4.56467391304348,"Tennessee River Gorge",22.9570569470699,3.74559310018904,-0.682654773156901,0.819080812854442,46
2002,22.63,2.84445652173913,"Tennessee River Gorge",22.9570569470699,3.74559310018904,-0.327056947069945,-0.901136578449905,46
2003,21.7382065217391,7.92423913043478,"Tennessee River Gorge",22.9570569470699,3.74559310018904,-1.21885042533081,4.17864603024575,46
2004,22.9253260869565,4.59282608695652,"Tennessee River Gorge",22.9570569470699,3.74559310018904,-0.0317308601134236,0.847232986767485,46
2005,22.1571195652174,4.14086956521739,"Tennessee River Gorge",22.9570569470699,3.74559310018904,-0.799937381852551,0.395276465028355,46
2006,22.7048369565217,2.64391304347826,"Tennessee River Gorge",22.9570569470699,3.74559310018904,-0.252219990548205,-1.10168005671078,46
2007,23.1799456521739,2.82239130434783,"Tennessee River Gorge",22.9570569470699,3.74559310018904,0.222888705103969,-0.92320179584121,46
2008,22.5972282608696,3.31467391304348,"Tennessee River Gorge",22.9570569470699,3.74559310018904,-0.35982868620038,-0.430919187145558,46
2009,22.724402173913,3.90826086956522,"Tennessee River Gorge",22.9570569470699,3.74559310018904,-0.232654773156899,0.162667769376181,46
2010,24.735652173913,3.06173913043478,"Tennessee River Gorge",22.9570569470699,3.74559310018904,1.7785952268431,-0.683853969754253,46
2011,23.7951086956522,3.01608695652174,"Tennessee River Gorge",22.9570569470699,3.74559310018904,0.838051748582231,-0.729506143667297,46
2012,23.9472282608696,4.95739130434783,"Tennessee River Gorge",22.9570569470699,3.74559310018904,0.990171313799621,1.21179820415879,46
2013,22.0675543478261,6.86847826086957,"Tennessee River Gorge",22.9570569470699,3.74559310018904,-0.889502599243858,3.12288516068053,46
2014,22.573152173913,3.43,"Tennessee River Gorge",22.9570569470699,3.74559310018904,-0.3839047731569,-0.315593100189036,46
2015,24.0401630434783,4.19489130434783,"Tennessee River Gorge",22.9570569470699,3.74559310018904,1.08310609640832,0.44929820415879,46
2016,24.029402173913,2.00978260869565,"Tennessee River Gorge",22.9570569470699,3.74559310018904,1.0723452268431,-1.73581049149338,46
2017,23.0570108695652,5.21891304347826,"Tennessee River Gorge",22.9570569470699,3.74559310018904,0.0999539224952741,1.47331994328922,46
2018,24.5666847826087,5.0445652173913,"Tennessee River Gorge",22.9570569470699,3.74559310018904,1.60962783553875,1.29897211720227,46
1992,16.1247282608696,5.13152173913043,"Ivy Knob",18.0581935255198,5.22004725897921,-1.93346526465028,-0.0885255198487718,46
1993,17.714347826087,3.10108695652174,"Ivy Knob",18.0581935255198,5.22004725897921,-0.34384569943289,-2.11896030245747,46
1994,17.4208152173913,4.96141304347826,"Ivy Knob",18.0581935255198,5.22004725897921,-0.637378308128543,-0.258634215500945,46
1995,17.975,5.21358695652174,"Ivy Knob",18.0581935255198,5.22004725897921,-0.0831935255198459,-0.00646030245746676,46
1996,18.3298913043478,5.4495652173913,"Ivy Knob",18.0581935255198,5.22004725897921,0.271697778827978,0.229517958412099,46
1997,16.3736413043478,4.64510869565217,"Ivy Knob",18.0581935255198,5.22004725897921,-1.68455222117202,-0.574938563327033,46
1998,17.7565760869565,5.73282608695652,"Ivy Knob",18.0581935255198,5.22004725897921,-0.301617438563326,0.512778827977315,46
1999,19.1070108695652,2.86336956521739,"Ivy Knob",18.0581935255198,5.22004725897921,1.04881734404537,-2.35667769376182,46
2000,16.8751086956522,6.6454347826087,"Ivy Knob",18.0581935255198,5.22004725897921,-1.18308482986767,1.42538752362949,46
2001,16.2817391304348,7.70358695652174,"Ivy Knob",18.0581935255198,5.22004725897921,-1.77645439508506,2.48353969754253,46
2002,16.5988043478261,5.47032608695652,"Ivy Knob",18.0581935255198,5.22004725897921,-1.45938917769376,0.250278827977316,46
2003,16.7429347826087,6.11347826086956,"Ivy Knob",18.0581935255198,5.22004725897921,-1.31525874291115,0.893431001890359,46
2004,17.7490217391304,6.51315217391304,"Ivy Knob",18.0581935255198,5.22004725897921,-0.309171786389413,1.29310491493384,46
2005,17.5914673913043,3.58358695652174,"Ivy Knob",18.0581935255198,5.22004725897921,-0.466726134215499,-1.63646030245747,46
2006,16.7810326086957,5.77695652173913,"Ivy Knob",18.0581935255198,5.22004725897921,-1.27716091682419,0.556909262759924,46
2007,18.3040760869565,4.23760869565217,"Ivy Knob",18.0581935255198,5.22004725897921,0.245882561436673,-0.982438563327032,46
2008,17.5224456521739,5.21282608695652,"Ivy Knob",18.0581935255198,5.22004725897921,-0.535747873345933,-0.00722117202268446,46
2009,17.6198913043478,7.12021739130435,"Ivy Knob",18.0581935255198,5.22004725897921,-0.43830222117202,1.90017013232514,46
2010,19.8807608695652,7.30934782608696,"Ivy Knob",18.0581935255198,5.22004725897921,1.82256734404537,2.08930056710775,46
2011,19.1641304347826,4.18402173913043,"Ivy Knob",18.0581935255198,5.22004725897921,1.10593690926276,-1.03602551984877,46
2012,19.4826630434783,5.41510869565217,"Ivy Knob",18.0581935255198,5.22004725897921,1.42446951795841,0.195061436672968,46
2013,18.2802173913043,5.6145652173913,"Ivy Knob",18.0581935255198,5.22004725897921,0.2220238657845,0.394517958412098,46
2014,18.8522826086957,3.7679347826087,"Ivy Knob",18.0581935255198,5.22004725897921,0.794089083175805,-1.45211247637051,46
2015,19.9514130434783,5.11826086956522,"Ivy Knob",18.0581935255198,5.22004725897921,1.89321951795841,-0.101786389413989,46
2016,18.8240760869565,6.97097826086957,"Ivy Knob",18.0581935255198,5.22004725897921,0.765882561436673,1.75093100189036,46
2017,18.4359782608696,5.51065217391304,"Ivy Knob",18.0581935255198,5.22004725897921,0.377784735349717,0.290604914933837,46
2018,20.5815217391304,4.4229347826087,"Ivy Knob",18.0581935255198,5.22004725897921,2.52332821361059,-0.79711247637051,46
1992,20.311902173913,4.80576086956522,"Kentucky River",21.8278792533081,4.05506143667297,-1.51597707939509,0.750699432892249,46
1993,22.25375,3.39641304347826,"Kentucky River",21.8278792533081,4.05506143667297,0.425870746691871,-0.658648393194707,46
1994,21.1615217391304,3.10586956521739,"Kentucky River",21.8278792533081,4.05506143667297,-0.666357514177694,-0.949191871455577,46
1995,21.7840217391304,5.16434782608696,"Kentucky River",21.8278792533081,4.05506143667297,-0.0438575141776951,1.10928638941399,46
1996,21.5453260869565,5.44945652173913,"Kentucky River",21.8278792533081,4.05506143667297,-0.282553166351608,1.39439508506616,46
1997,20.3308695652174,5.08869565217391,"Kentucky River",21.8278792533081,4.05506143667297,-1.49700968809074,1.03363421550094,46
1998,22.2527173913043,6.2329347826087,"Kentucky River",21.8278792533081,4.05506143667297,0.424838137996218,2.17787334593573,46
1999,22.7372282608696,2.27576086956522,"Kentucky River",21.8278792533081,4.05506143667297,0.909349007561435,-1.77930056710775,46
2000,21.8754347826087,2.42989130434783,"Kentucky River",21.8278792533081,4.05506143667297,0.0475555293005669,-1.62517013232514,46
2001,21.736902173913,4.89130434782609,"Kentucky River",21.8278792533081,4.05506143667297,-0.0909770793950848,0.836242911153119,46
2002,22.0348369565217,2.67891304347826,"Kentucky River",21.8278792533081,4.05506143667297,0.206957703213611,-1.37614839319471,46
2003,20.7777717391304,4.97989130434783,"Kentucky River",21.8278792533081,4.05506143667297,-1.05010751417769,0.924829867674858,46
2004,22.1165760869565,5.18,"Kentucky River",21.8278792533081,4.05506143667297,0.288696833648391,1.12493856332703,46
2005,21.7990760869565,2.16771739130435,"Kentucky River",21.8278792533081,4.05506143667297,-0.028803166351608,-1.88734404536862,46
2006,20.9913586956522,3.03739130434783,"Kentucky River",21.8278792533081,4.05506143667297,-0.836520557655955,-1.01767013232514,46
2007,22.194402173913,2.73869565217391,"Kentucky River",21.8278792533081,4.05506143667297,0.366522920604915,-1.31636578449906,46
2008,20.8455434782609,3.82913043478261,"Kentucky River",21.8278792533081,4.05506143667297,-0.982335775047261,-0.22593100189036,46
2009,20.8291847826087,4.74739130434783,"Kentucky River",21.8278792533081,4.05506143667297,-0.998694470699434,0.692329867674858,46
2010,23.0207608695652,6.07804347826087,"Kentucky River",21.8278792533081,4.05506143667297,1.19288161625709,2.0229820415879,46
2011,22.2211413043478,3.25489130434783,"Kentucky River",21.8278792533081,4.05506143667297,0.393262051039695,-0.800170132325142,46
2012,22.7510869565217,3.08695652173913,"Kentucky River",21.8278792533081,4.05506143667297,0.92320770321361,-0.968104914933838,46
2013,21.1785869565217,5.99967391304348,"Kentucky River",21.8278792533081,4.05506143667297,-0.649292296786392,1.94461247637051,46
2014,21.4839130434783,3.0045652173913,"Kentucky River",21.8278792533081,4.05506143667297,-0.343966209829869,-1.05049621928166,46
2015,22.3191304347826,5.47260869565217,"Kentucky River",21.8278792533081,4.05506143667297,0.491251181474478,1.41754725897921,46
2016,21.925652173913,5.685,"Kentucky River",21.8278792533081,4.05506143667297,0.097772920604914,1.62993856332703,46
2017,21.5917934782609,3.86836956521739,"Kentucky River",21.8278792533081,4.05506143667297,-0.236085775047261,-0.186691871455577,46
2018,23.4848913043478,5.61467391304348,"Kentucky River",21.8278792533081,4.05506143667297,1.6570120510397,1.55961247637051,46
1992,19.4224456521739,5.095,"Bowles Woods",21.2526724952741,3.94992911153119,-1.83022684310019,1.14507088846881,46
1993,21.4384782608696,2.54239130434783,"Bowles Woods",21.2526724952741,3.94992911153119,0.185805765595465,-1.40753780718337,46
1994,20.7152173913043,2.7070652173913,"Bowles Woods",21.2526724952741,3.94992911153119,-0.537455103969755,-1.24286389413989,46
1995,21.130652173913,4.79619565217391,"Bowles Woods",21.2526724952741,3.94992911153119,-0.12202032136106,0.846266540642722,46
1996,20.2738586956522,6.10836956521739,"Bowles Woods",21.2526724952741,3.94992911153119,-0.978813799621928,2.1584404536862,46
1997,19.606847826087,5.16489130434783,"Bowles Woods",21.2526724952741,3.94992911153119,-1.64582466918715,1.21496219281663,46
1998,21.6138043478261,5.76239130434783,"Bowles Woods",21.2526724952741,3.94992911153119,0.361131852551985,1.81246219281664,46
1999,22.3855434782609,2.23097826086957,"Bowles Woods",21.2526724952741,3.94992911153119,1.13287098298677,-1.71895085066163,46
2000,20.9878260869565,3.76630434782609,"Bowles Woods",21.2526724952741,3.94992911153119,-0.264846408317581,-0.183624763705104,46
2001,20.7892391304348,5.05532608695652,"Bowles Woods",21.2526724952741,3.94992911153119,-0.463433364839318,1.10539697542533,46
2002,21.3763586956522,3.77739130434783,"Bowles Woods",21.2526724952741,3.94992911153119,0.123686200378071,-0.172537807183365,46
2003,20.0770108695652,5.71097826086956,"Bowles Woods",21.2526724952741,3.94992911153119,-1.17566162570888,1.76104914933837,46
2004,21.5584239130435,4.3579347826087,"Bowles Woods",21.2526724952741,3.94992911153119,0.305751417769375,0.408005671077504,46
2005,21.1441847826087,2.67108695652174,"Bowles Woods",21.2526724952741,3.94992911153119,-0.108487712665404,-1.27884215500945,46
2006,20.6926630434783,3.355,"Bowles Woods",21.2526724952741,3.94992911153119,-0.560009451795839,-0.594929111531191,46
2007,21.6734239130435,2.28858695652174,"Bowles Woods",21.2526724952741,3.94992911153119,0.420751417769377,-1.66134215500945,46
2008,20.3855434782609,4.35673913043478,"Bowles Woods",21.2526724952741,3.94992911153119,-0.86712901701323,0.406810018903591,46
2009,20.593097826087,3.69304347826087,"Bowles Woods",21.2526724952741,3.94992911153119,-0.659574669187144,-0.256885633270322,46
2010,22.6082065217391,4.07934782608696,"Bowles Woods",21.2526724952741,3.94992911153119,1.35553402646503,0.129418714555765,46
2011,22.3076086956522,5.49152173913043,"Bowles Woods",21.2526724952741,3.94992911153119,1.05493620037807,1.54159262759924,46
2012,23.1598913043478,3.5154347826087,"Bowles Woods",21.2526724952741,3.94992911153119,1.90721880907373,-0.434494328922495,46
2013,21.2082608695652,4.15021739130435,"Bowles Woods",21.2526724952741,3.94992911153119,-0.0444116257088822,0.200288279773157,46
2014,20.8340217391304,3.09576086956522,"Bowles Woods",21.2526724952741,3.94992911153119,-0.418650756143666,-0.854168241965974,46
2015,21.8248913043478,3.95239130434783,"Bowles Woods",21.2526724952741,3.94992911153119,0.572218809073725,0.00246219281663507,46
2016,21.2328260869565,3.29869565217391,"Bowles Woods",21.2526724952741,3.94992911153119,-0.01984640831758,-0.651233459357278,46
2017,20.9227173913043,4.88423913043478,"Bowles Woods",21.2526724952741,3.94992911153119,-0.329955103969752,0.934310018903592,46
2018,23.2857065217391,3.33510869565217,"Bowles Woods",21.2526724952741,3.94992911153119,2.03303402646503,-0.614820415879017,46
1992,20.6551630434783,2.68054347826087,"Westview",22.2523605860113,3.41651701323251,-1.59719754253308,-0.735973534971644,46
1993,22.8909239130435,2.27032608695652,"Westview",22.2523605860113,3.41651701323251,0.638563327032138,-1.14619092627599,46
1994,21.9600543478261,3.3020652173913,"Westview",22.2523605860113,3.41651701323251,-0.292306238185255,-0.11445179584121,46
1995,21.8988043478261,5.04010869565217,"Westview",22.2523605860113,3.41651701323251,-0.353556238185256,1.62359168241966,46
1996,21.6741304347826,3.42445652173913,"Westview",22.2523605860113,3.41651701323251,-0.578230151228734,0.00793950850661629,46
1997,20.589347826087,2.57119565217391,"Westview",22.2523605860113,3.41651701323251,-1.66301275992438,-0.845321361058601,46
1998,22.4722826086957,2.36086956521739,"Westview",22.2523605860113,3.41651701323251,0.219922022684312,-1.05564744801512,46
1999,22.3226630434783,1.91728260869565,"Westview",22.2523605860113,3.41651701323251,0.0703024574669193,-1.49923440453686,46
2000,22.0264130434783,3.78608695652174,"Westview",22.2523605860113,3.41651701323251,-0.225947542533081,0.369569943289225,46
2001,21.1789673913043,3.27815217391304,"Westview",22.2523605860113,3.41651701323251,-1.07339319470699,-0.138364839319471,46
2002,22.6563586956522,2.59163043478261,"Westview",22.2523605860113,3.41651701323251,0.403998109640831,-0.824886578449905,46
2003,20.9732608695652,5.60521739130435,"Westview",22.2523605860113,3.41651701323251,-1.27909971644613,2.18870037807183,46
2004,22.5221195652174,5.05815217391304,"Westview",22.2523605860113,3.41651701323251,0.269758979206049,1.64163516068053,46
2005,21.7953260869565,2.48380434782609,"Westview",22.2523605860113,3.41651701323251,-0.457034499054821,-0.932712665406427,46
2006,21.5207608695652,3.29739130434783,"Westview",22.2523605860113,3.41651701323251,-0.731599716446127,-0.119125708884688,46
2007,21.8276086956522,3.01619565217391,"Westview",22.2523605860113,3.41651701323251,-0.424751890359168,-0.400321361058601,46
2008,22.19375,2.7225,"Westview",22.2523605860113,3.41651701323251,-0.0586105860113406,-0.694017013232514,46
2009,21.4996739130435,3.49141304347826,"Westview",22.2523605860113,3.41651701323251,-0.752686672967865,0.0748960302457471,46
2010,23.9267391304348,1.54326086956522,"Westview",22.2523605860113,3.41651701323251,1.67437854442344,-1.8732561436673,46
2011,23.1722826086957,3.3320652173913,"Westview",22.2523605860113,3.41651701323251,0.919922022684311,-0.0844517958412094,46
2012,23.2782608695652,3.56239130434783,"Westview",22.2523605860113,3.41651701323251,1.02590028355387,0.145874291115312,46
2013,22.2584782608696,5.40815217391304,"Westview",22.2523605860113,3.41651701323251,0.00611767485822412,1.99163516068053,46
2014,22.4364673913043,3.22021739130435,"Westview",22.2523605860113,3.41651701323251,0.184106805293005,-0.196299621928166,46
2015,23.0959239130435,4.25347826086957,"Westview",22.2523605860113,3.41651701323251,0.843563327032136,0.836961247637051,46
2016,21.9738043478261,4.77347826086956,"Westview",22.2523605860113,3.41651701323251,-0.278556238185256,1.35696124763705,46
2017,22.2622826086957,2.8845652173913,"Westview",22.2523605860113,3.41651701323251,0.00992202268431086,-0.53195179584121,46
2018,23.2884239130435,4.94945652173913,"Westview",22.2523605860113,3.41651701323251,1.03606332703214,1.53293950850662,46
1992,20.0447826086957,4.14913043478261,"Pilot Knob",21.4223605860113,4.34636342155009,-1.37757797731569,-0.197232986767486,46
1993,21.9214673913043,2.60565217391304,"Pilot Knob",21.4223605860113,4.34636342155009,0.499106805293007,-1.74071124763705,46
1994,21.0582608695652,2.6279347826087,"Pilot Knob",21.4223605860113,4.34636342155009,-0.364099716446123,-1.7184286389414,46
1995,21.4808152173913,4.54260869565217,"Pilot Knob",21.4223605860113,4.34636342155009,0.0584546313799628,0.196245274102079,46
1996,21.2996739130435,5.01586956521739,"Pilot Knob",21.4223605860113,4.34636342155009,-0.122686672967863,0.669506143667297,46
1997,19.6171195652174,5.9379347826087,"Pilot Knob",21.4223605860113,4.34636342155009,-1.80524102079395,1.5915713610586,46
1998,21.6492934782609,5.89673913043478,"Pilot Knob",21.4223605860113,4.34636342155009,0.226932892249529,1.55037570888469,46
1999,22.2734782608696,1.77565217391304,"Pilot Knob",21.4223605860113,4.34636342155009,0.851117674858223,-2.57071124763705,46
2000,21.3476086956522,3.42358695652174,"Pilot Knob",21.4223605860113,4.34636342155009,-0.0747518903591669,-0.922776465028356,46
2001,21.2698369565217,5.18902173913043,"Pilot Knob",21.4223605860113,4.34636342155009,-0.1525236294896,0.84265831758034,46
2002,21.6409239130435,3.6829347826087,"Pilot Knob",21.4223605860113,4.34636342155009,0.21856332703214,-0.663428638941399,46
2003,20.5479347826087,5.24021739130435,"Pilot Knob",21.4223605860113,4.34636342155009,-0.874425803402644,0.893853969754253,46
2004,21.8040760869565,5.88489130434783,"Pilot Knob",21.4223605860113,4.34636342155009,0.38171550094518,1.53852788279773,46
2005,21.4628804347826,2.7425,"Pilot Knob",21.4223605860113,4.34636342155009,0.0405198487712681,-1.60386342155009,46
2006,20.7072282608696,2.68847826086957,"Pilot Knob",21.4223605860113,4.34636342155009,-0.715132325141774,-1.65788516068053,46
2007,22.0307608695652,3.43521739130435,"Pilot Knob",21.4223605860113,4.34636342155009,0.608400283553877,-0.911146030245747,46
2008,20.4741847826087,3.95228260869565,"Pilot Knob",21.4223605860113,4.34636342155009,-0.948175803402645,-0.394080812854442,46
2009,20.4565217391304,5.26532608695652,"Pilot Knob",21.4223605860113,4.34636342155009,-0.965838846880906,0.918962665406427,46
2010,22.7047282608696,5.82760869565217,"Pilot Knob",21.4223605860113,4.34636342155009,1.28236767485823,1.48124527410208,46
2011,21.62625,3.61032608695652,"Pilot Knob",21.4223605860113,4.34636342155009,0.203889413988659,-0.736037334593573,46
2012,22.3927173913043,3.9904347826087,"Pilot Knob",21.4223605860113,4.34636342155009,0.970356805293008,-0.355928638941399,46
2013,20.7750543478261,5.72315217391304,"Pilot Knob",21.4223605860113,4.34636342155009,-0.647306238185255,1.37678875236295,46
2014,20.8264673913043,3.62347826086957,"Pilot Knob",21.4223605860113,4.34636342155009,-0.595893194706992,-0.72288516068053,46
2015,21.8395652173913,5.79760869565217,"Pilot Knob",21.4223605860113,4.34636342155009,0.417204631379963,1.45124527410208,46
2016,21.2809782608696,4.98782608695652,"Pilot Knob",21.4223605860113,4.34636342155009,-0.141382325141777,0.641462665406427,46
2017,20.9959239130435,4.75673913043478,"Pilot Knob",21.4223605860113,4.34636342155009,-0.426436672967863,0.410375708884688,46
2018,22.979347826087,5.79304347826087,"Pilot Knob",21.4223605860113,4.34636342155009,1.55698724007562,1.44668005671077,46
1992,21.1453804347826,3.98,"Spring Creek",22.5369234404537,4.19400047258979,-1.39154300567108,-0.214000472589792,46
1993,22.6320108695652,4.23978260869565,"Spring Creek",22.5369234404537,4.19400047258979,0.0950874291115298,0.0457821361058599,46
1994,21.5142391304348,3.99510869565217,"Spring Creek",22.5369234404537,4.19400047258979,-1.02268431001891,-0.198891776937618,46
1995,22.2140217391304,3.62326086956522,"Spring Creek",22.5369234404537,4.19400047258979,-0.322901701323254,-0.570739603024575,46
1996,22.4079891304348,3.82782608695652,"Spring Creek",22.5369234404537,4.19400047258979,-0.128934310018906,-0.36617438563327,46
1997,20.8520108695652,5.10434782608696,"Spring Creek",22.5369234404537,4.19400047258979,-1.68491257088847,0.910347353497165,46
1998,23.4694565217391,5.1754347826087,"Spring Creek",22.5369234404537,4.19400047258979,0.932533081285442,0.981434310018903,46
1999,22.7849456521739,4.67423913043478,"Spring Creek",22.5369234404537,4.19400047258979,0.248022211720226,0.480238657844991,46
2000,22.7472282608696,4.2595652173913,"Spring Creek",22.5369234404537,4.19400047258979,0.210304820415878,0.0655647448015122,46
2001,21.8142391304348,4.36086956521739,"Spring Creek",22.5369234404537,4.19400047258979,-0.722684310018906,0.166869092627599,46
2002,22.2458695652174,3.23804347826087,"Spring Creek",22.5369234404537,4.19400047258979,-0.291053875236297,-0.955956994328923,46
2003,21.4476630434783,6.9175,"Spring Creek",22.5369234404537,4.19400047258979,-1.08926039697543,2.72349952741021,46
2004,22.5960326086957,5.87902173913043,"Spring Creek",22.5369234404537,4.19400047258979,0.0591091682419638,1.68502126654064,46
2005,21.7988043478261,3.28826086956522,"Spring Creek",22.5369234404537,4.19400047258979,-0.738119092627599,-0.905739603024575,46
2006,22.3397282608696,2.44858695652174,"Spring Creek",22.5369234404537,4.19400047258979,-0.197195179584121,-1.74541351606805,46
2007,22.8704347826087,2.70836956521739,"Spring Creek",22.5369234404537,4.19400047258979,0.33351134215501,-1.4856309073724,46
2008,22.0734239130435,3.07586956521739,"Spring Creek",22.5369234404537,4.19400047258979,-0.46349952741021,-1.1181309073724,46
2009,22.1861413043478,4.6395652173913,"Spring Creek",22.5369234404537,4.19400047258979,-0.350782136105863,0.445564744801512,46
2010,24.0086956521739,4.47913043478261,"Spring Creek",22.5369234404537,4.19400047258979,1.47177221172022,0.285129962192816,46
2011,23.1554891304348,5.05804347826087,"Spring Creek",22.5369234404537,4.19400047258979,0.618565689981097,0.864043005671078,46
2012,23.6400543478261,3.8925,"Spring Creek",22.5369234404537,4.19400047258979,1.1031309073724,-0.301500472589792,46
2013,21.6947282608696,6.95923913043478,"Spring Creek",22.5369234404537,4.19400047258979,-0.842195179584124,2.76523865784499,46
2014,21.9752173913043,2.87217391304348,"Spring Creek",22.5369234404537,4.19400047258979,-0.56170604914934,-1.32182655954631,46
2015,23.1910869565217,4.20478260869565,"Spring Creek",22.5369234404537,4.19400047258979,0.654163516068053,0.0107821361058598,46
2016,22.9186956521739,3.39315217391304,"Spring Creek",22.5369234404537,4.19400047258979,0.381772211720225,-0.800848298676748,46
2017,22.3942391304348,5.21815217391304,"Spring Creek",22.5369234404537,4.19400047258979,-0.142684310018904,1.02415170132325,46
2018,23.8316847826087,4.59021739130435,"Spring Creek",22.5369234404537,4.19400047258979,1.29476134215501,0.396216918714556,46
1992,22.2832608695652,3.93630434782609,"Cowan's Ford Wildlife Ref",23.50875,3.41660207939508,-1.22548913043478,0.519702268431002,46
1993,24.5047282608696,1.40576086956522,"Cowan's Ford Wildlife Ref",23.50875,3.41660207939508,0.995978260869567,-2.01084120982987,46
1994,22.9969565217391,3.53804347826087,"Cowan's Ford Wildlife Ref",23.50875,3.41660207939508,-0.51179347826087,0.121441398865785,46
1995,23.1026086956522,4.34130434782609,"Cowan's Ford Wildlife Ref",23.50875,3.41660207939508,-0.406141304347827,0.924702268431002,46
1996,23.4696739130435,3.11369565217391,"Cowan's Ford Wildlife Ref",23.50875,3.41660207939508,-0.0390760869565199,-0.302906427221172,46
1997,22.02,3.60902173913043,"Cowan's Ford Wildlife Ref",23.50875,3.41660207939508,-1.48875,0.19241965973535,46
1998,24.6773369565217,2.36217391304348,"Cowan's Ford Wildlife Ref",23.50875,3.41660207939508,1.16858695652174,-1.05442816635161,46
1999,22.823152173913,2.21184782608696,"Cowan's Ford Wildlife Ref",23.50875,3.41660207939508,-0.685597826086955,-1.20475425330813,46
2000,23.5333152173913,2.13315217391304,"Cowan's Ford Wildlife Ref",23.50875,3.41660207939508,0.0245652173913058,-1.28344990548204,46
2001,22.8142934782609,2.63804347826087,"Cowan's Ford Wildlife Ref",23.50875,3.41660207939508,-0.694456521739131,-0.778558601134215,46
2002,23.478152173913,1.80804347826087,"Cowan's Ford Wildlife Ref",23.50875,3.41660207939508,-0.0305978260869537,-1.60855860113422,46
2003,22.2957608695652,6.93282608695652,"Cowan's Ford Wildlife Ref",23.50875,3.41660207939508,-1.21298913043478,3.51622400756144,46
2004,23.9800543478261,4.39108695652174,"Cowan's Ford Wildlife Ref",23.50875,3.41660207939508,0.471304347826088,0.974484877126654,46
2005,22.8045108695652,4.04467391304348,"Cowan's Ford Wildlife Ref",23.50875,3.41660207939508,-0.704239130434782,0.628071833648394,46
2006,22.8277717391304,3.06804347826087,"Cowan's Ford Wildlife Ref",23.50875,3.41660207939508,-0.680978260869566,-0.348558601134215,46
2007,22.9964130434783,2.03141304347826,"Cowan's Ford Wildlife Ref",23.50875,3.41660207939508,-0.512336956521739,-1.38518903591682,46
2008,23.358097826087,2.83108695652174,"Cowan's Ford Wildlife Ref",23.50875,3.41660207939508,-0.150652173913041,-0.585515122873346,46
2009,23.1332608695652,3.84184782608696,"Cowan's Ford Wildlife Ref",23.50875,3.41660207939508,-0.375489130434783,0.425245746691872,46
2010,25.1383695652174,3.29815217391304,"Cowan's Ford Wildlife Ref",23.50875,3.41660207939508,1.62961956521739,-0.118449905482041,46
2011,24.3232608695652,4.54782608695652,"Cowan's Ford Wildlife Ref",23.50875,3.41660207939508,0.814510869565218,1.13122400756144,46
2012,24.069402173913,4.87271739130435,"Cowan's Ford Wildlife Ref",23.50875,3.41660207939508,0.560652173913045,1.45611531190926,46
2013,22.8469565217391,5.19076086956522,"Cowan's Ford Wildlife Ref",23.50875,3.41660207939508,-0.661793478260869,1.77415879017013,46
2014,23.4073913043478,3.62717391304348,"Cowan's Ford Wildlife Ref",23.50875,3.41660207939508,-0.101358695652173,0.210571833648393,46
2015,24.9009239130435,1.40608695652174,"Cowan's Ford Wildlife Ref",23.50875,3.41660207939508,1.39217391304348,-2.01051512287335,46
2016,24.0529891304348,3.26304347826087,"Cowan's Ford Wildlife Ref",23.50875,3.41660207939508,0.544239130434782,-0.153558601134215,46
2017,23.5754347826087,4.26358695652174,"Cowan's Ford Wildlife Ref",23.50875,3.41660207939508,0.0666847826086965,0.846984877126654,46
2018,25.0013043478261,3.30695652173913,"Cowan's Ford Wildlife Ref",23.50875,3.41660207939508,1.49255434782609,-0.109645557655954,46
1992,21.5126086956522,2.31445652173913,"South. Illinois Bird Obs.",22.6365347353497,4.14885633270321,-1.12392603969754,-1.83439981096408,46
1993,22.7579891304348,4.41141304347826,"South. Illinois Bird Obs.",22.6365347353497,4.14885633270321,0.121454395085067,0.262556710775047,46
1994,21.8684239130435,2.27771739130435,"South. Illinois Bird Obs.",22.6365347353497,4.14885633270321,-0.768110822306237,-1.87113894139887,46
1995,21.7628260869565,4.95663043478261,"South. Illinois Bird Obs.",22.6365347353497,4.14885633270321,-0.873708648393194,0.807774102079395,46
1996,21.9115760869565,4.7425,"South. Illinois Bird Obs.",22.6365347353497,4.14885633270321,-0.724958648393194,0.593643667296786,46
1997,20.9948369565217,4.86141304347826,"South. Illinois Bird Obs.",22.6365347353497,4.14885633270321,-1.64169777882798,0.712556710775047,46
1998,23.39,5.28619565217391,"South. Illinois Bird Obs.",22.6365347353497,4.14885633270321,0.753465264650284,1.1373393194707,46
1999,22.745,2.54282608695652,"South. Illinois Bird Obs.",22.6365347353497,4.14885633270321,0.108465264650285,-1.60603024574669,46
2000,22.1609239130435,5.26326086956522,"South. Illinois Bird Obs.",22.6365347353497,4.14885633270321,-0.475610822306237,1.114404536862,46
2001,22.2388586956522,4.25663043478261,"South. Illinois Bird Obs.",22.6365347353497,4.14885633270321,-0.397676039697544,0.107774102079395,46
2002,22.7491847826087,4.48554347826087,"South. Illinois Bird Obs.",22.6365347353497,4.14885633270321,0.112650047258978,0.336687145557656,46
2003,21.1642391304348,4.2825,"South. Illinois Bird Obs.",22.6365347353497,4.14885633270321,-1.47229560491493,0.133643667296786,46
2004,22.5289130434783,4.7079347826087,"South. Illinois Bird Obs.",22.6365347353497,4.14885633270321,-0.107621691871454,0.559078449905482,46
2005,22.2071739130435,3.01489130434783,"South. Illinois Bird Obs.",22.6365347353497,4.14885633270321,-0.429360822306236,-1.13396502835539,46
2006,22.2121195652174,4.09358695652174,"South. Illinois Bird Obs.",22.6365347353497,4.14885633270321,-0.424415170132324,-0.0552693761814744,46
2007,23.039402173913,3.17130434782609,"South. Illinois Bird Obs.",22.6365347353497,4.14885633270321,0.402867438563327,-0.977551984877127,46
2008,21.9936956521739,4.59086956521739,"South. Illinois Bird Obs.",22.6365347353497,4.14885633270321,-0.642839083175804,0.442013232514178,46
2009,21.9597282608696,5.06358695652174,"South. Illinois Bird Obs.",22.6365347353497,4.14885633270321,-0.676806474480152,0.914730623818525,46
2010,24.4761956521739,3.29445652173913,"South. Illinois Bird Obs.",22.6365347353497,4.14885633270321,1.8396609168242,-0.854399810964083,46
2011,23.9748369565217,5.82,"South. Illinois Bird Obs.",22.6365347353497,4.14885633270321,1.33830222117202,1.67114366729679,46
2012,24.7835869565217,1.10163043478261,"South. Illinois Bird Obs.",22.6365347353497,4.14885633270321,2.14705222117202,-3.04722589792061,46
2013,22.0197826086957,4.22532608695652,"South. Illinois Bird Obs.",22.6365347353497,4.14885633270321,-0.616752126654063,0.0764697542533082,46
2014,21.986847826087,4.00673913043478,"South. Illinois Bird Obs.",22.6365347353497,4.14885633270321,-0.649686909262758,-0.142117202268431,46
2015,23.13375,5.9445652173913,"South. Illinois Bird Obs.",22.6365347353497,4.14885633270321,0.497215264650283,1.79570888468809,46
2016,23.0689673913043,5.72695652173913,"South. Illinois Bird Obs.",22.6365347353497,4.14885633270321,0.432432655954631,1.57810018903592,46
2017,22.8135326086957,3.44184782608696,"South. Illinois Bird Obs.",22.6365347353497,4.14885633270321,0.176997873345936,-0.707008506616257,46
2018,24.6273369565217,4.36630434782609,"South. Illinois Bird Obs.",22.6365347353497,4.14885633270321,1.99080222117202,0.217448015122873,46
1992,19.870652173913,4.33869565217391,"Sage Point",21.2673853969754,4.52607514177694,-1.39673322306238,-0.187379489603025,46
1993,21.769347826087,2.77173913043478,"Sage Point",21.2673853969754,4.52607514177694,0.501962429111533,-1.75433601134215,46
1994,20.9449456521739,2.84673913043478,"Sage Point",21.2673853969754,4.52607514177694,-0.32243974480151,-1.67933601134215,46
1995,21.4070652173913,4.67695652173913,"Sage Point",21.2673853969754,4.52607514177694,0.139679820415882,0.150881379962193,46
1996,20.9735869565217,5.25163043478261,"Sage Point",21.2673853969754,4.52607514177694,-0.293798440453685,0.725555293005671,46
1997,19.4272826086957,5.89891304347826,"Sage Point",21.2673853969754,4.52607514177694,-1.84010278827977,1.37283790170132,46
1998,21.4039673913043,6.15978260869565,"Sage Point",21.2673853969754,4.52607514177694,0.136581994328925,1.63370746691871,46
1999,22.0257065217391,1.5420652173913,"Sage Point",21.2673853969754,4.52607514177694,0.758321124763707,-2.98400992438563,46
2000,21.0960869565217,3.61010869565217,"Sage Point",21.2673853969754,4.52607514177694,-0.171298440453686,-0.915966446124763,46
2001,21.0607065217391,5.36804347826087,"Sage Point",21.2673853969754,4.52607514177694,-0.206678875236292,0.841968336483932,46
2002,21.4536413043478,4.19369565217391,"Sage Point",21.2673853969754,4.52607514177694,0.186255907372402,-0.332379489603024,46
2003,20.3721739130435,5.28413043478261,"Sage Point",21.2673853969754,4.52607514177694,-0.895211483931945,0.758055293005671,46
2004,21.6907065217391,6.09989130434783,"Sage Point",21.2673853969754,4.52607514177694,0.423321124763707,1.57381616257089,46
2005,21.3651086956522,2.88771739130435,"Sage Point",21.2673853969754,4.52607514177694,0.0977232986767511,-1.63835775047259,46
2006,20.6138043478261,2.8095652173913,"Sage Point",21.2673853969754,4.52607514177694,-0.653581049149338,-1.71650992438563,46
2007,21.8941304347826,3.57065217391304,"Sage Point",21.2673853969754,4.52607514177694,0.626745037807183,-0.955422967863894,46
2008,20.4008695652174,4.09652173913044,"Sage Point",21.2673853969754,4.52607514177694,-0.866515831758033,-0.429553402646502,46
2009,20.3921739130435,5.54217391304348,"Sage Point",21.2673853969754,4.52607514177694,-0.875211483931945,1.01609877126654,46
2010,22.6421739130435,5.89652173913043,"Sage Point",21.2673853969754,4.52607514177694,1.37478851606805,1.3704465973535,46
2011,21.5502717391304,3.95065217391304,"Sage Point",21.2673853969754,4.52607514177694,0.28288634215501,-0.575422967863894,46
2012,22.3633695652174,4.13815217391304,"Sage Point",21.2673853969754,4.52607514177694,1.09598416824197,-0.387922967863894,46
2013,20.6785326086957,5.88336956521739,"Sage Point",21.2673853969754,4.52607514177694,-0.588852788279773,1.35729442344045,46
2014,20.8095652173913,3.78021739130435,"Sage Point",21.2673853969754,4.52607514177694,-0.457820179584118,-0.745857750472589,46
2015,21.8391847826087,6.09641304347826,"Sage Point",21.2673853969754,4.52607514177694,0.571799385633273,1.57033790170132,46
2016,21.2640760869565,5.11554347826087,"Sage Point",21.2673853969754,4.52607514177694,-0.00330931001890278,0.589468336483932,46
2017,21.0063586956522,4.91891304347826,"Sage Point",21.2673853969754,4.52607514177694,-0.261026701323249,0.392837901701323,46
2018,22.9834782608696,6.03695652173913,"Sage Point",21.2673853969754,4.52607514177694,1.71609286389414,1.51088137996219,46
1992,19.3601630434783,2.72163043478261,"Woodcock Lane",21.2570723062382,3.08977788279773,-1.89690926275993,-0.368147448015123,46
1993,21.5685326086957,2.05760869565217,"Woodcock Lane",21.2570723062382,3.08977788279773,0.311460302457466,-1.03216918714556,46
1994,21.1148913043478,3.00391304347826,"Woodcock Lane",21.2570723062382,3.08977788279773,-0.142181001890361,-0.0858648393194708,46
1995,20.9683695652174,3.35021739130435,"Woodcock Lane",21.2570723062382,3.08977788279773,-0.288702741020796,0.260439508506616,46
1996,20.2714130434783,4.54130434782609,"Woodcock Lane",21.2570723062382,3.08977788279773,-0.985659262759924,1.45152646502836,46
1997,20.3675,2.0570652173913,"Woodcock Lane",21.2570723062382,3.08977788279773,-0.889572306238186,-1.03271266540643,46
1998,21.2877173913043,2.25032608695652,"Woodcock Lane",21.2570723062382,3.08977788279773,0.0306450850661619,-0.83945179584121,46
1999,21.530652173913,1.64173913043478,"Woodcock Lane",21.2570723062382,3.08977788279773,0.273579867674858,-1.44803875236295,46
2000,20.8358695652174,4.26163043478261,"Woodcock Lane",21.2570723062382,3.08977788279773,-0.421202741020796,1.17185255198488,46
2001,20.8174456521739,2.85239130434783,"Woodcock Lane",21.2570723062382,3.08977788279773,-0.439626654064273,-0.237386578449906,46
2002,21.3822282608696,2.49358695652174,"Woodcock Lane",21.2570723062382,3.08977788279773,0.125155954631378,-0.596190926275992,46
2003,19.7363043478261,4.0729347826087,"Woodcock Lane",21.2570723062382,3.08977788279773,-1.5207679584121,0.983156899810964,46
2004,21.9558152173913,2.79358695652174,"Woodcock Lane",21.2570723062382,3.08977788279773,0.698742911153118,-0.296190926275993,46
2005,20.5147826086957,3.86554347826087,"Woodcock Lane",21.2570723062382,3.08977788279773,-0.742289697542535,0.775765595463138,46
2006,21.4879891304348,4.08260869565217,"Woodcock Lane",21.2570723062382,3.08977788279773,0.230916824196598,0.992830812854442,46
2007,21.2139673913043,1.44108695652174,"Woodcock Lane",21.2570723062382,3.08977788279773,-0.0431049149338385,-1.64869092627599,46
2008,21.383097826087,2.93989130434783,"Woodcock Lane",21.2570723062382,3.08977788279773,0.126025519848771,-0.149886578449906,46
2009,20.6264130434783,3.73173913043478,"Woodcock Lane",21.2570723062382,3.08977788279773,-0.630659262759924,0.641961247637051,46
2010,22.8291304347826,2.45260869565217,"Woodcock Lane",21.2570723062382,3.08977788279773,1.57205812854442,-0.637169187145558,46
2011,22.7433695652174,2.08695652173913,"Woodcock Lane",21.2570723062382,3.08977788279773,1.48629725897921,-1.0028213610586,46
2012,22.2258152173913,2.82152173913043,"Woodcock Lane",21.2570723062382,3.08977788279773,0.968742911153118,-0.268256143667297,46
2013,21.4169565217391,4.30717391304348,"Woodcock Lane",21.2570723062382,3.08977788279773,0.159884215500945,1.21739603024575,46
2014,20.943152173913,2.47880434782609,"Woodcock Lane",21.2570723062382,3.08977788279773,-0.313920132325144,-0.610973534971645,46
2015,21.9916847826087,3.10902173913043,"Woodcock Lane",21.2570723062382,3.08977788279773,0.734612476370511,0.0192438563327033,46
2016,21.0205434782609,4.30163043478261,"Woodcock Lane",21.2570723062382,3.08977788279773,-0.236528827977317,1.21185255198488,46
2017,21.4072826086957,5.00923913043478,"Woodcock Lane",21.2570723062382,3.08977788279773,0.150210302457467,1.91946124763705,46
2018,22.0828804347826,4.53391304347826,"Woodcock Lane",21.2570723062382,3.08977788279773,0.825808128544423,1.44413516068053,46
1992,18.5542391304348,2.5575,"E.B. Forsythe NWR",20.6730328449905,3.09817344045369,-2.11879371455576,-0.540673440453686,46
1993,20.734347826087,1.55891304347826,"E.B. Forsythe NWR",20.6730328449905,3.09817344045369,0.0613149810964089,-1.53926039697543,46
1994,20.3444565217391,2.4045652173913,"E.B. Forsythe NWR",20.6730328449905,3.09817344045369,-0.328576323251419,-0.693608223062382,46
1995,20.0102173913043,2.53402173913043,"E.B. Forsythe NWR",20.6730328449905,3.09817344045369,-0.6628154536862,-0.564151701323251,46
1996,19.4982065217391,3.31,"E.B. Forsythe NWR",20.6730328449905,3.09817344045369,-1.17482632325142,0.211826559546314,46
1997,19.209347826087,3.31521739130435,"E.B. Forsythe NWR",20.6730328449905,3.09817344045369,-1.46368501890359,0.217043950850662,46
1998,20.5948913043478,3.36967391304348,"E.B. Forsythe NWR",20.6730328449905,3.09817344045369,-0.0781415406427222,0.271500472589792,46
1999,21.0415760869565,1.42934782608696,"E.B. Forsythe NWR",20.6730328449905,3.09817344045369,0.368543241965973,-1.66882561436673,46
2000,20.3107065217391,3.96119565217391,"E.B. Forsythe NWR",20.6730328449905,3.09817344045369,-0.362326323251416,0.863022211720227,46
2001,20.5111956521739,2.31152173913044,"E.B. Forsythe NWR",20.6730328449905,3.09817344045369,-0.161837192816634,-0.786651701323251,46
2002,20.8736413043478,2.34945652173913,"E.B. Forsythe NWR",20.6730328449905,3.09817344045369,0.20060845935728,-0.748716918714555,46
2003,19.2788586956522,3.51891304347826,"E.B. Forsythe NWR",20.6730328449905,3.09817344045369,-1.39417414933837,0.420739603024575,46
2004,21.1885326086957,2.67467391304348,"E.B. Forsythe NWR",20.6730328449905,3.09817344045369,0.515499763705105,-0.423499527410208,46
2005,20.0459239130435,3.24141304347826,"E.B. Forsythe NWR",20.6730328449905,3.09817344045369,-0.62710893194707,0.143239603024575,46
2006,20.9165217391304,3.84847826086957,"E.B. Forsythe NWR",20.6730328449905,3.09817344045369,0.243488894139887,0.750304820415879,46
2007,20.5947826086957,1.93478260869565,"E.B. Forsythe NWR",20.6730328449905,3.09817344045369,-0.0782502362948954,-1.16339083175803,46
2008,20.7782065217391,3.06423913043478,"E.B. Forsythe NWR",20.6730328449905,3.09817344045369,0.105173676748581,-0.0339343100189033,46
2009,19.7714673913043,3.76836956521739,"E.B. Forsythe NWR",20.6730328449905,3.09817344045369,-0.901565453686199,0.670196124763705,46
2010,22.3527173913043,2.2504347826087,"E.B. Forsythe NWR",20.6730328449905,3.09817344045369,1.6796845463138,-0.847738657844991,46
2011,22.1503260869565,2.5245652173913,"E.B. Forsythe NWR",20.6730328449905,3.09817344045369,1.47729324196597,-0.573608223062382,46
2012,21.7553260869565,3.90858695652174,"E.B. Forsythe NWR",20.6730328449905,3.09817344045369,1.08229324196597,0.810413516068053,46
2013,20.7828804347826,4.37728260869565,"E.B. Forsythe NWR",20.6730328449905,3.09817344045369,0.109847589792061,1.27910916824197,46
2014,20.3197282608696,2.63,"E.B. Forsythe NWR",20.6730328449905,3.09817344045369,-0.353304584120984,-0.468173440453686,46
2015,21.3488586956522,4.44260869565217,"E.B. Forsythe NWR",20.6730328449905,3.09817344045369,0.675825850661624,1.34443525519849,46
2016,20.5273369565217,4.70032608695652,"E.B. Forsythe NWR",20.6730328449905,3.09817344045369,-0.145695888468808,1.60215264650284,46
2017,20.7314130434783,5.2404347826087,"E.B. Forsythe NWR",20.6730328449905,3.09817344045369,0.0583801984877113,2.14226134215501,46
2018,21.6007608695652,4.19804347826087,"E.B. Forsythe NWR",20.6730328449905,3.09817344045369,0.92772802457467,1.09987003780718,46
1992,23.7364673913043,3.9175,"North Montgomery County",25.3368643667297,3.82387759924386,-1.60039697542533,0.0936224007561437,46
1993,25.3826630434783,1.89195652173913,"North Montgomery County",25.3368643667297,3.82387759924386,0.0457986767485821,-1.93192107750473,46
1994,24.519347826087,5.0775,"North Montgomery County",25.3368643667297,3.82387759924386,-0.817516540642721,1.25362240075614,46
1995,25.5364130434783,1.76641304347826,"North Montgomery County",25.3368643667297,3.82387759924386,0.199548676748584,-2.0574645557656,46
1996,24.9322282608696,4.15565217391304,"North Montgomery County",25.3368643667297,3.82387759924386,-0.404636105860114,0.331774574669188,46
1997,23.7259239130435,3.49010869565217,"North Montgomery County",25.3368643667297,3.82387759924386,-1.6109404536862,-0.333768903591682,46
1998,26.5489130434783,2.74152173913043,"North Montgomery County",25.3368643667297,3.82387759924386,1.21204867674858,-1.08235586011342,46
1999,24.5989673913043,5.09402173913043,"North Montgomery County",25.3368643667297,3.82387759924386,-0.737896975425329,1.27014413988658,46
2000,26.0002717391304,1.85608695652174,"North Montgomery County",25.3368643667297,3.82387759924386,0.663407372400759,-1.96779064272212,46
2001,24.4691847826087,3.5479347826087,"North Montgomery County",25.3368643667297,3.82387759924386,-0.867679584120982,-0.275942816635161,46
2002,24.9378260869565,2.42304347826087,"North Montgomery County",25.3368643667297,3.82387759924386,-0.399038279773155,-1.40083412098299,46
2003,24.8097282608696,4.44902173913044,"North Montgomery County",25.3368643667297,3.82387759924386,-0.527136105860112,0.625144139886579,46
2004,25.6961413043478,3.78467391304348,"North Montgomery County",25.3368643667297,3.82387759924386,0.359276937618148,-0.039203686200378,46
2005,24.5589130434783,3.80130434782609,"North Montgomery County",25.3368643667297,3.82387759924386,-0.777951323251418,-0.0225732514177692,46
2006,25.6027717391304,2.41032608695652,"North Montgomery County",25.3368643667297,3.82387759924386,0.265907372400758,-1.41355151228733,46
2007,25.4448369565217,1.33369565217391,"North Montgomery County",25.3368643667297,3.82387759924386,0.107972589792062,-2.49018194706994,46
2008,25.3871739130435,3.37586956521739,"North Montgomery County",25.3368643667297,3.82387759924386,0.0503095463138017,-0.448008034026465,46
2009,25.5391304347826,5.59630434782609,"North Montgomery County",25.3368643667297,3.82387759924386,0.202266068052932,1.77242674858223,46
2010,27.0908152173913,3.41847826086957,"North Montgomery County",25.3368643667297,3.82387759924386,1.75395085066163,-0.405399338374291,46
2011,26.1463043478261,2.89902173913043,"North Montgomery County",25.3368643667297,3.82387759924386,0.809439981096411,-0.924855860113421,46
2012,25.67,3.10239130434783,"North Montgomery County",25.3368643667297,3.82387759924386,0.333135633270324,-0.72148629489603,46
2013,24.5814673913043,5.44913043478261,"North Montgomery County",25.3368643667297,3.82387759924386,-0.755396975425331,1.62525283553875,46
2014,25.4326630434783,4.42336956521739,"North Montgomery County",25.3368643667297,3.82387759924386,0.0957986767485828,0.599491965973535,46
2015,26.7134239130435,3.76510869565217,"North Montgomery County",25.3368643667297,3.82387759924386,1.3765595463138,-0.0587689035916825,46
2016,26.6042391304348,2.92521739130435,"North Montgomery County",25.3368643667297,3.82387759924386,1.2673747637051,-0.898660207939508,46
2017,25.7147282608696,7.73945652173913,"North Montgomery County",25.3368643667297,3.82387759924386,0.377863894139889,3.91557892249527,46
2018,26.7541304347826,4.80184782608696,"North Montgomery County",25.3368643667297,3.82387759924386,1.41726606805293,0.9779702268431,46
1992,22.21,2.94521739130435,"Clemson Exp. Forest #A",23.7393620037807,3.45390122873346,-1.52936200378072,-0.508683837429111,46
1993,24.3726630434783,2.15358695652174,"Clemson Exp. Forest #A",23.7393620037807,3.45390122873346,0.633301039697542,-1.30031427221172,46
1994,22.8598369565217,5.18163043478261,"Clemson Exp. Forest #A",23.7393620037807,3.45390122873346,-0.87952504725898,1.72772920604915,46
1995,23.6899456521739,3.31119565217391,"Clemson Exp. Forest #A",23.7393620037807,3.45390122873346,-0.0494163516068049,-0.142705576559546,46
1996,23.5754347826087,3.555,"Clemson Exp. Forest #A",23.7393620037807,3.45390122873346,-0.163927221172024,0.101098771266541,46
1997,21.904402173913,3.30510869565217,"Clemson Exp. Forest #A",23.7393620037807,3.45390122873346,-1.83495982986767,-0.148792533081286,46
1998,24.7307608695652,2.50380434782609,"Clemson Exp. Forest #A",23.7393620037807,3.45390122873346,0.991398865784497,-0.950096880907372,46
1999,23.030652173913,2.69445652173913,"Clemson Exp. Forest #A",23.7393620037807,3.45390122873346,-0.708709829867676,-0.759444706994329,46
2000,24.3172826086957,1.5104347826087,"Clemson Exp. Forest #A",23.7393620037807,3.45390122873346,0.577920604914933,-1.94346644612476,46
2001,23.034347826087,3.84565217391304,"Clemson Exp. Forest #A",23.7393620037807,3.45390122873346,-0.705014177693762,0.391750945179584,46
2002,23.6052173913043,1.84097826086957,"Clemson Exp. Forest #A",23.7393620037807,3.45390122873346,-0.134144612476373,-1.61292296786389,46
2003,22.6297826086957,6.13021739130435,"Clemson Exp. Forest #A",23.7393620037807,3.45390122873346,-1.10957939508507,2.67631616257089,46
2004,24.1565217391304,3.85,"Clemson Exp. Forest #A",23.7393620037807,3.45390122873346,0.417159735349713,0.396098771266541,46
2005,22.72125,6.50184782608696,"Clemson Exp. Forest #A",23.7393620037807,3.45390122873346,-1.01811200378072,3.0479465973535,46
2006,23.5133695652174,2.76586956521739,"Clemson Exp. Forest #A",23.7393620037807,3.45390122873346,-0.225992438563328,-0.688031663516068,46
2007,23.4232065217391,2.39771739130435,"Clemson Exp. Forest #A",23.7393620037807,3.45390122873346,-0.316155482041591,-1.05618383742911,46
2008,23.881847826087,1.38152173913043,"Clemson Exp. Forest #A",23.7393620037807,3.45390122873346,0.142485822306238,-2.07237948960302,46
2009,23.9552173913043,2.87086956521739,"Clemson Exp. Forest #A",23.7393620037807,3.45390122873346,0.215855387523629,-0.583031663516068,46
2010,25.5829891304348,3.45130434782609,"Clemson Exp. Forest #A",23.7393620037807,3.45390122873346,1.84362712665406,-0.00259688090737242,46
2011,25.2102717391304,2.22652173913043,"Clemson Exp. Forest #A",23.7393620037807,3.45390122873346,1.47090973534971,-1.22737948960302,46
2012,24.6240760869565,4.40510869565217,"Clemson Exp. Forest #A",23.7393620037807,3.45390122873346,0.884714083175801,0.951207466918715,46
2013,22.9733152173913,8.90065217391304,"Clemson Exp. Forest #A",23.7393620037807,3.45390122873346,-0.766046786389417,5.44675094517958,46
2014,23.768152173913,3.2479347826087,"Clemson Exp. Forest #A",23.7393620037807,3.45390122873346,0.028790170132325,-0.205966446124764,46
2015,24.9542934782609,2.87902173913043,"Clemson Exp. Forest #A",23.7393620037807,3.45390122873346,1.21493147448015,-0.574879489603024,46
2016,25.0316304347826,2.24989130434783,"Clemson Exp. Forest #A",23.7393620037807,3.45390122873346,1.29226843100189,-1.20400992438563,46
2017,23.8842934782609,4.4175,"Clemson Exp. Forest #A",23.7393620037807,3.45390122873346,0.144931474480149,0.963598771266541,46
2018,24.7380434782609,4.4295652173913,"Clemson Exp. Forest #A",23.7393620037807,3.45390122873346,0.998681474480151,0.975663988657845,46
1992,21.3032608695652,4.69641304347826,"Foxsparrow Farms",22.675354442344,4.50825141776938,-1.37209357277883,0.188161625708885,46
1993,22.841847826087,2.66391304347826,"Foxsparrow Farms",22.675354442344,4.50825141776938,0.16649338374291,-1.84433837429112,46
1994,21.540652173913,6.4745652173913,"Foxsparrow Farms",22.675354442344,4.50825141776938,-1.134702268431,1.96631379962193,46
1995,22.6410326086957,2.54945652173913,"Foxsparrow Farms",22.675354442344,4.50825141776938,-0.0343218336483915,-1.95879489603025,46
1996,22.7458152173913,4.48228260869565,"Foxsparrow Farms",22.675354442344,4.50825141776938,0.070460775047259,-0.0259688090737242,46
1997,21.0053260869565,7.03195652173913,"Foxsparrow Farms",22.675354442344,4.50825141776938,-1.67002835538752,2.52370510396975,46
1998,23.9044565217391,3.62336956521739,"Foxsparrow Farms",22.675354442344,4.50825141776938,1.22910207939509,-0.884881852551985,46
1999,22.4508695652174,5.50565217391304,"Foxsparrow Farms",22.675354442344,4.50825141776938,-0.224484877126653,0.997400756143668,46
2000,23.781902173913,2.20771739130435,"Foxsparrow Farms",22.675354442344,4.50825141776938,1.106547731569,-2.30053402646503,46
2001,22.8183695652174,4.77402173913043,"Foxsparrow Farms",22.675354442344,4.50825141776938,0.143015122873347,0.265770321361058,46
2002,22.8873913043478,5.40130434782609,"Foxsparrow Farms",22.675354442344,4.50825141776938,0.212036862003782,0.893052930056711,46
2003,22.2354891304348,6.69228260869565,"Foxsparrow Farms",22.675354442344,4.50825141776938,-0.439865311909262,2.18403119092628,46
2004,22.7345652173913,5.40532608695652,"Foxsparrow Farms",22.675354442344,4.50825141776938,0.0592107750472586,0.897074669187146,46
2005,21.9366847826087,6.5329347826087,"Foxsparrow Farms",22.675354442344,4.50825141776938,-0.738669659735351,2.02468336483932,46
2006,23.0827717391304,2.26619565217391,"Foxsparrow Farms",22.675354442344,4.50825141776938,0.407417296786392,-2.24205576559546,46
2007,23.08,2.75358695652174,"Foxsparrow Farms",22.675354442344,4.50825141776938,0.404645557655954,-1.75466446124764,46
2008,22.7014130434783,4.14913043478261,"Foxsparrow Farms",22.675354442344,4.50825141776938,0.026058601134217,-0.359120982986767,46
2009,22.5298369565217,5.65315217391304,"Foxsparrow Farms",22.675354442344,4.50825141776938,-0.145517485822307,1.14490075614367,46
2010,24.199402173913,4.24521739130435,"Foxsparrow Farms",22.675354442344,4.50825141776938,1.524047731569,-0.263034026465028,46
2011,23.3079891304348,3.82,"Foxsparrow Farms",22.675354442344,4.50825141776938,0.632634688090739,-0.688251417769376,46
2012,23.9370108695652,5.07467391304348,"Foxsparrow Farms",22.675354442344,4.50825141776938,1.26165642722117,0.566422495274102,46
2013,21.9667391304348,7.3479347826087,"Foxsparrow Farms",22.675354442344,4.50825141776938,-0.708615311909263,2.83968336483932,46
2014,23.4180434782609,3.75260869565217,"Foxsparrow Farms",22.675354442344,4.50825141776938,0.742689035916825,-0.755642722117202,46
2015,23.9578260869565,2.85891304347826,"Foxsparrow Farms",22.675354442344,4.50825141776938,1.28247164461248,-1.64933837429112,46
2016,23.961847826087,3.8795652173913,"Foxsparrow Farms",22.675354442344,4.50825141776938,1.28649338374291,-0.628686200378072,46
2017,21.96,6.60684782608696,"Foxsparrow Farms",22.675354442344,4.50825141776938,-0.715354442344044,2.09859640831758,46
2018,23.2383695652174,3.62326086956522,"Foxsparrow Farms",22.675354442344,4.50825141776938,0.563015122873345,-0.884990548204159,46
1992,22.0333152173913,4.42228260869565,"Cahaba Mountain",23.5284428166352,4.61596172022684,-1.49512759924385,-0.193679111531191,46
1993,23.5536413043478,2.89521739130435,"Cahaba Mountain",23.5284428166352,4.61596172022684,0.0251984877126681,-1.7207443289225,46
1994,22.3615217391304,6.73728260869565,"Cahaba Mountain",23.5284428166352,4.61596172022684,-1.16692107750472,2.12132088846881,46
1995,23.3129347826087,2.60489130434783,"Cahaba Mountain",23.5284428166352,4.61596172022684,-0.215508034026463,-2.01107041587902,46
1996,23.4364130434783,5.05282608695652,"Cahaba Mountain",23.5284428166352,4.61596172022684,-0.0920297731568986,0.436864366729679,46
1997,21.705652173913,7.49358695652174,"Cahaba Mountain",23.5284428166352,4.61596172022684,-1.82279064272211,2.8776252362949,46
1998,24.6227173913043,4.96554347826087,"Cahaba Mountain",23.5284428166352,4.61596172022684,1.09427457466919,0.349581758034026,46
1999,23.2721195652174,6.51597826086957,"Cahaba Mountain",23.5284428166352,4.61596172022684,-0.256323251417768,1.90001654064272,46
2000,24.5965760869565,2.31673913043478,"Cahaba Mountain",23.5284428166352,4.61596172022684,1.06813327032136,-2.29922258979206,46
2001,23.4263586956522,5.16782608695652,"Cahaba Mountain",23.5284428166352,4.61596172022684,-0.102084120982987,0.551864366729679,46
2002,23.5900543478261,5.34869565217391,"Cahaba Mountain",23.5284428166352,4.61596172022684,0.0616115311909269,0.73273393194707,46
2003,22.9532608695652,7.94826086956522,"Cahaba Mountain",23.5284428166352,4.61596172022684,-0.575181947069943,3.33229914933837,46
2004,23.5796739130435,5.3795652173913,"Cahaba Mountain",23.5284428166352,4.61596172022684,0.0512310964083191,0.763603497164461,46
2005,22.9036413043478,5.55695652173913,"Cahaba Mountain",23.5284428166352,4.61596172022684,-0.624801512287334,0.940994801512288,46
2006,23.99875,2.73739130434783,"Cahaba Mountain",23.5284428166352,4.61596172022684,0.470307183364842,-1.87857041587902,46
2007,24.1489673913043,2.09032608695652,"Cahaba Mountain",23.5284428166352,4.61596172022684,0.620524574669187,-2.52563563327032,46
2008,23.5979891304348,4.70934782608696,"Cahaba Mountain",23.5284428166352,4.61596172022684,0.0695463137996235,0.0933861058601133,46
2009,23.3554891304348,5.30804347826087,"Cahaba Mountain",23.5284428166352,4.61596172022684,-0.172953686200376,0.692081758034027,46
2010,25.1854347826087,4.17869565217391,"Cahaba Mountain",23.5284428166352,4.61596172022684,1.65699196597354,-0.43726606805293,46
2011,24.3265760869565,3.88782608695652,"Cahaba Mountain",23.5284428166352,4.61596172022684,0.798133270321362,-0.728135633270321,46
2012,24.7571195652174,4.53945652173913,"Cahaba Mountain",23.5284428166352,4.61596172022684,1.22867674858223,-0.0765051984877125,46
2013,22.6720652173913,8.005,"Cahaba Mountain",23.5284428166352,4.61596172022684,-0.856377599243856,3.38903827977316,46
2014,23.793097826087,2.85945652173913,"Cahaba Mountain",23.5284428166352,4.61596172022684,0.264655009451797,-1.75650519848771,46
2015,24.705597826087,3.19826086956522,"Cahaba Mountain",23.5284428166352,4.61596172022684,1.1771550094518,-1.41770085066163,46
2016,24.6755434782609,2.65326086956522,"Cahaba Mountain",23.5284428166352,4.61596172022684,1.14710066162571,-1.96270085066163,46
2017,23.2526086956522,6.8425,"Cahaba Mountain",23.5284428166352,4.61596172022684,-0.275834120982985,2.22653827977316,46
2018,24.6654347826087,3.90402173913043,"Cahaba Mountain",23.5284428166352,4.61596172022684,1.13699196597354,-0.711939981096408,46
1992,22.4464130434783,3.37315217391304,"Clark's River NWR #1",23.4898369565217,4.05430529300567,-1.04342391304348,-0.681153119092627,46
1993,23.9582608695652,2.88576086956522,"Clark's River NWR #1",23.4898369565217,4.05430529300567,0.46842391304348,-1.16854442344045,46
1994,22.8441304347826,2.30489130434783,"Clark's River NWR #1",23.4898369565217,4.05430529300567,-0.645706521739129,-1.74941398865784,46
1995,22.8761956521739,5.1079347826087,"Clark's River NWR #1",23.4898369565217,4.05430529300567,-0.613641304347826,1.05362948960302,46
1996,22.9546195652174,5.10923913043478,"Clark's River NWR #1",23.4898369565217,4.05430529300567,-0.535217391304347,1.05493383742911,46
1997,22.036902173913,4.17141304347826,"Clark's River NWR #1",23.4898369565217,4.05430529300567,-1.4529347826087,0.117107750472591,46
1998,24.4739130434783,6.78728260869565,"Clark's River NWR #1",23.4898369565217,4.05430529300567,0.984076086956524,2.73297731568998,46
1999,24.0954891304348,3.63402173913043,"Clark's River NWR #1",23.4898369565217,4.05430529300567,0.605652173913043,-0.420283553875236,46
2000,23.2016304347826,4.50630434782609,"Clark's River NWR #1",23.4898369565217,4.05430529300567,-0.288206521739131,0.451999054820416,46
2001,23.47375,3.89739130434783,"Clark's River NWR #1",23.4898369565217,4.05430529300567,-0.0160869565217396,-0.156913988657845,46
2002,23.8304891304348,4.23967391304348,"Clark's River NWR #1",23.4898369565217,4.05430529300567,0.340652173913043,0.185368620037807,46
2003,22.5069565217391,4.68467391304348,"Clark's River NWR #1",23.4898369565217,4.05430529300567,-0.982880434782608,0.630368620037808,46
2004,23.6288586956522,3.71684782608696,"Clark's River NWR #1",23.4898369565217,4.05430529300567,0.139021739130435,-0.337457466918714,46
2005,23.23375,3.20586956521739,"Clark's River NWR #1",23.4898369565217,4.05430529300567,-0.256086956521738,-0.848435727788279,46
2006,23.1309239130435,5.42228260869565,"Clark's River NWR #1",23.4898369565217,4.05430529300567,-0.35891304347826,1.36797731568998,46
2007,23.7549456521739,2.46184782608696,"Clark's River NWR #1",23.4898369565217,4.05430529300567,0.265108695652174,-1.59245746691871,46
2008,22.8798913043478,3.8,"Clark's River NWR #1",23.4898369565217,4.05430529300567,-0.609945652173913,-0.254305293005671,46
2009,22.7835869565217,5.29880434782609,"Clark's River NWR #1",23.4898369565217,4.05430529300567,-0.706250000000001,1.24449905482042,46
2010,25.1280434782609,3.29597826086957,"Clark's River NWR #1",23.4898369565217,4.05430529300567,1.63820652173913,-0.758327032136105,46
2011,24.2353804347826,5.00554347826087,"Clark's River NWR #1",23.4898369565217,4.05430529300567,0.745543478260871,0.951238185255199,46
2012,24.9877173913043,1.55467391304348,"Clark's River NWR #1",23.4898369565217,4.05430529300567,1.49788043478261,-2.49963137996219,46
2013,22.4079891304348,5.11119565217391,"Clark's River NWR #1",23.4898369565217,4.05430529300567,-1.08184782608696,1.05689035916824,46
2014,22.8847282608696,3.25239130434783,"Clark's River NWR #1",23.4898369565217,4.05430529300567,-0.605108695652174,-0.801913988657845,46
2015,23.86125,5.23902173913044,"Clark's River NWR #1",23.4898369565217,4.05430529300567,0.37141304347826,1.18471644612476,46
2016,23.6052173913043,6.28597826086957,"Clark's River NWR #1",23.4898369565217,4.05430529300567,0.115380434782608,2.23167296786389,46
2017,23.4035869565217,3.98467391304348,"Clark's River NWR #1",23.4898369565217,4.05430529300567,-0.0862499999999997,-0.0696313799621926,46
2018,25.4510326086957,3.94836956521739,"Clark's River NWR #1",23.4898369565217,4.05430529300567,1.96119565217391,-0.10593572778828,46
1992,20.5826630434783,2.89532608695652,"Powhatan",22.2169198960302,3.45038516068053,-1.63425685255199,-0.555059073724007,46
1993,22.8994565217391,2.40836956521739,"Powhatan",22.2169198960302,3.45038516068053,0.682536625708885,-1.04201559546314,46
1994,21.8860326086957,3.41358695652174,"Powhatan",22.2169198960302,3.45038516068053,-0.33088728733459,-0.03679820415879,46
1995,21.8439130434783,4.9154347826087,"Powhatan",22.2169198960302,3.45038516068053,-0.373006852551985,1.46504962192817,46
1996,21.7122282608696,3.56467391304348,"Powhatan",22.2169198960302,3.45038516068053,-0.504691635160679,0.114288752362949,46
1997,20.5842934782609,2.47065217391304,"Powhatan",22.2169198960302,3.45038516068053,-1.63262641776938,-0.979732986767486,46
1998,22.473152173913,2.39152173913043,"Powhatan",22.2169198960302,3.45038516068053,0.256232277882798,-1.05886342155009,46
1999,22.2575,2.23923913043478,"Powhatan",22.2169198960302,3.45038516068053,0.0405801039697558,-1.21114603024575,46
2000,22.0529891304348,3.85847826086957,"Powhatan",22.2169198960302,3.45038516068053,-0.163930765595463,0.408093100189036,46
2001,21.1792934782609,3.32108695652174,"Powhatan",22.2169198960302,3.45038516068053,-1.03762641776937,-0.12929820415879,46
2002,22.6198369565217,2.33608695652174,"Powhatan",22.2169198960302,3.45038516068053,0.402917060491493,-1.11429820415879,46
2003,20.9954347826087,5.94760869565217,"Powhatan",22.2169198960302,3.45038516068053,-1.22148511342155,2.49722353497164,46
2004,22.5516847826087,4.96380434782609,"Powhatan",22.2169198960302,3.45038516068053,0.334764886578451,1.51341918714556,46
2005,21.784347826087,2.77913043478261,"Powhatan",22.2169198960302,3.45038516068053,-0.432572069943287,-0.671254725897921,46
2006,21.47375,3.29423913043478,"Powhatan",22.2169198960302,3.45038516068053,-0.743169896030246,-0.156146030245746,46
2007,21.7494565217391,3.07554347826087,"Powhatan",22.2169198960302,3.45038516068053,-0.467463374291114,-0.374841682419659,46
2008,22.1566304347826,2.66,"Powhatan",22.2169198960302,3.45038516068053,-0.0602894612476348,-0.790385160680529,46
2009,21.4084782608696,3.7579347826087,"Powhatan",22.2169198960302,3.45038516068053,-0.80844163516068,0.307549621928167,46
2010,23.87375,1.9275,"Powhatan",22.2169198960302,3.45038516068053,1.65683010396976,-1.52288516068053,46
2011,23.1609782608696,3.57358695652174,"Powhatan",22.2169198960302,3.45038516068053,0.944058364839321,0.12320179584121,46
2012,23.225652173913,3.09717391304348,"Powhatan",22.2169198960302,3.45038516068053,1.0087322778828,-0.353211247637051,46
2013,22.1553804347826,5.61934782608696,"Powhatan",22.2169198960302,3.45038516068053,-0.0615394612476372,2.16896266540643,46
2014,22.3720108695652,3.28358695652174,"Powhatan",22.2169198960302,3.45038516068053,0.155090973534971,-0.16679820415879,46
2015,23.0597826086957,3.92402173913043,"Powhatan",22.2169198960302,3.45038516068053,0.842862712665408,0.473636578449906,46
2016,21.9229347826087,4.95054347826087,"Powhatan",22.2169198960302,3.45038516068053,-0.293985113421549,1.50015831758034,46
2017,22.2667391304348,3.2279347826087,"Powhatan",22.2169198960302,3.45038516068053,0.0498192344045378,-0.222450378071834,46
2018,23.3407608695652,4.75771739130435,"Powhatan",22.2169198960302,3.45038516068053,1.12384097353497,1.30733223062382,46
1992,19.4371739130435,5.43260869565217,"Area 03",21.1092414933837,4.08368856332703,-1.67206758034026,1.34892013232514,46
1993,21.2048369565217,3.02489130434783,"Area 03",21.1092414933837,4.08368856332703,0.0955954631379967,-1.05879725897921,46
1994,20.5603260869565,2.75054347826087,"Area 03",21.1092414933837,4.08368856332703,-0.54891540642722,-1.33314508506616,46
1995,20.9795652173913,4.93315217391304,"Area 03",21.1092414933837,4.08368856332703,-0.129676275992438,0.849463610586012,46
1996,20.2034782608696,5.2579347826087,"Area 03",21.1092414933837,4.08368856332703,-0.905763232514175,1.17424621928166,46
1997,19.4027717391304,5.33934782608696,"Area 03",21.1092414933837,4.08368856332703,-1.70646975425331,1.25565926275992,46
1998,21.4750543478261,5.75663043478261,"Area 03",21.1092414933837,4.08368856332703,0.365812854442346,1.67294187145558,46
1999,22.0836956521739,2.67630434782609,"Area 03",21.1092414933837,4.08368856332703,0.97445415879017,-1.40738421550094,46
2000,20.9596195652174,4.3154347826087,"Area 03",21.1092414933837,4.08368856332703,-0.149621928166351,0.231746219281664,46
2001,20.8167934782609,4.54619565217391,"Area 03",21.1092414933837,4.08368856332703,-0.292448015122872,0.462507088846881,46
2002,21.131847826087,4.78891304347826,"Area 03",21.1092414933837,4.08368856332703,0.0226063327032158,0.705224480151229,46
2003,19.9015217391304,5.39282608695652,"Area 03",21.1092414933837,4.08368856332703,-1.20771975425331,1.30913752362949,46
2004,21.3474456521739,5.10336956521739,"Area 03",21.1092414933837,4.08368856332703,0.238204158790172,1.01968100189036,46
2005,20.9277717391304,2.77826086956522,"Area 03",21.1092414933837,4.08368856332703,-0.181469754253307,-1.30542769376181,46
2006,20.3202173913043,4.07141304347826,"Area 03",21.1092414933837,4.08368856332703,-0.789024102079395,-0.012275519848771,46
2007,21.2533152173913,2.85152173913043,"Area 03",21.1092414933837,4.08368856332703,0.144073724007562,-1.2321668241966,46
2008,20.0460326086957,5.91315217391304,"Area 03",21.1092414933837,4.08368856332703,-1.06320888468809,1.82946361058601,46
2009,20.3064673913043,4.78434782608696,"Area 03",21.1092414933837,4.08368856332703,-0.802774102079393,0.700659262759925,46
2010,22.3853260869565,4.48413043478261,"Area 03",21.1092414933837,4.08368856332703,1.27608459357278,0.400441871455577,46
2011,21.9841847826087,3.67923913043478,"Area 03",21.1092414933837,4.08368856332703,0.874943289224955,-0.404449432892249,46
2012,22.8188043478261,2.07576086956522,"Area 03",21.1092414933837,4.08368856332703,1.70956285444235,-2.00792769376181,46
2013,21.1071739130435,4.08489130434783,"Area 03",21.1092414933837,4.08368856332703,-0.00206758034026322,0.00120274102079421,46
2014,20.8160326086957,4.44630434782609,"Area 03",21.1092414933837,4.08368856332703,-0.293208884688092,0.362615784499055,46
2015,21.7082065217391,5.33576086956522,"Area 03",21.1092414933837,4.08368856332703,0.598965028355387,1.25207230623819,46
2016,21.07625,3.83869565217391,"Area 03",21.1092414933837,4.08368856332703,-0.0329914933837401,-0.244992911153119,46
2017,20.8090217391304,4.67510869565217,"Area 03",21.1092414933837,4.08368856332703,-0.300219754253305,0.591420132325142,46
2018,22.9297282608696,4.38108695652174,"Area 03",21.1092414933837,4.08368856332703,1.82048676748582,0.297398393194707,46
1992,19.81125,4.42782608695652,"Natural Bridge",21.2031403591682,4.61834357277883,-1.39189035916824,-0.190517485822307,46
1993,21.5471739130435,3.00576086956522,"Natural Bridge",21.2031403591682,4.61834357277883,0.344033553875239,-1.61258270321361,46
1994,20.6738586956522,3.23989130434783,"Natural Bridge",21.2031403591682,4.61834357277883,-0.529281663516066,-1.378452268431,46
1995,21.1457608695652,4.71847826086957,"Natural Bridge",21.2031403591682,4.61834357277883,-0.0573794896030222,0.100134688090737,46
1996,21.0158695652174,5.96358695652174,"Natural Bridge",21.2031403591682,4.61834357277883,-0.187270793950852,1.34524338374291,46
1997,19.3913043478261,5.31739130434783,"Natural Bridge",21.2031403591682,4.61834357277883,-1.81183601134216,0.699047731568998,46
1998,21.4047282608696,5.50184782608696,"Natural Bridge",21.2031403591682,4.61834357277883,0.201587901701323,0.883504253308129,46
1999,21.945597826087,2.18021739130435,"Natural Bridge",21.2031403591682,4.61834357277883,0.742457466918715,-2.43812618147448,46
2000,21.1804891304348,4.63902173913043,"Natural Bridge",21.2031403591682,4.61834357277883,-0.0226512287334586,0.0206781663516065,46
2001,20.9464673913043,5.93978260869565,"Natural Bridge",21.2031403591682,4.61834357277883,-0.256672967863892,1.32143903591682,46
2002,21.3267934782609,4.46434782608696,"Natural Bridge",21.2031403591682,4.61834357277883,0.12365311909263,-0.153995746691872,46
2003,20.2575,6.40771739130435,"Natural Bridge",21.2031403591682,4.61834357277883,-0.945640359168241,1.78937381852552,46
2004,21.6022282608696,6.65304347826087,"Natural Bridge",21.2031403591682,4.61834357277883,0.399087901701325,2.03469990548204,46
2005,21.2763586956522,2.9825,"Natural Bridge",21.2031403591682,4.61834357277883,0.0732183364839329,-1.63584357277883,46
2006,20.6109782608696,3.51097826086957,"Natural Bridge",21.2031403591682,4.61834357277883,-0.592162098298676,-1.10736531190926,46
2007,21.8095108695652,3.34413043478261,"Natural Bridge",21.2031403591682,4.61834357277883,0.606370510396978,-1.27421313799622,46
2008,20.3405434782609,3.59923913043478,"Natural Bridge",21.2031403591682,4.61834357277883,-0.862596880907372,-1.01910444234405,46
2009,20.3736413043478,5.29467391304348,"Natural Bridge",21.2031403591682,4.61834357277883,-0.829499054820417,0.67633034026465,46
2010,22.5132608695652,5.34434782608696,"Natural Bridge",21.2031403591682,4.61834357277883,1.31012051039698,0.726004253308128,46
2011,21.5498913043478,4.52923913043478,"Natural Bridge",21.2031403591682,4.61834357277883,0.346750945179586,-0.0891044423440457,46
2012,22.3259239130435,3.85391304347826,"Natural Bridge",21.2031403591682,4.61834357277883,1.12278355387524,-0.764430529300567,46
2013,20.5391847826087,5.84152173913043,"Natural Bridge",21.2031403591682,4.61834357277883,-0.663955576559545,1.22317816635161,46
2014,20.8079347826087,3.68804347826087,"Natural Bridge",21.2031403591682,4.61834357277883,-0.395205576559544,-0.930300094517959,46
2015,21.9015217391304,6.07858695652174,"Natural Bridge",21.2031403591682,4.61834357277883,0.698381379962193,1.46024338374291,46
2016,21.2698369565217,5.23847826086956,"Natural Bridge",21.2031403591682,4.61834357277883,0.0666965973534985,0.620134688090737,46
2017,20.9780434782609,5.0995652173913,"Natural Bridge",21.2031403591682,4.61834357277883,-0.225096880907373,0.481221644612476,46
2018,23.0048913043478,5.81184782608696,"Natural Bridge",21.2031403591682,4.61834357277883,1.80175094517958,1.19350425330813,46
1992,20.7916847826087,4.99467391304348,"Dennison Ferry",22.439375,4.20470935727788,-1.6476902173913,0.789964555765595,46
1993,22.5704347826087,2.62695652173913,"Dennison Ferry",22.439375,4.20470935727788,0.131059782608698,-1.57775283553875,46
1994,21.7790217391304,3.28032608695652,"Dennison Ferry",22.439375,4.20470935727788,-0.660353260869563,-0.924383270321361,46
1995,22.3451086956522,5.01989130434783,"Dennison Ferry",22.439375,4.20470935727788,-0.0942663043478227,0.815181947069943,46
1996,22.3342391304348,5.36673913043478,"Dennison Ferry",22.439375,4.20470935727788,-0.105135869565217,1.1620297731569,46
1997,20.9130434782609,4.24260869565217,"Dennison Ferry",22.439375,4.20470935727788,-1.52633152173913,0.0378993383742907,46
1998,23.2825543478261,4.09413043478261,"Dennison Ferry",22.439375,4.20470935727788,0.843179347826087,-0.110578922495274,46
1999,23.2128260869565,2.45184782608696,"Dennison Ferry",22.439375,4.20470935727788,0.773451086956523,-1.75286153119093,46
2000,22.5802717391304,3.21532608695652,"Dennison Ferry",22.439375,4.20470935727788,0.140896739130437,-0.989383270321361,46
2001,22.3784782608696,3.70717391304348,"Dennison Ferry",22.439375,4.20470935727788,-0.0608967391304347,-0.497535444234405,46
2002,22.7392934782609,4.09663043478261,"Dennison Ferry",22.439375,4.20470935727788,0.299918478260871,-0.108078922495275,46
2003,21.3439673913043,5.5804347826087,"Dennison Ferry",22.439375,4.20470935727788,-1.09540760869565,1.37572542533081,46
2004,22.8047282608696,6.6629347826087,"Dennison Ferry",22.439375,4.20470935727788,0.365353260869568,2.45822542533081,46
2005,22.2894565217391,2.32923913043478,"Dennison Ferry",22.439375,4.20470935727788,-0.149918478260869,-1.8754702268431,46
2006,21.7503260869565,3.92304347826087,"Dennison Ferry",22.439375,4.20470935727788,-0.689048913043475,-0.281665879017013,46
2007,22.9102717391304,2.59619565217391,"Dennison Ferry",22.439375,4.20470935727788,0.470896739130435,-1.60851370510397,46
2008,21.9516304347826,3.48782608695652,"Dennison Ferry",22.439375,4.20470935727788,-0.48774456521739,-0.716883270321361,46
2009,21.889402173913,5.85054347826087,"Dennison Ferry",22.439375,4.20470935727788,-0.549972826086954,1.64583412098299,46
2010,24.0901630434783,6.05,"Dennison Ferry",22.439375,4.20470935727788,1.65078804347826,1.84529064272212,46
2011,23.1567391304348,4.47423913043478,"Dennison Ferry",22.439375,4.20470935727788,0.717364130434785,0.2695297731569,46
2012,24.0688586956522,3.6920652173913,"Dennison Ferry",22.439375,4.20470935727788,1.62948369565218,-0.512644139886579,46
2013,21.969402173913,4.93097826086957,"Dennison Ferry",22.439375,4.20470935727788,-0.469972826086956,0.726268903591683,46
2014,22.0370108695652,2.45739130434783,"Dennison Ferry",22.439375,4.20470935727788,-0.40236413043478,-1.74731805293006,46
2015,23.0461413043478,4.40021739130435,"Dennison Ferry",22.439375,4.20470935727788,0.606766304347829,0.195508034026465,46
2016,22.3900543478261,6.87641304347826,"Dennison Ferry",22.439375,4.20470935727788,-0.0493206521739111,2.67170368620038,46
2017,22.0941304347826,3.84804347826087,"Dennison Ferry",22.439375,4.20470935727788,-0.345244565217389,-0.356665879017013,46
2018,24.0942391304348,4.37282608695652,"Dennison Ferry",22.439375,4.20470935727788,1.65486413043478,0.168116729678639,46
1992,21.8815760869565,3.29630434782609,"Long Branch",23.4377445652174,3.78382088846881,-1.55616847826087,-0.487516540642722,46
1993,23.986902173913,2.69271739130435,"Long Branch",23.4377445652174,3.78382088846881,0.549157608695651,-1.09110349716446,46
1994,22.5266847826087,4.98326086956522,"Long Branch",23.4377445652174,3.78382088846881,-0.911059782608696,1.19943998109641,46
1995,23.2998913043478,3.38054347826087,"Long Branch",23.4377445652174,3.78382088846881,-0.137853260869566,-0.40327741020794,46
1996,23.1238586956522,3.44076086956522,"Long Branch",23.4377445652174,3.78382088846881,-0.313885869565219,-0.343060018903592,46
1997,21.4652717391304,4.30586956521739,"Long Branch",23.4377445652174,3.78382088846881,-1.97247282608696,0.522048676748582,46
1998,24.2478260869565,3.16739130434783,"Long Branch",23.4377445652174,3.78382088846881,0.810081521739129,-0.616429584120983,46
1999,22.6786956521739,2.72978260869565,"Long Branch",23.4377445652174,3.78382088846881,-0.759048913043479,-1.05403827977316,46
2000,23.9428804347826,2.60902173913043,"Long Branch",23.4377445652174,3.78382088846881,0.505135869565216,-1.17479914933837,46
2001,22.7792391304348,4.31673913043478,"Long Branch",23.4377445652174,3.78382088846881,-0.658505434782612,0.532918241965974,46
2002,23.1541847826087,3.12108695652174,"Long Branch",23.4377445652174,3.78382088846881,-0.283559782608698,-0.66273393194707,46
2003,22.3303804347826,6.42510869565217,"Long Branch",23.4377445652174,3.78382088846881,-1.10736413043479,2.64128780718336,46
2004,23.6672826086957,4.85923913043478,"Long Branch",23.4377445652174,3.78382088846881,0.229538043478261,1.07541824196597,46
2005,22.4757065217391,6.75619565217391,"Long Branch",23.4377445652174,3.78382088846881,-0.962038043478262,2.9723747637051,46
2006,23.1105434782609,3.31119565217391,"Long Branch",23.4377445652174,3.78382088846881,-0.327201086956524,-0.472625236294896,46
2007,22.9400543478261,2.90228260869565,"Long Branch",23.4377445652174,3.78382088846881,-0.497690217391305,-0.881538279773157,46
2008,23.5776630434783,1.26771739130435,"Long Branch",23.4377445652174,3.78382088846881,0.139918478260867,-2.51610349716446,46
2009,23.3438043478261,4.06565217391304,"Long Branch",23.4377445652174,3.78382088846881,-0.0939402173913066,0.281831285444234,46
2010,25.1158695652174,3.14,"Long Branch",23.4377445652174,3.78382088846881,1.678125,-0.643820888468809,46
2011,24.536902173913,2.90402173913043,"Long Branch",23.4377445652174,3.78382088846881,1.09915760869565,-0.879799149338374,46
2012,24.0466304347826,3.79054347826087,"Long Branch",23.4377445652174,3.78382088846881,0.608885869565217,0.00672258979206042,46
2013,22.5864673913043,6.98478260869565,"Long Branch",23.4377445652174,3.78382088846881,-0.851277173913044,3.20096172022684,46
2014,23.2430434782609,4.44586956521739,"Long Branch",23.4377445652174,3.78382088846881,-0.194701086956524,0.662048676748582,46
2015,24.8067934782609,2.85652173913043,"Long Branch",23.4377445652174,3.78382088846881,1.36904891304347,-0.927299149338374,46
2016,24.6339673913043,2.54826086956522,"Long Branch",23.4377445652174,3.78382088846881,1.19622282608696,-1.23556001890359,46
2017,23.680652173913,4.48467391304348,"Long Branch",23.4377445652174,3.78382088846881,0.242907608695649,0.700853024574669,46
2018,24.6991304347826,5.36728260869565,"Long Branch",23.4377445652174,3.78382088846881,1.26138586956522,1.58346172022684,46
1992,19.5073369565217,4.98619565217391,"Area 46",21.0466587901701,4.23752126654064,-1.53932183364839,0.74867438563327,46
1993,21.1672282608696,3.28021739130435,"Area 46",21.0466587901701,4.23752126654064,0.120569470699433,-0.957303875236295,46
1994,20.4266847826087,2.71945652173913,"Area 46",21.0466587901701,4.23752126654064,-0.619974007561435,-1.51806474480151,46
1995,20.8984239130435,5.28413043478261,"Area 46",21.0466587901701,4.23752126654064,-0.148234877126654,1.04660916824197,46
1996,20.1901630434783,6.58076086956522,"Area 46",21.0466587901701,4.23752126654064,-0.85649574669187,2.34323960302457,46
1997,19.2988043478261,5.88076086956522,"Area 46",21.0466587901701,4.23752126654064,-1.74785444234404,1.64323960302457,46
1998,21.3751630434783,5.42445652173913,"Area 46",21.0466587901701,4.23752126654064,0.328504253308129,1.18693525519849,46
1999,21.9155434782609,2.4920652173913,"Area 46",21.0466587901701,4.23752126654064,0.868884688090738,-1.74545604914934,46
2000,20.8283152173913,4.7,"Area 46",21.0466587901701,4.23752126654064,-0.218343572778828,0.462478733459357,46
2001,20.7104891304348,4.72010869565217,"Area 46",21.0466587901701,4.23752126654064,-0.336169659735347,0.482587429111531,46
2002,20.9189673913043,4.74467391304348,"Area 46",21.0466587901701,4.23752126654064,-0.127691398865782,0.507152646502835,46
2003,19.749347826087,5.71010869565217,"Area 46",21.0466587901701,4.23752126654064,-1.29731096408317,1.47258742911153,46
2004,21.1940760869565,5.43097826086957,"Area 46",21.0466587901701,4.23752126654064,0.14741729678639,1.19345699432892,46
2005,20.7747826086957,2.37130434782609,"Area 46",21.0466587901701,4.23752126654064,-0.271876181474479,-1.86621691871456,46
2006,20.1104891304348,3.80173913043478,"Area 46",21.0466587901701,4.23752126654064,-0.936169659735349,-0.43578213610586,46
2007,21.0567934782609,2.86913043478261,"Area 46",21.0466587901701,4.23752126654064,0.0101346880907371,-1.36839083175803,46
2008,19.8827717391304,5.20108695652174,"Area 46",21.0466587901701,4.23752126654064,-1.1638870510397,0.963565689981096,46
2009,20.1632608695652,4.92739130434783,"Area 46",21.0466587901701,4.23752126654064,-0.883397920604914,0.689870037807183,46
2010,22.2498913043478,4.72217391304348,"Area 46",21.0466587901701,4.23752126654064,1.2032325141777,0.484652646502835,46
2011,21.7530434782609,4.2325,"Area 46",21.0466587901701,4.23752126654064,0.70638468809074,-0.00502126654064305,46
2012,22.5060326086957,2.3654347826087,"Area 46",21.0466587901701,4.23752126654064,1.45937381852552,-1.87208648393195,46
2013,20.9799456521739,4.80554347826087,"Area 46",21.0466587901701,4.23752126654064,-0.0667131379962171,0.568022211720226,46
2014,20.8454347826087,4.16413043478261,"Area 46",21.0466587901701,4.23752126654064,-0.201224007561436,-0.0733908317580347,46
2015,21.7615760869565,5.28554347826087,"Area 46",21.0466587901701,4.23752126654064,0.714917296786389,1.04802221172023,46
2016,21.0804891304348,4.52597826086957,"Area 46",21.0466587901701,4.23752126654064,0.0338303402646503,0.288456994328922,46
2017,20.8297826086957,5.48434782608696,"Area 46",21.0466587901701,4.23752126654064,-0.216876181474479,1.24682655954631,46
2018,22.9411413043478,4.31423913043478,"Area 46",21.0466587901701,4.23752126654064,1.8944825141777,0.0767178638941397,46
1992,19.1703804347826,3.81239130434783,"Clifton Farm",20.9132006143667,3.96208648393195,-1.74282017958412,-0.149695179584121,46
1993,21.3524456521739,2.23391304347826,"Clifton Farm",20.9132006143667,3.96208648393195,0.439245037807183,-1.72817344045369,46
1994,20.1489130434783,3.82326086956522,"Clifton Farm",20.9132006143667,3.96208648393195,-0.76428757088847,-0.13882561436673,46
1995,20.8524456521739,4.2979347826087,"Clifton Farm",20.9132006143667,3.96208648393195,-0.0607549621928172,0.335848298676749,46
1996,19.7917934782609,5.2279347826087,"Clifton Farm",20.9132006143667,3.96208648393195,-1.12140713610586,1.26584829867675,46
1997,19.348152173913,2.80684782608696,"Clifton Farm",20.9132006143667,3.96208648393195,-1.56504844045369,-1.15523865784499,46
1998,20.7664130434783,4.3325,"Clifton Farm",20.9132006143667,3.96208648393195,-0.14678757088847,0.370413516068053,46
1999,20.9533152173913,2.20423913043478,"Clifton Farm",20.9132006143667,3.96208648393195,0.0401146030245734,-1.75784735349716,46
2000,20.3122282608696,4.00608695652174,"Clifton Farm",20.9132006143667,3.96208648393195,-0.600972353497166,0.0440004725897918,46
2001,19.7175543478261,4.03402173913044,"Clifton Farm",20.9132006143667,3.96208648393195,-1.19564626654064,0.071935255198488,46
2002,20.8203804347826,3.40315217391304,"Clifton Farm",20.9132006143667,3.96208648393195,-0.0928201795841197,-0.558934310018904,46
2003,19.4291304347826,6.94173913043478,"Clifton Farm",20.9132006143667,3.96208648393195,-1.48407017958412,2.97965264650284,46
2004,21.1228260869565,4.22402173913043,"Clifton Farm",20.9132006143667,3.96208648393195,0.209625472589792,0.261935255198487,46
2005,20.1213586956522,3.6425,"Clifton Farm",20.9132006143667,3.96208648393195,-0.791841918714557,-0.319586483931947,46
2006,20.7925543478261,4.48934782608696,"Clifton Farm",20.9132006143667,3.96208648393195,-0.120646266540643,0.527261342155009,46
2007,21.1427173913043,1.78619565217391,"Clifton Farm",20.9132006143667,3.96208648393195,0.229516776937619,-2.17589083175803,46
2008,20.4339673913043,5.85423913043478,"Clifton Farm",20.9132006143667,3.96208648393195,-0.479233223062383,1.89215264650284,46
2009,20.1466847826087,4.34717391304348,"Clifton Farm",20.9132006143667,3.96208648393195,-0.766515831758035,0.385087429111531,46
2010,22.6391304347826,2.80021739130435,"Clifton Farm",20.9132006143667,3.96208648393195,1.72592982041588,-1.1618690926276,46
2011,22.2889673913043,3.5604347826087,"Clifton Farm",20.9132006143667,3.96208648393195,1.37576677693762,-0.401651701323252,46
2012,22.1792391304348,3.17434782608696,"Clifton Farm",20.9132006143667,3.96208648393195,1.26603851606805,-0.787738657844991,46
2013,20.8954347826087,5.91032608695652,"Clifton Farm",20.9132006143667,3.96208648393195,-0.0177658317580338,1.94823960302457,46
2014,20.7947282608696,5.01782608695652,"Clifton Farm",20.9132006143667,3.96208648393195,-0.118472353497165,1.05573960302457,46
2015,21.8100543478261,4.24217391304348,"Clifton Farm",20.9132006143667,3.96208648393195,0.896853733459356,0.280087429111531,46
2016,21.0502717391304,4.20423913043478,"Clifton Farm",20.9132006143667,3.96208648393195,0.137071124763704,0.242152646502835,46
2017,21.1825,5.69510869565217,"Clifton Farm",20.9132006143667,3.96208648393195,0.269299385633271,1.73302221172023,46
2018,21.9801630434783,7.33315217391304,"Clifton Farm",20.9132006143667,3.96208648393195,1.06696242911153,3.3710656899811,46
1992,21.3171739130435,3.54282608695652,"Eno River State Park",22.9603650756144,3.88641540642722,-1.64319116257089,-0.343589319470699,46
1993,23.8990760869565,2.92771739130435,"Eno River State Park",22.9603650756144,3.88641540642722,0.938711011342157,-0.958698015122873,46
1994,22.72625,3.6095652173913,"Eno River State Park",22.9603650756144,3.88641540642722,-0.234115075614366,-0.276850189035917,46
1995,22.8766304347826,5.76586956521739,"Eno River State Park",22.9603650756144,3.88641540642722,-0.0837346408317572,1.87945415879017,46
1996,23.0253804347826,3.35510869565217,"Eno River State Park",22.9603650756144,3.88641540642722,0.0650153591682425,-0.531306710775047,46
1997,21.57375,2.57478260869565,"Eno River State Park",22.9603650756144,3.88641540642722,-1.38661507561437,-1.31163279773157,46
1998,23.6009782608696,2.48673913043478,"Eno River State Park",22.9603650756144,3.88641540642722,0.640613185255198,-1.39967627599244,46
1999,22.5790760869565,2.26097826086957,"Eno River State Park",22.9603650756144,3.88641540642722,-0.381288988657843,-1.62543714555766,46
2000,22.7980434782609,3.6675,"Eno River State Park",22.9603650756144,3.88641540642722,-0.162321597353497,-0.218915406427221,46
2001,22.2394565217391,4.20413043478261,"Eno River State Park",22.9603650756144,3.88641540642722,-0.720908553875237,0.317715028355387,46
2002,23.2302717391304,2.05804347826087,"Eno River State Park",22.9603650756144,3.88641540642722,0.269906663516068,-1.82837192816635,46
2003,21.7945108695652,4.9679347826087,"Eno River State Park",22.9603650756144,3.88641540642722,-1.16585420604915,1.08151937618147,46
2004,23.5409239130435,3.8979347826087,"Eno River State Park",22.9603650756144,3.88641540642722,0.580558837429113,0.0115193761814747,46
2005,22.5028804347826,2.60836956521739,"Eno River State Park",22.9603650756144,3.88641540642722,-0.457484640831758,-1.27804584120983,46
2006,21.9697826086957,5.06217391304348,"Eno River State Park",22.9603650756144,3.88641540642722,-0.990582466918713,1.17575850661626,46
2007,22.4401086956522,2.03239130434783,"Eno River State Park",22.9603650756144,3.88641540642722,-0.520256379962191,-1.8540241020794,46
2008,22.6667391304348,3.5395652173913,"Eno River State Park",22.9603650756144,3.88641540642722,-0.293625945179585,-0.346850189035917,46
2009,22.7829347826087,3.86771739130435,"Eno River State Park",22.9603650756144,3.88641540642722,-0.177430293005671,-0.0186980151228733,46
2010,24.6648913043478,4.42967391304348,"Eno River State Park",22.9603650756144,3.88641540642722,1.70452622873346,0.543258506616257,46
2011,24.0102717391304,3.76815217391304,"Eno River State Park",22.9603650756144,3.88641540642722,1.04990666351607,-0.118263232514177,46
2012,23.6555434782609,4.07119565217391,"Eno River State Park",22.9603650756144,3.88641540642722,0.695178402646505,0.184780245746692,46
2013,22.3532608695652,5.89847826086956,"Eno River State Park",22.9603650756144,3.88641540642722,-0.607104206049147,2.01206285444234,46
2014,23.0083695652174,3.74445652173913,"Eno River State Park",22.9603650756144,3.88641540642722,0.0480044896030272,-0.141958884688091,46
2015,23.8851630434783,3.26,"Eno River State Park",22.9603650756144,3.88641540642722,0.924797967863896,-0.626415406427221,46
2016,22.9325,5.31391304347826,"Eno River State Park",22.9603650756144,3.88641540642722,-0.0278650756143648,1.42749763705104,46
2017,22.8510326086957,5.31728260869565,"Eno River State Park",22.9603650756144,3.88641540642722,-0.109332466918712,1.43086720226843,46
2018,24.124347826087,4.41771739130435,"Eno River State Park",22.9603650756144,3.88641540642722,1.16398275047259,0.531301984877127,46
1992,19.8038586956522,3.54521739130435,"Banshee Reeks",21.5470262287335,3.65882797731569,-1.74316753308128,-0.113610586011342,46
1993,22.1940760869565,1.90097826086957,"Banshee Reeks",21.5470262287335,3.65882797731569,0.647049858223063,-1.75784971644612,46
1994,21.4846195652174,3.58728260869565,"Banshee Reeks",21.5470262287335,3.65882797731569,-0.0624066635160645,-0.0715453686200376,46
1995,21.5761956521739,3.48271739130435,"Banshee Reeks",21.5470262287335,3.65882797731569,0.0291694234404538,-0.176110586011342,46
1996,20.3725,5.73119565217391,"Banshee Reeks",21.5470262287335,3.65882797731569,-1.17452622873346,2.07236767485822,46
1997,20.1489130434783,1.94032608695652,"Banshee Reeks",21.5470262287335,3.65882797731569,-1.3981131852552,-1.71850189035917,46
1998,21.3923913043478,3.15565217391304,"Banshee Reeks",21.5470262287335,3.65882797731569,-0.154634924385633,-0.503175803402646,46
1999,21.5822282608696,2.01847826086957,"Banshee Reeks",21.5470262287335,3.65882797731569,0.0352020321361088,-1.64034971644612,46
2000,20.759402173913,3.12076086956522,"Banshee Reeks",21.5470262287335,3.65882797731569,-0.787624054820416,-0.538067107750472,46
2001,20.2783695652174,4.18684782608696,"Banshee Reeks",21.5470262287335,3.65882797731569,-1.26865666351607,0.528019848771267,46
2002,21.2501086956522,3.56804347826087,"Banshee Reeks",21.5470262287335,3.65882797731569,-0.296917533081285,-0.0907844990548203,46
2003,19.9482608695652,6.99239130434783,"Banshee Reeks",21.5470262287335,3.65882797731569,-1.59876535916824,3.33356332703214,46
2004,21.8538586956522,3.99804347826087,"Banshee Reeks",21.5470262287335,3.65882797731569,0.306832466918717,0.33921550094518,46
2005,20.7107065217391,4.51902173913043,"Banshee Reeks",21.5470262287335,3.65882797731569,-0.836319706994328,0.860193761814745,46
2006,21.2915217391304,4.64467391304348,"Banshee Reeks",21.5470262287335,3.65882797731569,-0.255504489603023,0.985845935727788,46
2007,21.6059782608696,1.33663043478261,"Banshee Reeks",21.5470262287335,3.65882797731569,0.0589520321361086,-2.32219754253308,46
2008,20.7805434782609,4.88076086956522,"Banshee Reeks",21.5470262287335,3.65882797731569,-0.766482750472587,1.22193289224953,46
2009,20.7136413043478,5.89902173913043,"Banshee Reeks",21.5470262287335,3.65882797731569,-0.83338492438563,2.24019376181474,46
2010,23.1540760869565,3.11489130434783,"Banshee Reeks",21.5470262287335,3.65882797731569,1.60704985822306,-0.543936672967864,46
2011,22.8892934782609,2.32086956521739,"Banshee Reeks",21.5470262287335,3.65882797731569,1.34226724952741,-1.3379584120983,46
2012,22.6808152173913,3.92054347826087,"Banshee Reeks",21.5470262287335,3.65882797731569,1.13378898865785,0.26171550094518,46
2013,21.4872826086957,4.26097826086956,"Banshee Reeks",21.5470262287335,3.65882797731569,-0.059743620037807,0.602150283553875,46
2014,21.3158695652174,3.83358695652174,"Banshee Reeks",21.5470262287335,3.65882797731569,-0.231156663516067,0.174758979206049,46
2015,22.46125,4.18380434782609,"Banshee Reeks",21.5470262287335,3.65882797731569,0.914223771266542,0.524976370510398,46
2016,21.6359782608696,3.97989130434783,"Banshee Reeks",21.5470262287335,3.65882797731569,0.0889520321361061,0.321063327032136,46
2017,21.579347826087,4.69217391304348,"Banshee Reeks",21.5470262287335,3.65882797731569,0.0323215973534978,1.03334593572779,46
2018,22.5071195652174,6.55815217391304,"Banshee Reeks",21.5470262287335,3.65882797731569,0.960093336483933,2.89932419659735,46
1992,20.7997826086957,3.58945652173913,"Seven Islands WR",22.6685054347826,3.80961720226843,-1.86872282608696,-0.220160680529301,46
1993,23.2982065217391,1.95630434782609,"Seven Islands WR",22.6685054347826,3.80961720226843,0.629701086956523,-1.85331285444234,46
1994,21.5934782608696,4.08858695652174,"Seven Islands WR",22.6685054347826,3.80961720226843,-1.07502717391304,0.278969754253308,46
1995,22.3103260869565,3.24195652173913,"Seven Islands WR",22.6685054347826,3.80961720226843,-0.358179347826088,-0.567660680529301,46
1996,22.3358152173913,4.03836956521739,"Seven Islands WR",22.6685054347826,3.80961720226843,-0.332690217391306,0.22875236294896,46
1997,21.1617391304348,5.01619565217391,"Seven Islands WR",22.6685054347826,3.80961720226843,-1.50676630434783,1.20657844990548,46
1998,23.2989130434783,4.83,"Seven Islands WR",22.6685054347826,3.80961720226843,0.630407608695652,1.02038279773157,46
1999,22.6413043478261,5.15380434782609,"Seven Islands WR",22.6685054347826,3.80961720226843,-0.0272010869565236,1.34418714555766,46
2000,22.805,4.12565217391304,"Seven Islands WR",22.6685054347826,3.80961720226843,0.13649456521739,0.316034971644612,46
2001,22.1547282608696,3.79967391304348,"Seven Islands WR",22.6685054347826,3.80961720226843,-0.513777173913045,-0.00994328922495269,46
2002,22.644402173913,3.30054347826087,"Seven Islands WR",22.6685054347826,3.80961720226843,-0.0241032608695662,-0.509073724007562,46
2003,21.8845108695652,5.925,"Seven Islands WR",22.6685054347826,3.80961720226843,-0.783994565217391,2.11538279773157,46
2004,22.9001630434783,5.12510869565217,"Seven Islands WR",22.6685054347826,3.80961720226843,0.231657608695652,1.31549149338374,46
2005,22.3055434782609,3.82358695652174,"Seven Islands WR",22.6685054347826,3.80961720226843,-0.36296195652174,0.0139697542533082,46
2006,22.4079891304348,2.9854347826087,"Seven Islands WR",22.6685054347826,3.80961720226843,-0.260516304347828,-0.824182419659735,46
2007,23.0010869565217,1.94489130434783,"Seven Islands WR",22.6685054347826,3.80961720226843,0.332581521739129,-1.86472589792061,46
2008,22.3774456521739,2.81369565217391,"Seven Islands WR",22.6685054347826,3.80961720226843,-0.291059782608695,-0.995921550094518,46
2009,22.3620652173913,5.51847826086957,"Seven Islands WR",22.6685054347826,3.80961720226843,-0.306440217391305,1.70886105860113,46
2010,24.5301086956522,2.87076086956522,"Seven Islands WR",22.6685054347826,3.80961720226843,1.86160326086956,-0.938856332703214,46
2011,23.6290217391304,3.4329347826087,"Seven Islands WR",22.6685054347826,3.80961720226843,0.960516304347827,-0.376682419659736,46
2012,24.0669565217391,3.05902173913043,"Seven Islands WR",22.6685054347826,3.80961720226843,1.39845108695652,-0.750595463137997,46
2013,22.2308152173913,5.14032608695652,"Seven Islands WR",22.6685054347826,3.80961720226843,-0.437690217391307,1.33070888468809,46
2014,22.5216847826087,3.85815217391304,"Seven Islands WR",22.6685054347826,3.80961720226843,-0.146820652173915,0.0485349716446124,46
2015,23.7079347826087,4.19652173913043,"Seven Islands WR",22.6685054347826,3.80961720226843,1.03942934782609,0.386904536862004,46
2016,23.4636413043478,3.0870652173913,"Seven Islands WR",22.6685054347826,3.80961720226843,0.795135869565215,-0.722551984877127,46
2017,22.8258695652174,3.3929347826087,"Seven Islands WR",22.6685054347826,3.80961720226843,0.157364130434782,-0.416682419659736,46
2018,24.431847826087,3.44076086956522,"Seven Islands WR",22.6685054347826,3.80961720226843,1.76334239130435,-0.368856332703214,46
1992,20.8869565217391,2.60728260869565,"Greenburry Point N. Sev.",22.6649184782609,3.55070179584121,-1.77796195652174,-0.943419187145558,46
1993,22.9705434782609,2.19119565217391,"Greenburry Point N. Sev.",22.6649184782609,3.55070179584121,0.305624999999999,-1.3595061436673,46
1994,22.82125,2.98402173913043,"Greenburry Point N. Sev.",22.6649184782609,3.55070179584121,0.15633152173913,-0.566680056710775,46
1995,22.7170652173913,2.56934782608696,"Greenburry Point N. Sev.",22.6649184782609,3.55070179584121,0.0521467391304355,-0.981353969754253,46
1996,21.5946739130435,5.11565217391304,"Greenburry Point N. Sev.",22.6649184782609,3.55070179584121,-1.07024456521739,1.56495037807183,46
1997,21.4110869565217,2.28597826086957,"Greenburry Point N. Sev.",22.6649184782609,3.55070179584121,-1.25383152173913,-1.26472353497164,46
1998,22.7220652173913,2.64097826086957,"Greenburry Point N. Sev.",22.6649184782609,3.55070179584121,0.0571467391304346,-0.909723534971645,46
1999,22.8663043478261,2.11217391304348,"Greenburry Point N. Sev.",22.6649184782609,3.55070179584121,0.201385869565218,-1.43852788279773,46
2000,21.8215217391304,4.63,"Greenburry Point N. Sev.",22.6649184782609,3.55070179584121,-0.843396739130434,1.07929820415879,46
2001,21.8409239130435,3.90434782608696,"Greenburry Point N. Sev.",22.6649184782609,3.55070179584121,-0.82399456521739,0.353646030245747,46
2002,22.6636413043478,2.44782608695652,"Greenburry Point N. Sev.",22.6649184782609,3.55070179584121,-0.00127717391304216,-1.10287570888469,46
2003,21.2216847826087,5.1725,"Greenburry Point N. Sev.",22.6649184782609,3.55070179584121,-1.44323369565218,1.62179820415879,46
2004,23.316847826087,4.04239130434783,"Greenburry Point N. Sev.",22.6649184782609,3.55070179584121,0.651929347826087,0.491689508506616,46
2005,22.0997826086957,4.08402173913043,"Greenburry Point N. Sev.",22.6649184782609,3.55070179584121,-0.565135869565218,0.533319943289225,46
2006,22.506902173913,4.16923913043478,"Greenburry Point N. Sev.",22.6649184782609,3.55070179584121,-0.158016304347825,0.618537334593573,46
2007,22.8404891304348,1.69641304347826,"Greenburry Point N. Sev.",22.6649184782609,3.55070179584121,0.175570652173914,-1.85428875236295,46
2008,22.2482608695652,5.78423913043478,"Greenburry Point N. Sev.",22.6649184782609,3.55070179584121,-0.416657608695651,2.23353733459357,46
2009,21.7750543478261,2.69641304347826,"Greenburry Point N. Sev.",22.6649184782609,3.55070179584121,-0.889864130434781,-0.854288752362949,46
2010,24.20875,2.54510869565217,"Greenburry Point N. Sev.",22.6649184782609,3.55070179584121,1.54383152173913,-1.00559310018904,46
2011,24.2666847826087,2.81673913043478,"Greenburry Point N. Sev.",22.6649184782609,3.55070179584121,1.60176630434783,-0.733962665406427,46
2012,23.9028260869565,2.64695652173913,"Greenburry Point N. Sev.",22.6649184782609,3.55070179584121,1.23790760869565,-0.903745274102079,46
2013,22.8563043478261,4.6154347826087,"Greenburry Point N. Sev.",22.6649184782609,3.55070179584121,0.191385869565217,1.06473298676749,46
2014,22.3410869565217,3.00902173913043,"Greenburry Point N. Sev.",22.6649184782609,3.55070179584121,-0.32383152173913,-0.541680056710775,46
2015,23.4642934782609,4.42782608695652,"Greenburry Point N. Sev.",22.6649184782609,3.55070179584121,0.799375000000001,0.877124291115312,46
2016,22.2790217391304,4.87554347826087,"Greenburry Point N. Sev.",22.6649184782609,3.55070179584121,-0.385896739130434,1.32484168241966,46
2017,22.876902173913,4.00869565217391,"Greenburry Point N. Sev.",22.6649184782609,3.55070179584121,0.211983695652172,0.457993856332704,46
2018,23.8798369565217,5.83554347826087,"Greenburry Point N. Sev.",22.6649184782609,3.55070179584121,1.21491847826087,2.28484168241966,46
1992,21.238152173913,3.40641304347826,"Forked Oaks",22.917588610586,3.8082679584121,-1.67943643667297,-0.401854914933837,46
1993,23.7607065217391,2.64402173913043,"Forked Oaks",22.917588610586,3.8082679584121,0.843117911153119,-1.16424621928166,46
1994,22.6882608695652,3.46826086956522,"Forked Oaks",22.917588610586,3.8082679584121,-0.229327741020796,-0.340007088846881,46
1995,22.8160326086957,6.33184782608696,"Forked Oaks",22.917588610586,3.8082679584121,-0.101556001890359,2.52357986767486,46
1996,22.9160326086957,3.36717391304348,"Forked Oaks",22.917588610586,3.8082679584121,-0.00155600189036065,-0.44109404536862,46
1997,21.4610326086957,2.56380434782609,"Forked Oaks",22.917588610586,3.8082679584121,-1.45655600189036,-1.24446361058601,46
1998,23.495652173913,2.83532608695652,"Forked Oaks",22.917588610586,3.8082679584121,0.578063563327031,-0.972941871455577,46
1999,22.5423913043478,2.01891304347826,"Forked Oaks",22.917588610586,3.8082679584121,-0.375197306238185,-1.78935491493384,46
2000,22.701847826087,3.91532608695652,"Forked Oaks",22.917588610586,3.8082679584121,-0.215740784499054,0.107058128544423,46
2001,22.1779891304348,4.23608695652174,"Forked Oaks",22.917588610586,3.8082679584121,-0.739599480151231,0.427818998109641,46
2002,23.1485869565217,2.25304347826087,"Forked Oaks",22.917588610586,3.8082679584121,0.230998345935728,-1.55522448015123,46
2003,21.7945652173913,4.87413043478261,"Forked Oaks",22.917588610586,3.8082679584121,-1.12302339319471,1.06586247637051,46
2004,23.454347826087,3.48141304347826,"Forked Oaks",22.917588610586,3.8082679584121,0.536759215500943,-0.326854914933838,46
2005,22.4389673913043,2.58782608695652,"Forked Oaks",22.917588610586,3.8082679584121,-0.478621219281663,-1.22044187145558,46
2006,21.7859239130435,5.02130434782609,"Forked Oaks",22.917588610586,3.8082679584121,-1.13166469754253,1.21303638941399,46
2007,22.4696739130435,2.18673913043478,"Forked Oaks",22.917588610586,3.8082679584121,-0.447914697542533,-1.62152882797732,46
2008,22.5913586956522,3.14902173913043,"Forked Oaks",22.917588610586,3.8082679584121,-0.326229914933837,-0.659246219281664,46
2009,22.6616304347826,4.21619565217391,"Forked Oaks",22.917588610586,3.8082679584121,-0.255958175803404,0.407927693761815,46
2010,24.6642391304348,3.81423913043478,"Forked Oaks",22.917588610586,3.8082679584121,1.74665051984877,0.00597117202268427,46
2011,24.0225,3.56086956521739,"Forked Oaks",22.917588610586,3.8082679584121,1.10491138941399,-0.247398393194707,46
2012,23.6197282608696,3.8154347826087,"Forked Oaks",22.917588610586,3.8082679584121,0.702139650283552,0.00716682419659742,46
2013,22.3521739130435,5.56347826086956,"Forked Oaks",22.917588610586,3.8082679584121,-0.565414697542533,1.75521030245747,46
2014,22.9169565217391,3.54663043478261,"Forked Oaks",22.917588610586,3.8082679584121,-0.000632088846881373,-0.26163752362949,46
2015,23.7578804347826,3.63315217391304,"Forked Oaks",22.917588610586,3.8082679584121,0.840291824196598,-0.175115784499055,46
2016,22.8448913043478,5.0825,"Forked Oaks",22.917588610586,3.8082679584121,-0.0726973062381866,1.2742320415879,46
2017,22.86,4.73619565217391,"Forked Oaks",22.917588610586,3.8082679584121,-0.0575886105860128,0.927927693761814,46
2018,24.0496739130435,4.75413043478261,"Forked Oaks",22.917588610586,3.8082679584121,1.13208530245747,0.945862476370511,46
1992,21.3413043478261,4.33032608695652,"Walls of Jerico",22.7883388468809,4.22739130434783,-1.44703449905482,0.102934782608695,46
1993,22.9276630434783,3.14021739130435,"Walls of Jerico",22.7883388468809,4.22739130434783,0.139324196597354,-1.08717391304348,46
1994,21.8551630434783,4.66804347826087,"Walls of Jerico",22.7883388468809,4.22739130434783,-0.933175803402648,0.440652173913044,46
1995,22.5210869565217,3.66108695652174,"Walls of Jerico",22.7883388468809,4.22739130434783,-0.267251890359169,-0.566304347826087,46
1996,22.7582608695652,3.81728260869565,"Walls of Jerico",22.7883388468809,4.22739130434783,-0.0300779773156918,-0.410108695652174,46
1997,21.11625,4.49695652173913,"Walls of Jerico",22.7883388468809,4.22739130434783,-1.67208884688091,0.269565217391304,46
1998,23.8267934782609,4.195,"Walls of Jerico",22.7883388468809,4.22739130434783,1.03845463137996,-0.0323913043478257,46
1999,22.9771739130435,5.26695652173913,"Walls of Jerico",22.7883388468809,4.22739130434783,0.188835066162572,1.0395652173913,46
2000,23.1613586956522,3.42413043478261,"Walls of Jerico",22.7883388468809,4.22739130434783,0.373019848771264,-0.803260869565217,46
2001,22.1758152173913,6.3829347826087,"Walls of Jerico",22.7883388468809,4.22739130434783,-0.612523629489605,2.15554347826087,46
2002,22.5773369565217,3.70358695652174,"Walls of Jerico",22.7883388468809,4.22739130434783,-0.211001890359171,-0.523804347826087,46
2003,21.8475,6.27858695652174,"Walls of Jerico",22.7883388468809,4.22739130434783,-0.940838846880908,2.05119565217391,46
2004,23.0130434782609,5.31586956521739,"Walls of Jerico",22.7883388468809,4.22739130434783,0.224704631379961,1.08847826086957,46
2005,22.2578804347826,4.44315217391304,"Walls of Jerico",22.7883388468809,4.22739130434783,-0.530458412098298,0.215760869565218,46
2006,22.9114130434783,2.50184782608696,"Walls of Jerico",22.7883388468809,4.22739130434783,0.123074196597354,-1.72554347826087,46
2007,23.01375,2.41108695652174,"Walls of Jerico",22.7883388468809,4.22739130434783,0.225411153119094,-1.81630434782609,46
2008,22.4163043478261,2.95021739130435,"Walls of Jerico",22.7883388468809,4.22739130434783,-0.37203449905482,-1.27717391304348,46
2009,22.5474456521739,5.01815217391304,"Walls of Jerico",22.7883388468809,4.22739130434783,-0.240893194706995,0.790760869565218,46
2010,24.3158695652174,4.41065217391304,"Walls of Jerico",22.7883388468809,4.22739130434783,1.52753071833648,0.183260869565218,46
2011,23.53875,3.9795652173913,"Walls of Jerico",22.7883388468809,4.22739130434783,0.750411153119092,-0.247826086956522,46
2012,23.7757065217391,4.25445652173913,"Walls of Jerico",22.7883388468809,4.22739130434783,0.987367674858223,0.0270652173913044,46
2013,22.0216304347826,6.5220652173913,"Walls of Jerico",22.7883388468809,4.22739130434783,-0.7667084120983,2.29467391304348,46
2014,22.2390217391304,3.51369565217391,"Walls of Jerico",22.7883388468809,4.22739130434783,-0.549317107750472,-0.713695652173913,46
2015,23.5504891304348,4.41673913043478,"Walls of Jerico",22.7883388468809,4.22739130434783,0.762150283553876,0.189347826086957,46
2016,23.3675,3.15641304347826,"Walls of Jerico",22.7883388468809,4.22739130434783,0.579161153119092,-1.07097826086957,46
2017,22.6082065217391,5.53695652173913,"Walls of Jerico",22.7883388468809,4.22739130434783,-0.180132325141777,1.3095652173913,46
2018,23.9564130434783,4.76641304347826,"Walls of Jerico",22.7883388468809,4.22739130434783,1.16807419659735,0.539021739130435,46
1992,24.4911413043478,3.7420652173913,"Vicksburg Nat. Mil. Prk",25.4459888941399,4.02467627599244,-0.95484758979206,-0.282611058601135,46
1993,25.1670652173913,3.7504347826087,"Vicksburg Nat. Mil. Prk",25.4459888941399,4.02467627599244,-0.278923676748583,-0.274241493383743,46
1994,24.6270108695652,5.71260869565217,"Vicksburg Nat. Mil. Prk",25.4459888941399,4.02467627599244,-0.818978024574669,1.68793241965974,46
1995,25.3791304347826,3.415,"Vicksburg Nat. Mil. Prk",25.4459888941399,4.02467627599244,-0.0668584593572774,-0.609676275992439,46
1996,25.5664673913043,3.93478260869565,"Vicksburg Nat. Mil. Prk",25.4459888941399,4.02467627599244,0.120478497164459,-0.0898936672967867,46
1997,24.64,3.64630434782609,"Vicksburg Nat. Mil. Prk",25.4459888941399,4.02467627599244,-0.805988894139887,-0.378371928166352,46
1998,26.8203804347826,2.92413043478261,"Vicksburg Nat. Mil. Prk",25.4459888941399,4.02467627599244,1.37439154064272,-1.10054584120983,46
1999,25.4777717391304,3.64760869565217,"Vicksburg Nat. Mil. Prk",25.4459888941399,4.02467627599244,0.0317828449905484,-0.377067580340265,46
2000,25.9407065217391,2.20391304347826,"Vicksburg Nat. Mil. Prk",25.4459888941399,4.02467627599244,0.494717627599243,-1.82076323251418,46
2001,25.3276630434783,2.86934782608696,"Vicksburg Nat. Mil. Prk",25.4459888941399,4.02467627599244,-0.118325850661627,-1.15532844990548,46
2002,25.4201086956522,3.44347826086957,"Vicksburg Nat. Mil. Prk",25.4459888941399,4.02467627599244,-0.0258801984877124,-0.581198015122874,46
2003,25.2974456521739,3.86554347826087,"Vicksburg Nat. Mil. Prk",25.4459888941399,4.02467627599244,-0.148543241965974,-0.159132797731569,46
2004,25.0713586956522,7.53065217391304,"Vicksburg Nat. Mil. Prk",25.4459888941399,4.02467627599244,-0.374630198487715,3.5059758979206,46
2005,25.1251630434783,2.985,"Vicksburg Nat. Mil. Prk",25.4459888941399,4.02467627599244,-0.320825850661627,-1.03967627599244,46
2006,25.4736413043478,3.29521739130435,"Vicksburg Nat. Mil. Prk",25.4459888941399,4.02467627599244,0.0276524102079385,-0.729458884688091,46
2007,25.2053804347826,3.76336956521739,"Vicksburg Nat. Mil. Prk",25.4459888941399,4.02467627599244,-0.240608459357279,-0.261306710775048,46
2008,25.6441304347826,2.18152173913043,"Vicksburg Nat. Mil. Prk",25.4459888941399,4.02467627599244,0.198141540642723,-1.843154536862,46
2009,25.5346195652174,4.9195652173913,"Vicksburg Nat. Mil. Prk",25.4459888941399,4.02467627599244,0.0886306710775031,0.894888941398865,46
2010,27.0302717391304,2.9970652173913,"Vicksburg Nat. Mil. Prk",25.4459888941399,4.02467627599244,1.58428284499055,-1.02761105860113,46
2011,26.4151086956522,1.8675,"Vicksburg Nat. Mil. Prk",25.4459888941399,4.02467627599244,0.969119801512285,-2.15717627599244,46
2012,26.0809782608696,3.63641304347826,"Vicksburg Nat. Mil. Prk",25.4459888941399,4.02467627599244,0.634989366729677,-0.388263232514178,46
2013,24.5403260869565,5.09065217391304,"Vicksburg Nat. Mil. Prk",25.4459888941399,4.02467627599244,-0.905662807183365,1.0659758979206,46
2014,24.63625,4.78945652173913,"Vicksburg Nat. Mil. Prk",25.4459888941399,4.02467627599244,-0.809738894139887,0.764780245746691,46
2015,26.1776630434783,3.90228260869565,"Vicksburg Nat. Mil. Prk",25.4459888941399,4.02467627599244,0.731674149338374,-0.122393667296787,46
2016,26.0134782608696,4.43804347826087,"Vicksburg Nat. Mil. Prk",25.4459888941399,4.02467627599244,0.567489366729678,0.41336720226843,46
2017,24.7496195652174,6.6204347826087,"Vicksburg Nat. Mil. Prk",25.4459888941399,4.02467627599244,-0.696369328922497,2.59575850661626,46
2018,26.4514673913043,4.23434782608696,"Vicksburg Nat. Mil. Prk",25.4459888941399,4.02467627599244,1.00547849716446,0.209671550094518,46
1992,20.2998913043478,4.7820652173913,"Shaker Village",21.858449905482,4.06789697542533,-1.55855860113422,0.714168241965973,46
1993,22.2210869565217,3.38369565217391,"Shaker Village",21.858449905482,4.06789697542533,0.362637051039695,-0.684201323251418,46
1994,21.1539130434783,3.03858695652174,"Shaker Village",21.858449905482,4.06789697542533,-0.704536862003781,-1.02931001890359,46
1995,21.7884782608696,5.53239130434783,"Shaker Village",21.858449905482,4.06789697542533,-0.0699716446124796,1.46449432892249,46
1996,21.5216304347826,5.71489130434783,"Shaker Village",21.858449905482,4.06789697542533,-0.336819470699435,1.64699432892249,46
1997,20.3563043478261,5.11597826086957,"Shaker Village",21.858449905482,4.06789697542533,-1.50214555765596,1.04808128544423,46
1998,22.3095652173913,6.63347826086957,"Shaker Village",21.858449905482,4.06789697542533,0.451115311909263,2.56558128544423,46
1999,22.780597826087,2.18978260869565,"Shaker Village",21.858449905482,4.06789697542533,0.922147920604914,-1.87811436672968,46
2000,21.9119565217391,2.17380434782609,"Shaker Village",21.858449905482,4.06789697542533,0.0535066162570885,-1.89409262759924,46
2001,21.800597826087,4.36032608695652,"Shaker Village",21.858449905482,4.06789697542533,-0.0578520793950865,0.292429111531191,46
2002,22.0978804347826,2.3704347826087,"Shaker Village",21.858449905482,4.06789697542533,0.239430529300567,-1.69746219281664,46
2003,20.7940217391304,4.89239130434783,"Shaker Village",21.858449905482,4.06789697542533,-1.06442816635161,0.824494328922495,46
2004,22.1423369565217,5.08576086956522,"Shaker Village",21.858449905482,4.06789697542533,0.283887051039695,1.01786389413989,46
2005,21.8496739130435,2.23423913043478,"Shaker Village",21.858449905482,4.06789697542533,-0.00877599243856508,-1.83365784499055,46
2006,21.0439130434783,3.23130434782609,"Shaker Village",21.858449905482,4.06789697542533,-0.814536862003781,-0.836592627599244,46
2007,22.2316304347826,2.85347826086957,"Shaker Village",21.858449905482,4.06789697542533,0.373180529300566,-1.21441871455577,46
2008,20.9236413043478,3.46260869565217,"Shaker Village",21.858449905482,4.06789697542533,-0.934808601134218,-0.605288279773157,46
2009,20.8779891304348,4.48467391304348,"Shaker Village",21.858449905482,4.06789697542533,-0.980460775047259,0.416776937618147,46
2010,23.1038043478261,5.81836956521739,"Shaker Village",21.858449905482,4.06789697542533,1.24535444234404,1.75047258979206,46
2011,22.2998913043478,3.55260869565217,"Shaker Village",21.858449905482,4.06789697542533,0.441441398865784,-0.515288279773157,46
2012,22.8467391304348,3.21326086956522,"Shaker Village",21.858449905482,4.06789697542533,0.988289224952741,-0.854636105860114,46
2013,21.2686413043478,6.29663043478261,"Shaker Village",21.858449905482,4.06789697542533,-0.589808601134216,2.22873345935728,46
2014,21.5805434782609,3.13423913043478,"Shaker Village",21.858449905482,4.06789697542533,-0.277906427221172,-0.933657844990548,46
2015,22.4067934782609,5.75173913043478,"Shaker Village",21.858449905482,4.06789697542533,0.548343572778826,1.68384215500945,46
2016,22.0082608695652,5.84771739130435,"Shaker Village",21.858449905482,4.06789697542533,0.149810964083173,1.77982041587902,46
2017,21.6974456521739,3.85228260869565,"Shaker Village",21.858449905482,4.06789697542533,-0.161004253308132,-0.215614366729679,46
2018,23.5833152173913,5.40641304347826,"Shaker Village",21.858449905482,4.06789697542533,1.72486531190926,1.33851606805293,46
1992,19.7304347826087,4.63804347826087,"Martin State Forest",21.4986389413989,4.29406663516068,-1.76820415879017,0.343976843100189,46
1993,21.4990760869565,3.86217391304348,"Martin State Forest",21.4986389413989,4.29406663516068,0.000437145557654617,-0.431892722117202,46
1994,20.6747826086957,2.42369565217391,"Martin State Forest",21.4986389413989,4.29406663516068,-0.823856332703215,-1.87037098298677,46
1995,21.225,4.55010869565217,"Martin State Forest",21.4986389413989,4.29406663516068,-0.273638941398865,0.256042060491493,46
1996,20.6841847826087,4.73423913043478,"Martin State Forest",21.4986389413989,4.29406663516068,-0.81445415879017,0.440172495274102,46
1997,19.7575543478261,4.38717391304348,"Martin State Forest",21.4986389413989,4.29406663516068,-1.74108459357278,0.0931072778827975,46
1998,21.868097826087,5.61923913043478,"Martin State Forest",21.4986389413989,4.29406663516068,0.36945888468809,1.3251724952741,46
1999,22.1683695652174,3.38978260869565,"Martin State Forest",21.4986389413989,4.29406663516068,0.669730623818527,-0.904284026465028,46
2000,21.1328804347826,5.17847826086957,"Martin State Forest",21.4986389413989,4.29406663516068,-0.365758506616256,0.884411625708885,46
2001,21.1980434782609,3.97858695652174,"Martin State Forest",21.4986389413989,4.29406663516068,-0.300595463137995,-0.315479678638941,46
2002,21.6873369565217,4.77358695652174,"Martin State Forest",21.4986389413989,4.29406663516068,0.188698015122874,0.479520321361059,46
2003,20.111902173913,5.2079347826087,"Martin State Forest",21.4986389413989,4.29406663516068,-1.38673676748582,0.913868147448015,46
2004,21.6014673913043,5.42663043478261,"Martin State Forest",21.4986389413989,4.29406663516068,0.102828449905481,1.13256379962193,46
2005,21.3811413043478,3.46967391304348,"Martin State Forest",21.4986389413989,4.29406663516068,-0.117497637051041,-0.824392722117202,46
2006,21.1908152173913,4.27858695652174,"Martin State Forest",21.4986389413989,4.29406663516068,-0.307823724007562,-0.0154796786389415,46
2007,21.8535869565217,2.5095652173913,"Martin State Forest",21.4986389413989,4.29406663516068,0.354948015122872,-1.78450141776938,46
2008,20.3890217391304,5.65652173913043,"Martin State Forest",21.4986389413989,4.29406663516068,-1.10961720226843,1.36245510396975,46
2009,20.4914673913043,5.88097826086956,"Martin State Forest",21.4986389413989,4.29406663516068,-1.00717155009452,1.58691162570888,46
2010,22.7382065217391,5.61869565217391,"Martin State Forest",21.4986389413989,4.29406663516068,1.23956758034026,1.32462901701323,46
2011,22.3648369565217,4.01554347826087,"Martin State Forest",21.4986389413989,4.29406663516068,0.866198015122873,-0.278523156899811,46
2012,23.6441304347826,1.3275,"Martin State Forest",21.4986389413989,4.29406663516068,2.14549149338374,-2.96656663516068,46
2013,21.2008695652174,5.0529347826087,"Martin State Forest",21.4986389413989,4.29406663516068,-0.297769376181474,0.758868147448015,46
2014,20.94,4.59695652173913,"Martin State Forest",21.4986389413989,4.29406663516068,-0.558638941398865,0.30288988657845,46
2015,21.8207608695652,4.70771739130435,"Martin State Forest",21.4986389413989,4.29406663516068,0.32212192816635,0.413650756143667,46
2016,21.4297826086957,4.87423913043478,"Martin State Forest",21.4986389413989,4.29406663516068,-0.0688563327032128,0.580172495274102,46
2017,21.4099456521739,4.51989130434783,"Martin State Forest",21.4986389413989,4.29406663516068,-0.0886932892249526,0.225824669187146,46
2018,23.5372282608696,3.87304347826087,"Martin State Forest",21.4986389413989,4.29406663516068,2.0385893194707,-0.421023156899811,46
1992,19.2503804347826,4.57326086956522,"McCormick State Park",21.1066079867675,4.3671904536862,-1.85622755198488,0.206070415879017,46
1993,21.1341304347826,3.90184782608696,"McCormick State Park",21.1066079867675,4.3671904536862,0.027522448015123,-0.465342627599244,46
1994,20.4483152173913,2.52065217391304,"McCormick State Park",21.1066079867675,4.3671904536862,-0.658292769376182,-1.84653827977316,46
1995,20.8979891304348,4.26358695652174,"McCormick State Park",21.1066079867675,4.3671904536862,-0.208618856332702,-0.103603497164461,46
1996,20.1585326086957,5.01891304347826,"McCormick State Park",21.1066079867675,4.3671904536862,-0.948075378071835,0.65172258979206,46
1997,19.3276630434783,3.68065217391304,"McCormick State Park",21.1066079867675,4.3671904536862,-1.77894494328923,-0.686538279773157,46
1998,21.4886956521739,6.26228260869565,"McCormick State Park",21.1066079867675,4.3671904536862,0.382087665406427,1.89509215500945,46
1999,21.9154347826087,3.36130434782609,"McCormick State Park",21.1066079867675,4.3671904536862,0.80882679584121,-1.00588610586011,46
2000,20.6346739130435,3.98228260869565,"McCormick State Park",21.1066079867675,4.3671904536862,-0.471934073724007,-0.384907844990548,46
2001,20.7305434782609,4.14163043478261,"McCormick State Park",21.1066079867675,4.3671904536862,-0.376064508506616,-0.225560018903592,46
2002,21.1327717391304,5.07195652173913,"McCormick State Park",21.1066079867675,4.3671904536862,0.026163752362951,0.70476606805293,46
2003,19.5732065217391,5.23347826086956,"McCormick State Park",21.1066079867675,4.3671904536862,-1.53340146502835,0.866287807183364,46
2004,21.058152173913,5.58369565217391,"McCormick State Park",21.1066079867675,4.3671904536862,-0.0484558128544421,1.21650519848771,46
2005,20.8760326086957,4.1595652173913,"McCormick State Park",21.1066079867675,4.3671904536862,-0.230575378071833,-0.207625236294896,46
2006,20.6157065217391,4.38586956521739,"McCormick State Park",21.1066079867675,4.3671904536862,-0.490901465028355,0.0186791115311911,46
2007,21.3150543478261,3.08369565217391,"McCormick State Park",21.1066079867675,4.3671904536862,0.208446361058602,-1.28349480151229,46
2008,19.8720108695652,8.22369565217391,"McCormick State Park",21.1066079867675,4.3671904536862,-1.23459711720227,3.85650519848771,46
2009,19.931847826087,5.65086956521739,"McCormick State Park",21.1066079867675,4.3671904536862,-1.17476016068053,1.28367911153119,46
2010,22.1513043478261,5.23576086956522,"McCormick State Park",21.1066079867675,4.3671904536862,1.0446963610586,0.868570415879017,46
2011,21.8283152173913,4.07010869565217,"McCormick State Park",21.1066079867675,4.3671904536862,0.721707230623817,-0.297081758034026,46
2012,23.025,1.5304347826087,"McCormick State Park",21.1066079867675,4.3671904536862,1.91839201323251,-2.8367556710775,46
2013,20.8555434782609,4.54402173913043,"McCormick State Park",21.1066079867675,4.3671904536862,-0.251064508506616,0.176831285444234,46
2014,20.5628260869565,4.53478260869565,"McCormick State Park",21.1066079867675,4.3671904536862,-0.543781899810963,0.167592155009451,46
2015,21.4598369565217,4.50521739130435,"McCormick State Park",21.1066079867675,4.3671904536862,0.353228969754252,0.138026937618148,46
2016,21.1014673913043,4.51826086956522,"McCormick State Park",21.1066079867675,4.3671904536862,-0.00514059546313916,0.151070415879017,46
2017,21.0233152173913,4.54184782608696,"McCormick State Park",21.1066079867675,4.3671904536862,-0.0832927693761825,0.174657372400756,46
2018,23.2527173913043,3.73597826086957,"McCormick State Park",21.1066079867675,4.3671904536862,2.14610940453686,-0.631212192816635,46
1992,19.2101086956522,4.48119565217391,"McCormick River",21.1720262287335,4.24695888468809,-1.96191753308128,0.234236767485822,46
1993,21.1254891304348,3.78869565217391,"McCormick River",21.1720262287335,4.24695888468809,-0.0465370982986748,-0.458263232514178,46
1994,20.4432065217391,2.40097826086957,"McCormick River",21.1720262287335,4.24695888468809,-0.728819706994326,-1.84598062381853,46
1995,20.8885326086957,4.09913043478261,"McCormick River",21.1720262287335,4.24695888468809,-0.283493620037806,-0.147828449905482,46
1996,20.1439673913043,4.81010869565217,"McCormick River",21.1720262287335,4.24695888468809,-1.02805883742911,0.563149810964083,46
1997,19.3591304347826,3.53989130434783,"McCormick River",21.1720262287335,4.24695888468809,-1.81289579395085,-0.707067580340265,46
1998,21.5339130434783,6.09380434782609,"McCormick River",21.1720262287335,4.24695888468809,0.361886814744803,1.846845463138,46
1999,21.9158695652174,3.26065217391304,"McCormick River",21.1720262287335,4.24695888468809,0.743843336483934,-0.986306710775048,46
2000,20.8123913043478,3.94728260869565,"McCormick River",21.1720262287335,4.24695888468809,-0.359634924385631,-0.299676275992439,46
2001,20.8021195652174,4.04532608695652,"McCormick River",21.1720262287335,4.24695888468809,-0.369906663516065,-0.20163279773157,46
2002,21.198152173913,4.9229347826087,"McCormick River",21.1720262287335,4.24695888468809,0.0261259451795866,0.675975897920605,46
2003,19.729402173913,5.04141304347826,"McCormick River",21.1720262287335,4.24695888468809,-1.44262405482041,0.794454158790169,46
2004,21.1404347826087,5.41989130434783,"McCormick River",21.1720262287335,4.24695888468809,-0.0315914461247608,1.17293241965973,46
2005,20.9053260869565,4.06641304347826,"McCormick River",21.1720262287335,4.24695888468809,-0.266700141776937,-0.18054584120983,46
2006,20.6371739130435,4.27934782608696,"McCormick River",21.1720262287335,4.24695888468809,-0.534852315689978,0.0323889413988656,46
2007,21.325652173913,3.10217391304348,"McCormick River",21.1720262287335,4.24695888468809,0.153625945179584,-1.14478497164461,46
2008,19.9747826086957,7.98032608695652,"McCormick River",21.1720262287335,4.24695888468809,-1.19724362003781,3.73336720226843,46
2009,20.0395652173913,5.53260869565217,"McCormick River",21.1720262287335,4.24695888468809,-1.13246101134215,1.28564981096408,46
2010,22.1977173913043,5.16804347826087,"McCormick River",21.1720262287335,4.24695888468809,1.02569116257089,0.921084593572779,46
2011,21.9663043478261,3.90521739130435,"McCormick River",21.1720262287335,4.24695888468809,0.794278119092628,-0.341741493383743,46
2012,23.1352717391304,1.44826086956522,"McCormick River",21.1720262287335,4.24695888468809,1.96324551039698,-2.79869801512287,46
2013,20.979347826087,4.44663043478261,"McCormick River",21.1720262287335,4.24695888468809,-0.1926784026465,0.199671550094518,46
2014,20.6608152173913,4.49271739130435,"McCormick River",21.1720262287335,4.24695888468809,-0.511211011342155,0.245758506616257,46
2015,21.5477717391304,4.34010869565217,"McCormick River",21.1720262287335,4.24695888468809,0.375745510396978,0.0931498109640829,46
2016,21.1840217391304,4.44630434782609,"McCormick River",21.1720262287335,4.24695888468809,0.0119955103969787,0.199345463137996,46
2017,21.1263043478261,4.45804347826087,"McCormick River",21.1720262287335,4.24695888468809,-0.0457218809073723,0.211084593572779,46
2018,23.2925,3.68032608695652,"McCormick River",21.1720262287335,4.24695888468809,2.12047377126654,-0.566632797731569,46
1992,20.0919565217391,4.55423913043478,"Martin State Forest South",21.7175,4.37219754253308,-1.62554347826087,0.182041587901701,46
1993,21.7923369565217,4.10391304347826,"Martin State Forest South",21.7175,4.37219754253308,0.0748369565217395,-0.268284499054821,46
1994,20.8833695652174,2.88130434782609,"Martin State Forest South",21.7175,4.37219754253308,-0.834130434782608,-1.49089319470699,46
1995,21.4794565217391,5.16869565217391,"Martin State Forest South",21.7175,4.37219754253308,-0.23804347826087,0.796498109640831,46
1996,21.1083695652174,5.24576086956522,"Martin State Forest South",21.7175,4.37219754253308,-0.60913043478261,0.873563327032136,46
1997,20.0863043478261,4.05434782608696,"Martin State Forest South",21.7175,4.37219754253308,-1.63119565217391,-0.317849716446125,46
1998,22.1148913043478,5.82804347826087,"Martin State Forest South",21.7175,4.37219754253308,0.397391304347824,1.45584593572779,46
1999,22.3246739130435,3.76282608695652,"Martin State Forest South",21.7175,4.37219754253308,0.607173913043479,-0.609371455576559,46
2000,21.4032065217391,5.40869565217391,"Martin State Forest South",21.7175,4.37219754253308,-0.314293478260872,1.03649810964083,46
2001,21.43625,4.01652173913044,"Martin State Forest South",21.7175,4.37219754253308,-0.28125,-0.355675803402646,46
2002,21.9753804347826,4.26663043478261,"Martin State Forest South",21.7175,4.37219754253308,0.257880434782606,-0.105567107750472,46
2003,20.3922826086957,5.44108695652174,"Martin State Forest South",21.7175,4.37219754253308,-1.32521739130435,1.06888941398866,46
2004,21.8657608695652,5.8029347826087,"Martin State Forest South",21.7175,4.37219754253308,0.148260869565217,1.43073724007561,46
2005,21.6034239130435,3.04173913043478,"Martin State Forest South",21.7175,4.37219754253308,-0.114076086956523,-1.3304584120983,46
2006,21.3844565217391,3.60576086956522,"Martin State Forest South",21.7175,4.37219754253308,-0.333043478260869,-0.766436672967864,46
2007,22.0427717391304,3.04336956521739,"Martin State Forest South",21.7175,4.37219754253308,0.325271739130432,-1.32882797731569,46
2008,20.6236956521739,5.18608695652174,"Martin State Forest South",21.7175,4.37219754253308,-1.09380434782609,0.813889413988658,46
2009,20.7509239130435,5.73336956521739,"Martin State Forest South",21.7175,4.37219754253308,-0.966576086956522,1.36117202268431,46
2010,23.0728804347826,5.06760869565217,"Martin State Forest South",21.7175,4.37219754253308,1.35538043478261,0.695411153119093,46
2011,22.53375,4.83152173913043,"Martin State Forest South",21.7175,4.37219754253308,0.81625,0.459324196597353,46
2012,23.78875,1.23554347826087,"Martin State Forest South",21.7175,4.37219754253308,2.07125,-3.13665406427221,46
2013,21.3332065217391,4.90260869565217,"Martin State Forest South",21.7175,4.37219754253308,-0.384293478260872,0.530411153119092,46
2014,21.1398369565217,4.47858695652174,"Martin State Forest South",21.7175,4.37219754253308,-0.57766304347826,0.106389413988658,46
2015,21.9855434782609,4.91304347826087,"Martin State Forest South",21.7175,4.37219754253308,0.268043478260868,0.540845935727788,46
2016,21.5640760869565,3.98076086956522,"Martin State Forest South",21.7175,4.37219754253308,-0.153423913043479,-0.391436672967864,46
2017,21.5933152173913,5.32130434782609,"Martin State Forest South",21.7175,4.37219754253308,-0.124184782608697,0.949106805293005,46
2018,23.6886956521739,3.78880434782609,"Martin State Forest South",21.7175,4.37219754253308,1.97119565217391,-0.583393194706995,46
1992,19.365,4.55032608695652,"Owen-Putnam State Forest",21.2016517013233,4.44065689981096,-1.83665170132325,0.109669187145558,46
1993,21.2541847826087,4.03380434782609,"Owen-Putnam State Forest",21.2016517013233,4.44065689981096,0.0525330812854463,-0.406852551984877,46
1994,20.5939130434783,2.81130434782609,"Owen-Putnam State Forest",21.2016517013233,4.44065689981096,-0.60773865784499,-1.62935255198488,46
1995,21.0082065217391,4.15010869565217,"Owen-Putnam State Forest",21.2016517013233,4.44065689981096,-0.193445179584121,-0.290548204158791,46
1996,20.2603260869565,4.85978260869565,"Owen-Putnam State Forest",21.2016517013233,4.44065689981096,-0.941325614366729,0.419125708884688,46
1997,19.4865217391304,3.69597826086957,"Owen-Putnam State Forest",21.2016517013233,4.44065689981096,-1.71512996219282,-0.744678638941399,46
1998,21.6322826086957,6.14478260869565,"Owen-Putnam State Forest",21.2016517013233,4.44065689981096,0.430630907372404,1.70412570888469,46
1999,21.9966304347826,3.50315217391304,"Owen-Putnam State Forest",21.2016517013233,4.44065689981096,0.794978733459359,-0.937504725897921,46
2000,20.724347826087,3.72913043478261,"Owen-Putnam State Forest",21.2016517013233,4.44065689981096,-0.477303875236295,-0.711526465028355,46
2001,20.8128804347826,4.19597826086957,"Owen-Putnam State Forest",21.2016517013233,4.44065689981096,-0.38877126654064,-0.244678638941399,46
2002,21.2165217391304,5.35173913043478,"Owen-Putnam State Forest",21.2016517013233,4.44065689981096,0.0148700378071851,0.911082230623818,46
2003,19.748097826087,5.07326086956522,"Owen-Putnam State Forest",21.2016517013233,4.44065689981096,-1.4535538752363,0.632603969754253,46
2004,21.1352717391304,5.37304347826087,"Owen-Putnam State Forest",21.2016517013233,4.44065689981096,-0.0663799621928156,0.932386578449906,46
2005,20.9749456521739,3.84130434782609,"Owen-Putnam State Forest",21.2016517013233,4.44065689981096,-0.226706049149339,-0.599352551984877,46
2006,20.7205434782609,4.61260869565217,"Owen-Putnam State Forest",21.2016517013233,4.44065689981096,-0.481108223062382,0.17195179584121,46
2007,21.3796739130435,3.40467391304348,"Owen-Putnam State Forest",21.2016517013233,4.44065689981096,0.178022211720229,-1.03598298676749,46
2008,19.9780434782609,8.46913043478261,"Owen-Putnam State Forest",21.2016517013233,4.44065689981096,-1.22360822306238,4.02847353497164,46
2009,20.0303260869565,5.6929347826087,"Owen-Putnam State Forest",21.2016517013233,4.44065689981096,-1.17132561436673,1.25227788279773,46
2010,22.2161956521739,5.44826086956522,"Owen-Putnam State Forest",21.2016517013233,4.44065689981096,1.01454395085066,1.00760396975425,46
2011,21.8724456521739,4.03989130434783,"Owen-Putnam State Forest",21.2016517013233,4.44065689981096,0.670793950850662,-0.400765595463138,46
2012,23.0958695652174,1.27032608695652,"Owen-Putnam State Forest",21.2016517013233,4.44065689981096,1.89421786389414,-3.17033081285444,46
2013,20.8828260869565,5.17391304347826,"Owen-Putnam State Forest",21.2016517013233,4.44065689981096,-0.318825614366727,0.733256143667297,46
2014,20.5809782608696,4.76402173913043,"Owen-Putnam State Forest",21.2016517013233,4.44065689981096,-0.620673440453686,0.323364839319471,46
2015,21.5208695652174,4.72652173913044,"Owen-Putnam State Forest",21.2016517013233,4.44065689981096,0.319217863894142,0.285864839319471,46
2016,21.1963586956522,5.35510869565217,"Owen-Putnam State Forest",21.2016517013233,4.44065689981096,-0.00529300567107782,0.91445179584121,46
2017,21.1816304347826,4.85771739130435,"Owen-Putnam State Forest",21.2016517013233,4.44065689981096,-0.0200212665406418,0.417060491493384,46
2018,23.3029891304348,3.86239130434783,"Owen-Putnam State Forest",21.2016517013233,4.44065689981096,2.10133742911153,-0.578265595463138,46
1992,19.85625,3.78608695652174,"Spring Mill State Park",21.4338693289225,4.20332939508507,-1.57761932892249,-0.417242438563327,46
1993,21.5132065217391,3.6229347826087,"Spring Mill State Park",21.4338693289225,4.20332939508507,0.079337192816638,-0.580394612476371,46
1994,20.764347826087,2.49054347826087,"Spring Mill State Park",21.4338693289225,4.20332939508507,-0.669521502835536,-1.7127859168242,46
1995,21.2667391304348,5.36630434782609,"Spring Mill State Park",21.4338693289225,4.20332939508507,-0.167130198487712,1.16297495274102,46
1996,20.8848369565217,5.20054347826087,"Spring Mill State Park",21.4338693289225,4.20332939508507,-0.549032372400756,0.997214083175804,46
1997,19.8389130434783,4.32923913043478,"Spring Mill State Park",21.4338693289225,4.20332939508507,-1.59495628544423,0.125909735349716,46
1998,21.9510326086957,4.95358695652174,"Spring Mill State Park",21.4338693289225,4.20332939508507,0.517163279773158,0.750257561436673,46
1999,22.2677173913043,2.81097826086957,"Spring Mill State Park",21.4338693289225,4.20332939508507,0.833848062381854,-1.3923511342155,46
2000,21.1974456521739,4.56695652173913,"Spring Mill State Park",21.4338693289225,4.20332939508507,-0.236423676748583,0.363627126654064,46
2001,21.180597826087,3.96108695652174,"Spring Mill State Park",21.4338693289225,4.20332939508507,-0.253271502835538,-0.242242438563327,46
2002,21.6034782608696,4.1445652173913,"Spring Mill State Park",21.4338693289225,4.20332939508507,0.169608931947071,-0.058764177693762,46
2003,19.8528804347826,4.8904347826087,"Spring Mill State Park",21.4338693289225,4.20332939508507,-1.58098889413989,0.68710538752363,46
2004,21.7017934782609,5.75271739130435,"Spring Mill State Park",21.4338693289225,4.20332939508507,0.267924149338373,1.54938799621928,46
2005,21.4225543478261,3.4120652173913,"Spring Mill State Park",21.4338693289225,4.20332939508507,-0.0113149810964082,-0.791264177693762,46
2006,20.8510869565217,3.99445652173913,"Spring Mill State Park",21.4338693289225,4.20332939508507,-0.582782372400754,-0.208872873345936,46
2007,21.6159239130435,2.40010869565217,"Spring Mill State Park",21.4338693289225,4.20332939508507,0.182054584120984,-1.80322069943289,46
2008,20.3766304347826,5.33913043478261,"Spring Mill State Park",21.4338693289225,4.20332939508507,-1.05723889413989,1.13580103969754,46
2009,20.3066304347826,5.58554347826087,"Spring Mill State Park",21.4338693289225,4.20332939508507,-1.12723889413989,1.3822140831758,46
2010,22.5336956521739,4.10304347826087,"Spring Mill State Park",21.4338693289225,4.20332939508507,1.09982632325142,-0.100285916824197,46
2011,22.1089673913043,5.33565217391304,"Spring Mill State Park",21.4338693289225,4.20332939508507,0.675098062381853,1.13232277882798,46
2012,23.411902173913,2.10336956521739,"Spring Mill State Park",21.4338693289225,4.20332939508507,1.97803284499055,-2.09995982986767,46
2013,21.1448913043478,4.27554347826087,"Spring Mill State Park",21.4338693289225,4.20332939508507,-0.288978024574668,0.0722140831758038,46
2014,20.9844565217391,4.28195652173913,"Spring Mill State Park",21.4338693289225,4.20332939508507,-0.449412807183364,0.0786271266540641,46
2015,21.7515760869565,4.8625,"Spring Mill State Park",21.4338693289225,4.20332939508507,0.317706758034028,0.659170604914934,46
2016,21.3794565217391,4.99478260869565,"Spring Mill State Park",21.4338693289225,4.20332939508507,-0.0544128071833647,0.791453213610586,46
2017,21.1447826086957,5.41152173913043,"Spring Mill State Park",21.4338693289225,4.20332939508507,-0.289086720226841,1.20819234404537,46
2018,23.2873913043478,4.23097826086957,"Spring Mill State Park",21.4338693289225,4.20332939508507,1.85352197542533,0.0276488657844993,46
1992,19.7982608695652,4.44141304347826,"Sycamore",21.5088327032136,4.32722826086956,-1.71057183364839,0.114184782608696,46
1993,21.5327173913043,3.91228260869565,"Sycamore",21.5088327032136,4.32722826086956,0.0238846880907388,-0.414945652173913,46
1994,20.6559782608696,2.53978260869565,"Sycamore",21.5088327032136,4.32722826086956,-0.852854442344047,-1.78744565217391,46
1995,21.2382608695652,5.00402173913043,"Sycamore",21.5088327032136,4.32722826086956,-0.270571833648393,0.67679347826087,46
1996,20.7811956521739,5.12510869565217,"Sycamore",21.5088327032136,4.32722826086956,-0.727637051039697,0.797880434782609,46
1997,19.8121195652174,4.43130434782609,"Sycamore",21.5088327032136,4.32722826086956,-1.69671313799622,0.104076086956522,46
1998,21.9019565217391,5.72521739130435,"Sycamore",21.5088327032136,4.32722826086956,0.39312381852552,1.39798913043478,46
1999,22.2002173913043,3.25097826086956,"Sycamore",21.5088327032136,4.32722826086956,0.691384688090739,-1.07625,46
2000,21.1845108695652,5.28913043478261,"Sycamore",21.5088327032136,4.32722826086956,-0.324321833648394,0.961902173913044,46
2001,21.2225543478261,4.07673913043478,"Sycamore",21.5088327032136,4.32722826086956,-0.286278355387523,-0.250489130434782,46
2002,21.7064673913043,4.78489130434783,"Sycamore",21.5088327032136,4.32722826086956,0.197634688090737,0.457663043478261,46
2003,20.0626630434783,5.27576086956522,"Sycamore",21.5088327032136,4.32722826086956,-1.44616965973535,0.948532608695652,46
2004,21.6855434782609,5.61152173913043,"Sycamore",21.5088327032136,4.32722826086956,0.176710775047258,1.28429347826087,46
2005,21.4422826086957,3.31152173913043,"Sycamore",21.5088327032136,4.32722826086956,-0.0665500945179573,-1.01570652173913,46
2006,21.141847826087,3.87858695652174,"Sycamore",21.5088327032136,4.32722826086956,-0.366984877126654,-0.448641304347826,46
2007,21.794402173913,2.59,"Sycamore",21.5088327032136,4.32722826086956,0.285569470699432,-1.73722826086957,46
2008,20.3846739130435,5.59804347826087,"Sycamore",21.5088327032136,4.32722826086956,-1.12415879017013,1.2708152173913,46
2009,20.4908152173913,6.30826086956522,"Sycamore",21.5088327032136,4.32722826086956,-1.01801748582231,1.98103260869565,46
2010,22.7614130434783,5.03858695652174,"Sycamore",21.5088327032136,4.32722826086956,1.25258034026465,0.711358695652174,46
2011,22.3389130434783,4.79369565217391,"Sycamore",21.5088327032136,4.32722826086956,0.830080340264651,0.466467391304348,46
2012,23.6414130434783,1.40978260869565,"Sycamore",21.5088327032136,4.32722826086956,2.13258034026465,-2.91744565217391,46
2013,21.2164130434783,4.56434782608696,"Sycamore",21.5088327032136,4.32722826086956,-0.292419659735348,0.237119565217392,46
2014,20.9665217391304,4.50130434782609,"Sycamore",21.5088327032136,4.32722826086956,-0.542310964083175,0.174076086956522,46
2015,21.8041847826087,4.51934782608696,"Sycamore",21.5088327032136,4.32722826086956,0.295352079395087,0.192119565217392,46
2016,21.3988043478261,4.6375,"Sycamore",21.5088327032136,4.32722826086956,-0.110028355387524,0.310271739130435,46
2017,21.3473913043478,5.26728260869565,"Sycamore",21.5088327032136,4.32722826086956,-0.161441398865783,0.940054347826087,46
2018,23.4774456521739,3.72586956521739,"Sycamore",21.5088327032136,4.32722826086956,1.9686129489603,-0.601358695652173,46
1992,19.48,5.50967391304348,"Area 41",21.0212842627599,4.24807183364839,-1.54128426275992,1.26160207939509,46
1993,21.1430434782609,3.2675,"Area 41",21.0212842627599,4.24807183364839,0.121759215500948,-0.980571833648393,46
1994,20.411902173913,2.83597826086957,"Area 41",21.0212842627599,4.24807183364839,-0.609382088846878,-1.41209357277883,46
1995,20.8726086956522,5.31804347826087,"Area 41",21.0212842627599,4.24807183364839,-0.148675567107748,1.06997164461248,46
1996,20.1567934782609,6.50836956521739,"Area 41",21.0212842627599,4.24807183364839,-0.864490784499054,2.260297731569,46
1997,19.265597826087,5.80434782608696,"Area 41",21.0212842627599,4.24807183364839,-1.75568643667297,1.55627599243856,46
1998,21.3442391304348,5.48902173913043,"Area 41",21.0212842627599,4.24807183364839,0.322954867674859,1.24094990548204,46
1999,21.8867391304348,2.52,"Area 41",21.0212842627599,4.24807183364839,0.86545486767486,-1.72807183364839,46
2000,20.7953260869565,4.69565217391304,"Area 41",21.0212842627599,4.24807183364839,-0.225958175803402,0.447580340264651,46
2001,20.6799456521739,4.71434782608696,"Area 41",21.0212842627599,4.24807183364839,-0.341338610586011,0.466275992438563,46
2002,20.8811413043478,4.76695652173913,"Area 41",21.0212842627599,4.24807183364839,-0.140142958412099,0.518884688090737,46
2003,19.7279891304348,5.70478260869565,"Area 41",21.0212842627599,4.24807183364839,-1.29329513232514,1.45671077504726,46
2004,21.1726086956522,5.4525,"Area 41",21.0212842627599,4.24807183364839,0.151324432892249,1.20442816635161,46
2005,20.7485326086957,2.59826086956522,"Area 41",21.0212842627599,4.24807183364839,-0.272751654064272,-1.64981096408318,46
2006,20.0932608695652,3.81315217391304,"Area 41",21.0212842627599,4.24807183364839,-0.928023393194707,-0.43491965973535,46
2007,21.0516847826087,2.87967391304348,"Area 41",21.0212842627599,4.24807183364839,0.0304005198487722,-1.36839792060491,46
2008,19.8673913043478,5.23586956521739,"Area 41",21.0212842627599,4.24807183364839,-1.1538929584121,0.987797731568998,46
2009,20.1490760869565,4.76739130434783,"Area 41",21.0212842627599,4.24807183364839,-0.872208175803401,0.519319470699433,46
2010,22.2442934782609,4.68771739130435,"Area 41",21.0212842627599,4.24807183364839,1.22300921550094,0.439645557655954,46
2011,21.739347826087,4.3470652173913,"Area 41",21.0212842627599,4.24807183364839,0.718063563327032,0.0989933837429113,46
2012,22.5095108695652,2.45086956521739,"Area 41",21.0212842627599,4.24807183364839,1.48822660680529,-1.797202268431,46
2013,20.963097826087,4.65532608695652,"Area 41",21.0212842627599,4.24807183364839,-0.058186436672969,0.407254253308128,46
2014,20.815,4.23913043478261,"Area 41",21.0212842627599,4.24807183364839,-0.206284262759922,-0.00894139886578493,46
2015,21.7273369565217,5.19217391304348,"Area 41",21.0212842627599,4.24807183364839,0.706052693761816,0.944102079395085,46
2016,21.0532608695652,4.52608695652174,"Area 41",21.0212842627599,4.24807183364839,0.0319766068052942,0.278015122873346,46
2017,20.7889130434783,5.45989130434783,"Area 41",21.0212842627599,4.24807183364839,-0.232371219281664,1.21181947069943,46
2018,22.9007065217391,4.31304347826087,"Area 41",21.0212842627599,4.24807183364839,1.87942225897921,0.0649716446124762,46
1992,19.6642934782609,5.17260869565217,"Area 58",21.1810160680529,4.26064508506616,-1.51672258979206,0.911963610586012,46
1993,21.355597826087,3.14923913043478,"Area 58",21.1810160680529,4.26064508506616,0.174581758034027,-1.11140595463138,46
1994,20.5960869565217,2.99304347826087,"Area 58",21.1810160680529,4.26064508506616,-0.584929111531192,-1.26760160680529,46
1995,21.0773913043478,5.42945652173913,"Area 58",21.1810160680529,4.26064508506616,-0.103624763705103,1.16881143667297,46
1996,20.4365760869565,6.35532608695652,"Area 58",21.1810160680529,4.26064508506616,-0.744439981096409,2.09468100189036,46
1997,19.5102717391304,5.04239130434783,"Area 58",21.1810160680529,4.26064508506616,-1.6707443289225,0.781746219281664,46
1998,21.599347826087,5.47804347826087,"Area 58",21.1810160680529,4.26064508506616,0.418331758034025,1.21739839319471,46
1999,22.0991847826087,2.60239130434783,"Area 58",21.1810160680529,4.26064508506616,0.918168714555765,-1.65825378071834,46
2000,21.046847826087,4.60630434782609,"Area 58",21.1810160680529,4.26064508506616,-0.134168241965973,0.345659262759924,46
2001,20.9603260869565,4.65586956521739,"Area 58",21.1810160680529,4.26064508506616,-0.22068998109641,0.395224480151229,46
2002,21.12625,4.74184782608696,"Area 58",21.1810160680529,4.26064508506616,-0.0547660680529312,0.481202741020794,46
2003,19.8224456521739,5.04521739130435,"Area 58",21.1810160680529,4.26064508506616,-1.35857041587902,0.784572306238186,46
2004,21.2546739130435,5.37869565217391,"Area 58",21.1810160680529,4.26064508506616,0.0736578449905494,1.11805056710775,46
2005,20.8305434782609,2.11271739130435,"Area 58",21.1810160680529,4.26064508506616,-0.350472589792059,-2.14792769376181,46
2006,20.1357608695652,3.84402173913043,"Area 58",21.1810160680529,4.26064508506616,-1.04525519848771,-0.416623345935728,46
2007,21.0517934782609,2.83554347826087,"Area 58",21.1810160680529,4.26064508506616,-0.129222589792061,-1.42510160680529,46
2008,19.9364673913043,5.91423913043478,"Area 58",21.1810160680529,4.26064508506616,-1.24454867674858,1.65359404536862,46
2009,20.1810869565217,4.99673913043478,"Area 58",21.1810160680529,4.26064508506616,-0.999929111531191,0.73609404536862,46
2010,22.3075,4.31076086956522,"Area 58",21.1810160680529,4.26064508506616,1.12648393194707,0.050115784499055,46
2011,21.7620652173913,4.58358695652174,"Area 58",21.1810160680529,4.26064508506616,0.581049149338373,0.322941871455577,46
2012,22.5345108695652,2.38434782608696,"Area 58",21.1810160680529,4.26064508506616,1.35349480151229,-1.87629725897921,46
2013,21.1988043478261,4.66869565217391,"Area 58",21.1810160680529,4.26064508506616,0.017788279773157,0.40805056710775,46
2014,21.0151630434783,4.0375,"Area 58",21.1810160680529,4.26064508506616,-0.16585302457467,-0.223145085066163,46
2015,21.9223369565217,5.75065217391304,"Area 58",21.1810160680529,4.26064508506616,0.74132088846881,1.49000708884688,46
2016,21.2780434782609,4.67086956521739,"Area 58",21.1810160680529,4.26064508506616,0.0970274102079394,0.410224480151229,46
2017,21.0529347826087,5.30369565217391,"Area 58",21.1810160680529,4.26064508506616,-0.128081285444235,1.04305056710775,46
2018,23.138152173913,4.34239130434783,"Area 58",21.1810160680529,4.26064508506616,1.95713610586011,0.0817462192816638,46
1992,19.3592934782609,5.51054347826087,"Area 27 A",20.9517615784499,4.20532608695652,-1.59246810018903,1.30521739130435,46
1993,21.0452173913043,3.08076086956522,"Area 27 A",20.9517615784499,4.20532608695652,0.0934558128544438,-1.1245652173913,46
1994,20.3560326086957,2.63478260869565,"Area 27 A",20.9517615784499,4.20532608695652,-0.595728969754251,-1.57054347826087,46
1995,20.7747826086957,5.23934782608696,"Area 27 A",20.9517615784499,4.20532608695652,-0.176978969754252,1.03402173913044,46
1996,20.0071739130435,6.44065217391304,"Area 27 A",20.9517615784499,4.20532608695652,-0.944587665406427,2.23532608695652,46
1997,19.1501630434783,5.54576086956522,"Area 27 A",20.9517615784499,4.20532608695652,-1.80159853497164,1.3404347826087,46
1998,21.2199456521739,5.80945652173913,"Area 27 A",20.9517615784499,4.20532608695652,0.268184073724008,1.60413043478261,46
1999,21.8077717391304,2.39913043478261,"Area 27 A",20.9517615784499,4.20532608695652,0.85601016068053,-1.80619565217391,46
2000,20.6750543478261,4.59119565217391,"Area 27 A",20.9517615784499,4.20532608695652,-0.276707230623817,0.385869565217392,46
2001,20.5903804347826,4.76271739130435,"Area 27 A",20.9517615784499,4.20532608695652,-0.361381143667295,0.557391304347826,46
2002,20.8248913043478,4.85586956521739,"Area 27 A",20.9517615784499,4.20532608695652,-0.126870274102078,0.65054347826087,46
2003,19.7059782608696,5.58913043478261,"Area 27 A",20.9517615784499,4.20532608695652,-1.24578331758034,1.38380434782609,46
2004,21.1564673913043,5.21532608695652,"Area 27 A",20.9517615784499,4.20532608695652,0.204705812854442,1.01,46
2005,20.7326630434783,2.68641304347826,"Area 27 A",20.9517615784499,4.20532608695652,-0.219098534971643,-1.51891304347826,46
2006,20.1252717391304,3.92771739130435,"Area 27 A",20.9517615784499,4.20532608695652,-0.826489839319471,-0.277608695652173,46
2007,21.0807608695652,2.9279347826087,"Area 27 A",20.9517615784499,4.20532608695652,0.128999291115313,-1.27739130434783,46
2008,19.8553804347826,5.52934782608696,"Area 27 A",20.9517615784499,4.20532608695652,-1.09638114366729,1.32402173913044,46
2009,20.1549456521739,4.92086956521739,"Area 27 A",20.9517615784499,4.20532608695652,-0.79681592627599,0.71554347826087,46
2010,22.26375,4.6004347826087,"Area 27 A",20.9517615784499,4.20532608695652,1.3119884215501,0.395108695652175,46
2011,21.8007065217391,4.12326086956522,"Area 27 A",20.9517615784499,4.20532608695652,0.848944943289226,-0.0820652173913041,46
2012,22.6257065217391,2.31489130434783,"Area 27 A",20.9517615784499,4.20532608695652,1.67394494328923,-1.8904347826087,46
2013,20.9645108695652,4.50163043478261,"Area 27 A",20.9517615784499,4.20532608695652,0.0127492911153126,0.296304347826087,46
2014,20.6769565217391,4.1629347826087,"Area 27 A",20.9517615784499,4.20532608695652,-0.274805056710775,-0.0423913043478255,46
2015,21.6040217391304,5.18510869565217,"Area 27 A",20.9517615784499,4.20532608695652,0.65226016068053,0.979782608695652,46
2016,20.9292391304348,4.00858695652174,"Area 27 A",20.9517615784499,4.20532608695652,-0.0225224480151205,-0.196739130434782,46
2017,20.6633152173913,4.7875,"Area 27 A",20.9517615784499,4.20532608695652,-0.2884463610586,0.582173913043478,46
2018,22.7867934782609,4.40228260869565,"Area 27 A",20.9517615784499,4.20532608695652,1.83503189981096,0.196956521739131,46
1992,19.5132065217391,4.45869565217391,"Newark",21.2816292533081,4.43275992438563,-1.768422731569,0.025935727788279,46
1993,21.3404891304348,4.04739130434783,"Newark",21.2816292533081,4.43275992438563,0.058859877126654,-0.385368620037807,46
1994,20.5877717391304,2.2645652173913,"Newark",21.2816292533081,4.43275992438563,-0.693857514177694,-2.16819470699433,46
1995,21.0813586956522,4.61010869565217,"Newark",21.2816292533081,4.43275992438563,-0.200270557655955,0.177348771266541,46
1996,20.4351086956522,4.91239130434783,"Newark",21.2816292533081,4.43275992438563,-0.846520557655953,0.479631379962193,46
1997,19.5516847826087,4.23521739130435,"Newark",21.2816292533081,4.43275992438563,-1.72994447069943,-0.197542533081286,46
1998,21.6633695652174,6.30978260869565,"Newark",21.2816292533081,4.43275992438563,0.381740311909262,1.87702268431002,46
1999,22.0479347826087,3.0775,"Newark",21.2816292533081,4.43275992438563,0.766305529300567,-1.35525992438563,46
2000,20.8394565217391,4.55173913043478,"Newark",21.2816292533081,4.43275992438563,-0.442172731568999,0.118979206049149,46
2001,20.9717391304348,3.96336956521739,"Newark",21.2816292533081,4.43275992438563,-0.309890122873345,-0.469390359168242,46
2002,21.4146195652174,5.1875,"Newark",21.2816292533081,4.43275992438563,0.132990311909264,0.754740075614366,46
2003,19.8253260869565,5.4145652173913,"Newark",21.2816292533081,4.43275992438563,-1.45630316635161,0.981805293005671,46
2004,21.3234782608696,5.74130434782609,"Newark",21.2816292533081,4.43275992438563,0.0418490075614351,1.30854442344045,46
2005,21.130597826087,3.8854347826087,"Newark",21.2816292533081,4.43275992438563,-0.151031427221174,-0.547325141776938,46
2006,20.9642934782609,4.2529347826087,"Newark",21.2816292533081,4.43275992438563,-0.317335775047258,-0.179825141776938,46
2007,21.5999456521739,2.74369565217391,"Newark",21.2816292533081,4.43275992438563,0.318316398865782,-1.68906427221172,46
2008,20.0900543478261,6.76902173913043,"Newark",21.2816292533081,4.43275992438563,-1.19157490548204,2.3362618147448,46
2009,20.1646195652174,6.10076086956522,"Newark",21.2816292533081,4.43275992438563,-1.11700968809074,1.66800094517958,46
2010,22.3948913043478,6.06228260869565,"Newark",21.2816292533081,4.43275992438563,1.1132620510397,1.62952268431002,46
2011,22.021847826087,4.05663043478261,"Newark",21.2816292533081,4.43275992438563,0.740218572778829,-0.376129489603025,46
2012,23.3010326086957,1.38608695652174,"Newark",21.2816292533081,4.43275992438563,2.01940335538752,-3.04667296786389,46
2013,20.9139673913043,5.40521739130435,"Newark",21.2816292533081,4.43275992438563,-0.367661862003782,0.972457466918714,46
2014,20.6821195652174,4.53108695652174,"Newark",21.2816292533081,4.43275992438563,-0.599509688090738,0.0983270321361056,46
2015,21.5544565217391,4.80467391304348,"Newark",21.2816292533081,4.43275992438563,0.272827268431001,0.371913988657845,46
2016,21.1973369565217,5.14032608695652,"Newark",21.2816292533081,4.43275992438563,-0.0842922967863906,0.707566162570888,46
2017,21.1797282608696,4.35902173913043,"Newark",21.2816292533081,4.43275992438563,-0.101900992438562,-0.0737381852551993,46
2018,23.3610869565217,3.91826086956522,"Newark",21.2816292533081,4.43275992438563,2.07945770321361,-0.514499054820416,46
1992,21.9025,3.4645652173913,"Berry College",23.5637145557656,3.68447069943289,-1.6612145557656,-0.219905482041588,46
1993,23.9748369565217,1.66326086956522,"Berry College",23.5637145557656,3.68447069943289,0.411122400756142,-2.02120982986767,46
1994,22.5186413043478,4.62282608695652,"Berry College",23.5637145557656,3.68447069943289,-1.04507325141777,0.93835538752363,46
1995,23.6425,1.92402173913043,"Berry College",23.5637145557656,3.68447069943289,0.078785444234402,-1.76044896030246,46
1996,23.484402173913,2.78369565217391,"Berry College",23.5637145557656,3.68447069943289,-0.079312381852553,-0.900775047258979,46
1997,21.7720108695652,4.25554347826087,"Berry College",23.5637145557656,3.68447069943289,-1.79170368620038,0.571072778827977,46
1998,24.6953260869565,2.99652173913043,"Berry College",23.5637145557656,3.68447069943289,1.13161153119093,-0.687948960302458,46
1999,23.0446739130435,4.98771739130435,"Berry College",23.5637145557656,3.68447069943289,-0.519040642722118,1.30324669187146,46
2000,23.9695652173913,2.43391304347826,"Berry College",23.5637145557656,3.68447069943289,0.405850661625706,-1.25055765595463,46
2001,23.4697826086957,4.33369565217391,"Berry College",23.5637145557656,3.68447069943289,-0.0939319470699438,0.649224952741021,46
2002,23.5629891304348,3.73684782608696,"Berry College",23.5637145557656,3.68447069943289,-0.000725425330813323,0.0523771266540645,46
2003,22.7942391304348,7.7475,"Berry College",23.5637145557656,3.68447069943289,-0.769475425330814,4.06302930056711,46
2004,24.1096195652174,4.39663043478261,"Berry College",23.5637145557656,3.68447069943289,0.545905009451793,0.712159735349717,46
2005,23.0454891304348,4.52021739130435,"Berry College",23.5637145557656,3.68447069943289,-0.518225425330815,0.835746691871456,46
2006,24.0752717391304,2.03282608695652,"Berry College",23.5637145557656,3.68447069943289,0.51155718336484,-1.65164461247637,46
2007,23.6164130434783,2.09478260869565,"Berry College",23.5637145557656,3.68447069943289,0.0526984877126644,-1.58968809073724,46
2008,23.216902173913,3.1045652173913,"Berry College",23.5637145557656,3.68447069943289,-0.346812381852551,-0.579905482041588,46
2009,23.7040217391304,3.72478260869565,"Berry College",23.5637145557656,3.68447069943289,0.14030718336484,0.0403119092627602,46
2010,25.1159239130435,3.29923913043478,"Berry College",23.5637145557656,3.68447069943289,1.55220935727788,-0.38523156899811,46
2011,24.0134782608696,2.92576086956522,"Berry College",23.5637145557656,3.68447069943289,0.449763705103969,-0.758709829867675,46
2012,24.4603804347826,2.91847826086957,"Berry College",23.5637145557656,3.68447069943289,0.896665879017014,-0.765992438563327,46
2013,22.7503804347826,5.43532608695652,"Berry College",23.5637145557656,3.68447069943289,-0.813334120982987,1.75085538752363,46
2014,23.0605434782609,3.10391304347826,"Berry College",23.5637145557656,3.68447069943289,-0.503171077504728,-0.580557655954631,46
2015,24.4400543478261,2.42271739130435,"Berry College",23.5637145557656,3.68447069943289,0.876339792060492,-1.26175330812854,46
2016,24.421847826087,2.31891304347826,"Berry College",23.5637145557656,3.68447069943289,0.85813327032136,-1.36555765595463,46
2017,23.4889673913043,4.64978260869565,"Berry College",23.5637145557656,3.68447069943289,-0.0747471644612467,0.96531190926276,46
2018,24.8272826086957,4.83402173913043,"Berry College",23.5637145557656,3.68447069943289,1.26356805293005,1.14955103969754,46
1992,23.7917934782609,4.17173913043478,"Shelby Farms",24.8525200850662,3.87218336483932,-1.06072660680529,0.299555765595463,46
1993,24.9758152173913,2.57934782608696,"Shelby Farms",24.8525200850662,3.87218336483932,0.12329513232514,-1.29283553875236,46
1994,24.2277717391304,4.17967391304348,"Shelby Farms",24.8525200850662,3.87218336483932,-0.624748345935728,0.307490548204159,46
1995,24.215,4.45141304347826,"Shelby Farms",24.8525200850662,3.87218336483932,-0.637520085066164,0.579229678638941,46
1996,24.664347826087,5.44402173913044,"Shelby Farms",24.8525200850662,3.87218336483932,-0.188172258979208,1.57183837429112,46
1997,23.4775543478261,4.81934782608696,"Shelby Farms",24.8525200850662,3.87218336483932,-1.37496573724008,0.947164461247637,46
1998,26.3240217391304,2.89173913043478,"Shelby Farms",24.8525200850662,3.87218336483932,1.47150165406427,-0.980444234404537,46
1999,24.9958695652174,2.82282608695652,"Shelby Farms",24.8525200850662,3.87218336483932,0.143349480151226,-1.0493572778828,46
2000,24.8978804347826,2.40130434782609,"Shelby Farms",24.8525200850662,3.87218336483932,0.045360349716443,-1.47087901701323,46
2001,24.7411956521739,3.30663043478261,"Shelby Farms",24.8525200850662,3.87218336483932,-0.11132443289225,-0.565552930056711,46
2002,24.4502717391304,3.71369565217391,"Shelby Farms",24.8525200850662,3.87218336483932,-0.402248345935728,-0.158487712665406,46
2003,23.8111956521739,5.62054347826087,"Shelby Farms",24.8525200850662,3.87218336483932,-1.04132443289225,1.74836011342155,46
2004,24.5478260869565,3.6920652173913,"Shelby Farms",24.8525200850662,3.87218336483932,-0.304693998109641,-0.180118147448015,46
2005,24.4159239130435,3.12815217391304,"Shelby Farms",24.8525200850662,3.87218336483932,-0.436596172022686,-0.744031190926276,46
2006,24.8472826086957,2.26173913043478,"Shelby Farms",24.8525200850662,3.87218336483932,-0.00523747637051031,-1.61044423440454,46
2007,25.27375,1.62423913043478,"Shelby Farms",24.8525200850662,3.87218336483932,0.421229914933836,-2.24794423440454,46
2008,24.7710326086957,3.02934782608696,"Shelby Farms",24.8525200850662,3.87218336483932,-0.081487476370512,-0.842835538752363,46
2009,24.2857065217391,6.13630434782609,"Shelby Farms",24.8525200850662,3.87218336483932,-0.566813563327035,2.26412098298677,46
2010,26.4491304347826,5.05630434782609,"Shelby Farms",24.8525200850662,3.87218336483932,1.59661034971645,1.18412098298677,46
2011,25.6683695652174,3.62663043478261,"Shelby Farms",24.8525200850662,3.87218336483932,0.815849480151225,-0.245552930056711,46
2012,25.68875,2.62826086956522,"Shelby Farms",24.8525200850662,3.87218336483932,0.836229914933835,-1.2439224952741,46
2013,23.7513043478261,5.80315217391304,"Shelby Farms",24.8525200850662,3.87218336483932,-1.10121573724008,1.93096880907372,46
2014,23.7600543478261,5.81880434782609,"Shelby Farms",24.8525200850662,3.87218336483932,-1.09246573724008,1.94662098298677,46
2015,25.324347826087,4.135,"Shelby Farms",24.8525200850662,3.87218336483932,0.471827741020793,0.26281663516068,46
2016,25.1045108695652,4.38108695652174,"Shelby Farms",24.8525200850662,3.87218336483932,0.251990784499053,0.50890359168242,46
2017,24.4764130434783,4.04217391304348,"Shelby Farms",24.8525200850662,3.87218336483932,-0.376107041587904,0.169990548204159,46
2018,26.6880434782609,3.72804347826087,"Shelby Farms",24.8525200850662,3.87218336483932,1.83552339319471,-0.14413988657845,46
1992,20.0373913043478,3.39010869565217,"Storage Area",22.0527209357278,3.52948251417769,-2.01532963137996,-0.13937381852552,46
1993,22.4496739130435,2.29641304347826,"Storage Area",22.0527209357278,3.52948251417769,0.396952977315692,-1.23306947069943,46
1994,21.7719565217391,3.59467391304348,"Storage Area",22.0527209357278,3.52948251417769,-0.280764413988656,0.0651913988657848,46
1995,21.92125,4.22065217391304,"Storage Area",22.0527209357278,3.52948251417769,-0.131470935727787,0.69116965973535,46
1996,20.9560869565217,5.04130434782609,"Storage Area",22.0527209357278,3.52948251417769,-1.09663397920605,1.51182183364839,46
1997,20.5235869565217,2.52728260869565,"Storage Area",22.0527209357278,3.52948251417769,-1.52913397920605,-1.00219990548204,46
1998,21.8998369565217,3.66586956521739,"Storage Area",22.0527209357278,3.52948251417769,-0.152883979206049,0.136387051039698,46
1999,22.2573369565217,1.4995652173913,"Storage Area",22.0527209357278,3.52948251417769,0.204616020793953,-2.02991729678639,46
2000,21.5133152173913,4.28934782608696,"Storage Area",22.0527209357278,3.52948251417769,-0.539405718336482,0.759865311909263,46
2001,21.0970652173913,3.92728260869565,"Storage Area",22.0527209357278,3.52948251417769,-0.955655718336484,0.397800094517959,46
2002,22.1665760869565,1.96445652173913,"Storage Area",22.0527209357278,3.52948251417769,0.113855151228734,-1.56502599243856,46
2003,20.6258152173913,4.87532608695652,"Storage Area",22.0527209357278,3.52948251417769,-1.42690571833649,1.34584357277883,46
2004,22.4066304347826,3.65195652173913,"Storage Area",22.0527209357278,3.52948251417769,0.353909499054822,0.122474007561437,46
2005,21.351847826087,2.75586956521739,"Storage Area",22.0527209357278,3.52948251417769,-0.700873109640831,-0.773612948960302,46
2006,21.6745108695652,4.08510869565217,"Storage Area",22.0527209357278,3.52948251417769,-0.37821006616257,0.555626181474481,46
2007,22.1140217391304,1.61673913043478,"Storage Area",22.0527209357278,3.52948251417769,0.0613008034026485,-1.91274338374291,46
2008,21.463097826087,6.0820652173913,"Storage Area",22.0527209357278,3.52948251417769,-0.589623109640829,2.55258270321361,46
2009,21.1989673913043,4.26413043478261,"Storage Area",22.0527209357278,3.52948251417769,-0.853753544423441,0.734647920604915,46
2010,23.7570108695652,2.18869565217391,"Storage Area",22.0527209357278,3.52948251417769,1.70428993383743,-1.34078686200378,46
2011,23.2052173913043,3.18413043478261,"Storage Area",22.0527209357278,3.52948251417769,1.15249645557656,-0.345352079395085,46
2012,23.608152173913,3.31673913043478,"Storage Area",22.0527209357278,3.52948251417769,1.55543123818526,-0.212743383742911,46
2013,22.1573369565217,4.89010869565217,"Storage Area",22.0527209357278,3.52948251417769,0.104616020793951,1.36062618147448,46
2014,22.0777717391304,3.46565217391304,"Storage Area",22.0527209357278,3.52948251417769,0.025050803402646,-0.0638303402646501,46
2015,23.0553260869565,4.30641304347826,"Storage Area",22.0527209357278,3.52948251417769,1.00260515122874,0.776930529300567,46
2016,21.9714130434783,4.42967391304348,"Storage Area",22.0527209357278,3.52948251417769,-0.0813078922495265,0.900191398865785,46
2017,22.231847826087,4.5479347826087,"Storage Area",22.0527209357278,3.52948251417769,0.179126890359168,1.018452268431,46
2018,23.054347826087,6.24097826086957,"Storage Area",22.0527209357278,3.52948251417769,1.00162689035917,2.71149574669187,46
1992,20.5020652173913,3.42619565217391,"Rum Point",22.5758187618147,3.45638468809074,-2.07375354442344,-0.0301890359168242,46
1993,23.0242934782609,2.64152173913043,"Rum Point",22.5758187618147,3.45638468809074,0.448474716446125,-0.814862948960303,46
1994,22.5458152173913,3.07119565217391,"Rum Point",22.5758187618147,3.45638468809074,-0.0300035444234403,-0.385189035916824,46
1995,22.4875,3.36532608695652,"Rum Point",22.5758187618147,3.45638468809074,-0.0883187618147439,-0.0910586011342156,46
1996,21.5855434782609,4.365,"Rum Point",22.5758187618147,3.45638468809074,-0.990275283553874,0.908615311909263,46
1997,21.1275543478261,1.7379347826087,"Rum Point",22.5758187618147,3.45638468809074,-1.44826441398866,-1.71844990548204,46
1998,22.4719565217391,3.53836956521739,"Rum Point",22.5758187618147,3.45638468809074,-0.103862240075614,0.0819848771266543,46
1999,22.8907065217391,1.5745652173913,"Rum Point",22.5758187618147,3.45638468809074,0.314887759924385,-1.88181947069943,46
2000,21.9136956521739,5.39782608695652,"Rum Point",22.5758187618147,3.45638468809074,-0.662123109640831,1.94144139886578,46
2001,21.628152173913,4.07445652173913,"Rum Point",22.5758187618147,3.45638468809074,-0.947666587901701,0.618071833648393,46
2002,22.6627717391304,1.88423913043478,"Rum Point",22.5758187618147,3.45638468809074,0.0869529773156899,-1.57214555765595,46
2003,21.0903804347826,4.39380434782609,"Rum Point",22.5758187618147,3.45638468809074,-1.48543832703213,0.93741965973535,46
2004,22.8907065217391,3.62445652173913,"Rum Point",22.5758187618147,3.45638468809074,0.314887759924385,0.168071833648393,46
2005,21.7917391304348,3.03195652173913,"Rum Point",22.5758187618147,3.45638468809074,-0.784079631379964,-0.424428166351607,46
2006,22.2126630434783,4.10869565217391,"Rum Point",22.5758187618147,3.45638468809074,-0.363155718336483,0.652310964083176,46
2007,22.5961413043478,1.41358695652174,"Rum Point",22.5758187618147,3.45638468809074,0.02032254253308,-2.042797731569,46
2008,22.0007065217391,6.12967391304348,"Rum Point",22.5758187618147,3.45638468809074,-0.575112240075615,2.67328922495274,46
2009,21.7209239130435,3.8275,"Rum Point",22.5758187618147,3.45638468809074,-0.854894848771266,0.371115311909263,46
2010,24.2511413043478,2.39728260869565,"Rum Point",22.5758187618147,3.45638468809074,1.67532254253308,-1.05910207939508,46
2011,23.7600543478261,2.71054347826087,"Rum Point",22.5758187618147,3.45638468809074,1.18423558601134,-0.745841209829868,46
2012,24.143097826087,2.4695652173913,"Rum Point",22.5758187618147,3.45638468809074,1.56727906427221,-0.986819470699433,46
2013,22.6611956521739,4.48108695652174,"Rum Point",22.5758187618147,3.45638468809074,0.0853768903591678,1.024702268431,46
2014,22.5295652173913,3.3870652173913,"Rum Point",22.5758187618147,3.45638468809074,-0.0462535444234398,-0.0693194706994329,46
2015,23.5390217391304,4.97608695652174,"Rum Point",22.5758187618147,3.45638468809074,0.963202977315689,1.519702268431,46
2016,22.4246195652174,4.24586956521739,"Rum Point",22.5758187618147,3.45638468809074,-0.151199196597354,0.789484877126654,46
2017,22.7273913043478,4.68489130434783,"Rum Point",22.5758187618147,3.45638468809074,0.151572542533081,1.22850661625709,46
2018,23.5497826086957,5.79097826086957,"Rum Point",22.5758187618147,3.45638468809074,0.973963846880906,2.33459357277883,46
1992,20.2409782608696,3.45510869565217,"Watchable Wildlife",22.3038539697543,3.54498345935728,-2.06287570888469,-0.0898747637051041,46
1993,22.7257065217391,2.78652173913043,"Watchable Wildlife",22.3038539697543,3.54498345935728,0.421852551984877,-0.758461720226843,46
1994,22.2571195652174,3.19880434782609,"Watchable Wildlife",22.3038539697543,3.54498345935728,-0.0467344045368634,-0.346179111531191,46
1995,22.2583152173913,3.525,"Watchable Wildlife",22.3038539697543,3.54498345935728,-0.0455387523629511,-0.0199834593572779,46
1996,21.3265760869565,4.53445652173913,"Watchable Wildlife",22.3038539697543,3.54498345935728,-0.977277882797733,0.989473062381853,46
1997,20.8800543478261,1.84576086956522,"Watchable Wildlife",22.3038539697543,3.54498345935728,-1.42379962192817,-1.69922258979206,46
1998,22.2228804347826,3.63630434782609,"Watchable Wildlife",22.3038539697543,3.54498345935728,-0.0809735349716441,0.0913208884688093,46
1999,22.6141304347826,1.65630434782609,"Watchable Wildlife",22.3038539697543,3.54498345935728,0.310276465028355,-1.88867911153119,46
2000,21.7029891304348,5.4329347826087,"Watchable Wildlife",22.3038539697543,3.54498345935728,-0.60086483931947,1.88795132325142,46
2001,21.385652173913,4.20576086956522,"Watchable Wildlife",22.3038539697543,3.54498345935728,-0.91820179584121,0.66077741020794,46
2002,22.4171195652174,1.94989130434783,"Watchable Wildlife",22.3038539697543,3.54498345935728,0.113265595463137,-1.59509215500945,46
2003,20.8776630434783,4.57673913043478,"Watchable Wildlife",22.3038539697543,3.54498345935728,-1.42619092627599,1.03175567107751,46
2004,22.6561413043478,3.75565217391304,"Watchable Wildlife",22.3038539697543,3.54498345935728,0.352287334593573,0.210668714555766,46
2005,21.5445108695652,3.16021739130435,"Watchable Wildlife",22.3038539697543,3.54498345935728,-0.759343100189035,-0.38476606805293,46
2006,21.944402173913,4.24065217391304,"Watchable Wildlife",22.3038539697543,3.54498345935728,-0.35945179584121,0.695668714555766,46
2007,22.3451086956522,1.45858695652174,"Watchable Wildlife",22.3038539697543,3.54498345935728,0.0412547258979217,-2.08639650283554,46
2008,21.7303260869565,6.13347826086957,"Watchable Wildlife",22.3038539697543,3.54498345935728,-0.573527882797734,2.58849480151229,46
2009,21.4620108695652,3.91804347826087,"Watchable Wildlife",22.3038539697543,3.54498345935728,-0.841843100189035,0.373060018903592,46
2010,23.9802173913043,2.4675,"Watchable Wildlife",22.3038539697543,3.54498345935728,1.67636342155009,-1.07748345935728,46
2011,23.4722282608696,2.8825,"Watchable Wildlife",22.3038539697543,3.54498345935728,1.16837429111531,-0.662483459357278,46
2012,23.8185326086957,2.66260869565217,"Watchable Wildlife",22.3038539697543,3.54498345935728,1.5146786389414,-0.882374763705104,46
2013,22.3810326086957,4.51815217391304,"Watchable Wildlife",22.3038539697543,3.54498345935728,0.0771786389413975,0.973168714555766,46
2014,22.285,3.44380434782609,"Watchable Wildlife",22.3038539697543,3.54498345935728,-0.0188539697542538,-0.101179111531191,46
2015,23.3015217391304,5.04478260869565,"Watchable Wildlife",22.3038539697543,3.54498345935728,0.997667769376182,1.49979914933837,46
2016,22.1452173913043,4.3904347826087,"Watchable Wildlife",22.3038539697543,3.54498345935728,-0.158636578449904,0.845451323251418,46
2017,22.4190760869565,4.79021739130435,"Watchable Wildlife",22.3038539697543,3.54498345935728,0.115222117202268,1.24523393194707,46
2018,23.2685326086957,5.8995652173913,"Watchable Wildlife",22.3038539697543,3.54498345935728,0.964678638941397,2.35458175803403,46
1992,21.1703260869565,4.08532608695652,"B.Coll. House of Dreams",22.6991564272212,4.12068525519849,-1.52883034026465,-0.0353591682419658,46
1993,22.9442391304348,1.98945652173913,"B.Coll. House of Dreams",22.6991564272212,4.12068525519849,0.245082703213612,-2.13122873345936,46
1994,21.5795108695652,5.00913043478261,"B.Coll. House of Dreams",22.6991564272212,4.12068525519849,-1.11964555765595,0.888445179584121,46
1995,22.585597826087,2.48478260869565,"B.Coll. House of Dreams",22.6991564272212,4.12068525519849,-0.113558601134216,-1.63590264650284,46
1996,22.609347826087,3.40804347826087,"B.Coll. House of Dreams",22.6991564272212,4.12068525519849,-0.0898086011342158,-0.712641776937618,46
1997,21.0090217391304,4.51858695652174,"B.Coll. House of Dreams",22.6991564272212,4.12068525519849,-1.69013468809074,0.397901701323251,46
1998,24.0089673913043,3.17760869565217,"B.Coll. House of Dreams",22.6991564272212,4.12068525519849,1.30981096408318,-0.943076559546314,46
1999,22.5857608695652,5.45,"B.Coll. House of Dreams",22.6991564272212,4.12068525519849,-0.113395557655956,1.32931474480151,46
2000,23.1760869565217,2.72478260869565,"B.Coll. House of Dreams",22.6991564272212,4.12068525519849,0.476930529300567,-1.39590264650284,46
2001,22.0466304347826,4.8545652173913,"B.Coll. House of Dreams",22.6991564272212,4.12068525519849,-0.652525992438562,0.733879962192816,46
2002,22.3896195652174,4.12413043478261,"B.Coll. House of Dreams",22.6991564272212,4.12068525519849,-0.309536862003782,0.00344517958412105,46
2003,21.6234239130435,8.005,"B.Coll. House of Dreams",22.6991564272212,4.12068525519849,-1.07573251417769,3.88431474480151,46
2004,22.7241847826087,4.95913043478261,"B.Coll. House of Dreams",22.6991564272212,4.12068525519849,0.0250283553875228,0.838445179584121,46
2005,21.7928260869565,4.84336956521739,"B.Coll. House of Dreams",22.6991564272212,4.12068525519849,-0.906330340264653,0.722684310018903,46
2006,22.8848369565217,2.2445652173913,"B.Coll. House of Dreams",22.6991564272212,4.12068525519849,0.185680529300566,-1.87612003780718,46
2007,22.99,2.55934782608696,"B.Coll. House of Dreams",22.6991564272212,4.12068525519849,0.290843572778826,-1.56133742911153,46
2008,22.5485326086957,3.35880434782609,"B.Coll. House of Dreams",22.6991564272212,4.12068525519849,-0.150623818525521,-0.761880907372401,46
2009,22.9125,4.33347826086957,"B.Coll. House of Dreams",22.6991564272212,4.12068525519849,0.213343572778829,0.212793005671077,46
2010,24.4741847826087,3.57565217391304,"B.Coll. House of Dreams",22.6991564272212,4.12068525519849,1.77502835538752,-0.545033081285445,46
2011,23.4213586956522,3.02391304347826,"B.Coll. House of Dreams",22.6991564272212,4.12068525519849,0.722202268431001,-1.09677221172023,46
2012,23.7588043478261,3.62434782608696,"B.Coll. House of Dreams",22.6991564272212,4.12068525519849,1.05964792060491,-0.496337429111532,46
2013,22.0842391304348,5.75934782608696,"B.Coll. House of Dreams",22.6991564272212,4.12068525519849,-0.614917296786391,1.63866257088847,46
2014,22.4503804347826,3.6070652173913,"B.Coll. House of Dreams",22.6991564272212,4.12068525519849,-0.248775992438564,-0.513620037807184,46
2015,23.8704891304348,2.76608695652174,"B.Coll. House of Dreams",22.6991564272212,4.12068525519849,1.17133270321361,-1.35459829867675,46
2016,23.7016847826087,2.55717391304348,"B.Coll. House of Dreams",22.6991564272212,4.12068525519849,1.00252835538752,-1.56351134215501,46
2017,22.7236413043478,5.45391304347826,"B.Coll. House of Dreams",22.6991564272212,4.12068525519849,0.0244848771266533,1.33322778827977,46
2018,23.9753804347826,5.48380434782609,"B.Coll. House of Dreams",22.6991564272212,4.12068525519849,1.27622400756144,1.3631190926276,46
1992,23.4394565217391,4.37130434782609,"Edward J. Meeman Bio. Stn",24.4951027882798,4.0179465973535,-1.05564626654064,0.353357750472591,46
1993,24.6640217391304,2.55565217391304,"Edward J. Meeman Bio. Stn",24.4951027882798,4.0179465973535,0.16891895085066,-1.46229442344045,46
1994,23.9616304347826,4.92728260869565,"Edward J. Meeman Bio. Stn",24.4951027882798,4.0179465973535,-0.533472353497164,0.909336011342155,46
1995,23.95875,4.17336956521739,"Edward J. Meeman Bio. Stn",24.4951027882798,4.0179465973535,-0.536352788279775,0.155422967863895,46
1996,24.5127717391304,4.36728260869565,"Edward J. Meeman Bio. Stn",24.4951027882798,4.0179465973535,0.0176689508506627,0.349336011342156,46
1997,23.3573369565217,4.39326086956522,"Edward J. Meeman Bio. Stn",24.4951027882798,4.0179465973535,-1.13776583175803,0.375314272211721,46
1998,25.9926630434783,3.61402173913043,"Edward J. Meeman Bio. Stn",24.4951027882798,4.0179465973535,1.49756025519849,-0.403924858223062,46
1999,24.7570108695652,2.87521739130435,"Edward J. Meeman Bio. Stn",24.4951027882798,4.0179465973535,0.261908081285444,-1.14272920604915,46
2000,24.4974456521739,3.41445652173913,"Edward J. Meeman Bio. Stn",24.4951027882798,4.0179465973535,0.00234286389413896,-0.603490075614366,46
2001,24.3432608695652,4.06413043478261,"Edward J. Meeman Bio. Stn",24.4951027882798,4.0179465973535,-0.151841918714556,0.0461838374291119,46
2002,24.0383695652174,3.63695652173913,"Edward J. Meeman Bio. Stn",24.4951027882798,4.0179465973535,-0.456733223062383,-0.380990075614366,46
2003,23.5078260869565,5.96521739130435,"Edward J. Meeman Bio. Stn",24.4951027882798,4.0179465973535,-0.98727670132325,1.94727079395085,46
2004,24.1303804347826,4.47576086956522,"Edward J. Meeman Bio. Stn",24.4951027882798,4.0179465973535,-0.364722353497164,0.457814272211721,46
2005,24.0554891304348,2.71641304347826,"Edward J. Meeman Bio. Stn",24.4951027882798,4.0179465973535,-0.439613657844991,-1.30153355387524,46
2006,24.4486956521739,2.4754347826087,"Edward J. Meeman Bio. Stn",24.4951027882798,4.0179465973535,-0.0464071361058593,-1.5425118147448,46
2007,24.7365217391304,1.48923913043478,"Edward J. Meeman Bio. Stn",24.4951027882798,4.0179465973535,0.241418950850662,-2.52870746691871,46
2008,24.3476086956522,3.15565217391304,"Edward J. Meeman Bio. Stn",24.4951027882798,4.0179465973535,-0.1474940926276,-0.862294423440453,46
2009,23.8198369565217,7.71445652173913,"Edward J. Meeman Bio. Stn",24.4951027882798,4.0179465973535,-0.675265831758033,3.69650992438563,46
2010,26.09875,4.49989130434783,"Edward J. Meeman Bio. Stn",24.4951027882798,4.0179465973535,1.60364721172023,0.481944706994329,46
2011,25.2359239130435,4.5645652173913,"Edward J. Meeman Bio. Stn",24.4951027882798,4.0179465973535,0.740821124763706,0.546618620037807,46
2012,25.4266847826087,2.67869565217391,"Edward J. Meeman Bio. Stn",24.4951027882798,4.0179465973535,0.931581994328923,-1.33925094517958,46
2013,23.3742391304348,5.07728260869565,"Edward J. Meeman Bio. Stn",24.4951027882798,4.0179465973535,-1.12086365784499,1.05933601134216,46
2014,23.2290217391304,5.13054347826087,"Edward J. Meeman Bio. Stn",24.4951027882798,4.0179465973535,-1.26608104914934,1.11259688090737,46
2015,24.7952173913043,3.79304347826087,"Edward J. Meeman Bio. Stn",24.4951027882798,4.0179465973535,0.300114603024575,-0.224903119092627,46
2016,24.5088043478261,4.15347826086956,"Edward J. Meeman Bio. Stn",24.4951027882798,4.0179465973535,0.0137015595463126,0.135531663516068,46
2017,23.9126086956522,4.28902173913044,"Edward J. Meeman Bio. Stn",24.4951027882798,4.0179465973535,-0.582494092627599,0.271075141776938,46
2018,26.3564130434783,3.03391304347826,"Edward J. Meeman Bio. Stn",24.4951027882798,4.0179465973535,1.86131025519849,-0.984033553875236,46
1992,22.9069565217391,5.56065217391304,"Strawberry Plains Audubon",23.9620344990548,4.14767722117202,-1.05507797731569,1.41297495274102,46
1993,24.0951630434783,3.08760869565217,"Strawberry Plains Audubon",23.9620344990548,4.14767722117202,0.133128544423442,-1.06006852551985,46
1994,23.265,5.00271739130435,"Strawberry Plains Audubon",23.9620344990548,4.14767722117202,-0.697034499054819,0.855040170132325,46
1995,23.5973369565217,4.11315217391304,"Strawberry Plains Audubon",23.9620344990548,4.14767722117202,-0.364697542533079,-0.0345250472589793,46
1996,24.0525543478261,4.36108695652174,"Strawberry Plains Audubon",23.9620344990548,4.14767722117202,0.0905198487712688,0.213409735349717,46
1997,22.745652173913,4.6654347826087,"Strawberry Plains Audubon",23.9620344990548,4.14767722117202,-1.21638232514178,0.517757561436673,46
1998,25.5875,3.76804347826087,"Strawberry Plains Audubon",23.9620344990548,4.14767722117202,1.62546550094518,-0.379633742911153,46
1999,24.313152173913,3.53641304347826,"Strawberry Plains Audubon",23.9620344990548,4.14767722117202,0.351117674858223,-0.611264177693762,46
2000,24.3125,2.63858695652174,"Strawberry Plains Audubon",23.9620344990548,4.14767722117202,0.35046550094518,-1.50909026465028,46
2001,23.7578804347826,2.87565217391304,"Strawberry Plains Audubon",23.9620344990548,4.14767722117202,-0.20415406427221,-1.27202504725898,46
2002,23.6463043478261,3.84847826086957,"Strawberry Plains Audubon",23.9620344990548,4.14767722117202,-0.315730151228731,-0.299198960302458,46
2003,23.1517391304348,6.02347826086956,"Strawberry Plains Audubon",23.9620344990548,4.14767722117202,-0.810295368620036,1.87580103969754,46
2004,23.8217934782609,5.45445652173913,"Strawberry Plains Audubon",23.9620344990548,4.14767722117202,-0.140241020793951,1.30677930056711,46
2005,23.4173369565217,2.59336956521739,"Strawberry Plains Audubon",23.9620344990548,4.14767722117202,-0.544697542533079,-1.55430765595463,46
2006,24.120652173913,2.34336956521739,"Strawberry Plains Audubon",23.9620344990548,4.14767722117202,0.158617674858224,-1.80430765595463,46
2007,24.26125,2.62913043478261,"Strawberry Plains Audubon",23.9620344990548,4.14767722117202,0.299215500945181,-1.51854678638941,46
2008,23.723152173913,3.86423913043478,"Strawberry Plains Audubon",23.9620344990548,4.14767722117202,-0.238882325141777,-0.28343809073724,46
2009,23.324402173913,6.4520652173913,"Strawberry Plains Audubon",23.9620344990548,4.14767722117202,-0.637632325141777,2.30438799621928,46
2010,25.4769565217391,5.43336956521739,"Strawberry Plains Audubon",23.9620344990548,4.14767722117202,1.51492202268431,1.28569234404537,46
2011,24.7754891304348,3.02869565217391,"Strawberry Plains Audubon",23.9620344990548,4.14767722117202,0.813454631379962,-1.11898156899811,46
2012,24.5955434782609,2.65336956521739,"Strawberry Plains Audubon",23.9620344990548,4.14767722117202,0.633508979206049,-1.49430765595463,46
2013,22.9189673913043,4.13173913043478,"Strawberry Plains Audubon",23.9620344990548,4.14767722117202,-1.04306710775047,-0.0159380907372402,46
2014,22.9202717391304,5.17402173913043,"Strawberry Plains Audubon",23.9620344990548,4.14767722117202,-1.04176275992439,1.02634451795841,46
2015,24.3034239130435,4.15608695652174,"Strawberry Plains Audubon",23.9620344990548,4.14767722117202,0.341389413988658,0.00840973534971656,46
2016,24.2341304347826,4.7520652173913,"Strawberry Plains Audubon",23.9620344990548,4.14767722117202,0.272095935727791,0.604387996219281,46
2017,23.6511956521739,3.44630434782609,"Strawberry Plains Audubon",23.9620344990548,4.14767722117202,-0.310838846880905,-0.701372873345936,46
2018,25.5338586956522,4.85239130434783,"Strawberry Plains Audubon",23.9620344990548,4.14767722117202,1.57182419659735,0.704714083175803,46
1992,19.5091304347826,5.0229347826087,"Dry Fork Meadow",21.3787003780718,3.87088374291115,-1.86956994328922,1.15205103969754,46
1993,21.5786956521739,2.51739130434783,"Dry Fork Meadow",21.3787003780718,3.87088374291115,0.199995274102079,-1.35349243856333,46
1994,20.8723913043478,2.43021739130435,"Dry Fork Meadow",21.3787003780718,3.87088374291115,-0.506309073724008,-1.44066635160681,46
1995,21.259347826087,4.42597826086956,"Dry Fork Meadow",21.3787003780718,3.87088374291115,-0.119352551984878,0.555094517958412,46
1996,20.393152173913,6.06097826086957,"Dry Fork Meadow",21.3787003780718,3.87088374291115,-0.985548204158789,2.19009451795841,46
1997,19.7582608695652,5.13673913043478,"Dry Fork Meadow",21.3787003780718,3.87088374291115,-1.62043950850662,1.26585538752363,46
1998,21.7515760869565,5.7029347826087,"Dry Fork Meadow",21.3787003780718,3.87088374291115,0.372875708884688,1.83205103969754,46
1999,22.5669565217391,2.21608695652174,"Dry Fork Meadow",21.3787003780718,3.87088374291115,1.1882561436673,-1.65479678638941,46
2000,21.1676630434783,3.66630434782609,"Dry Fork Meadow",21.3787003780718,3.87088374291115,-0.211037334593573,-0.204579395085066,46
2001,20.9741847826087,4.96032608695652,"Dry Fork Meadow",21.3787003780718,3.87088374291115,-0.404515595463138,1.08944234404537,46
2002,21.5782608695652,3.66260869565217,"Dry Fork Meadow",21.3787003780718,3.87088374291115,0.199560491493383,-0.208275047258979,46
2003,20.2189673913043,5.62315217391304,"Dry Fork Meadow",21.3787003780718,3.87088374291115,-1.15973298676749,1.75226843100189,46
2004,21.709347826087,4.19630434782609,"Dry Fork Meadow",21.3787003780718,3.87088374291115,0.330647448015124,0.325420604914934,46
2005,21.2575543478261,2.64630434782609,"Dry Fork Meadow",21.3787003780718,3.87088374291115,-0.121146030245747,-1.22457939508507,46
2006,20.8146195652174,3.2854347826087,"Dry Fork Meadow",21.3787003780718,3.87088374291115,-0.564080812854442,-0.585448960302458,46
2007,21.7711413043478,2.24032608695652,"Dry Fork Meadow",21.3787003780718,3.87088374291115,0.392440926275992,-1.63055765595463,46
2008,20.5052173913043,4.23467391304348,"Dry Fork Meadow",21.3787003780718,3.87088374291115,-0.873482986767485,0.363790170132325,46
2009,20.7225,3.65652173913043,"Dry Fork Meadow",21.3787003780718,3.87088374291115,-0.656200378071834,-0.214362003780718,46
2010,22.7023369565217,4.01054347826087,"Dry Fork Meadow",21.3787003780718,3.87088374291115,1.32363657844991,0.139659735349716,46
2011,22.4126086956522,5.37076086956522,"Dry Fork Meadow",21.3787003780718,3.87088374291115,1.03390831758034,1.49987712665406,46
2012,23.2485869565217,3.51391304347826,"Dry Fork Meadow",21.3787003780718,3.87088374291115,1.8698865784499,-0.356970699432892,46
2013,21.3083695652174,4.01869565217391,"Dry Fork Meadow",21.3787003780718,3.87088374291115,-0.0703308128544435,0.14781190926276,46
2014,20.920652173913,3.14652173913043,"Dry Fork Meadow",21.3787003780718,3.87088374291115,-0.458048204158789,-0.724362003780719,46
2015,21.93375,3.82239130434783,"Dry Fork Meadow",21.3787003780718,3.87088374291115,0.555049621928166,-0.048492438563327,46
2016,21.3401630434783,3.24413043478261,"Dry Fork Meadow",21.3787003780718,3.87088374291115,-0.038537334593574,-0.626753308128544,46
2017,21.0296739130435,4.84152173913043,"Dry Fork Meadow",21.3787003780718,3.87088374291115,-0.349026465028356,0.970637996219281,46
2018,23.4054347826087,3.25347826086957,"Dry Fork Meadow",21.3787003780718,3.87088374291115,2.02673440453686,-0.617405482041588,46
1992,20.7128260869565,3.19010869565217,"Hance Pond",22.4648239603025,3.68175330812854,-1.75199787334594,-0.49164461247637,46
1993,22.7788043478261,1.8275,"Hance Pond",22.4648239603025,3.68175330812854,0.313980387523628,-1.85425330812854,46
1994,22.7805434782609,3.50173913043478,"Hance Pond",22.4648239603025,3.68175330812854,0.315719517958414,-0.180014177693762,46
1995,22.7801086956522,3.16032608695652,"Hance Pond",22.4648239603025,3.68175330812854,0.315284735349717,-0.521427221172023,46
1996,21.4444565217391,5.4895652173913,"Hance Pond",22.4648239603025,3.68175330812854,-1.02036743856333,1.80781190926276,46
1997,21.2421195652174,2.71782608695652,"Hance Pond",22.4648239603025,3.68175330812854,-1.22270439508507,-0.963927221172022,46
1998,22.6428260869565,3.09152173913043,"Hance Pond",22.4648239603025,3.68175330812854,0.178002126654064,-0.59023156899811,46
1999,22.8822282608696,1.4954347826087,"Hance Pond",22.4648239603025,3.68175330812854,0.417404300567107,-2.18631852551985,46
2000,21.6878260869565,4.21782608695652,"Hance Pond",22.4648239603025,3.68175330812854,-0.776997873345934,0.536072778827977,46
2001,21.6639673913043,4.22880434782609,"Hance Pond",22.4648239603025,3.68175330812854,-0.80085656899811,0.547051039697543,46
2002,22.4499456521739,2.28826086956522,"Hance Pond",22.4648239603025,3.68175330812854,-0.0148783081285444,-1.39349243856333,46
2003,20.8309239130435,6.4654347826087,"Hance Pond",22.4648239603025,3.68175330812854,-1.63390004725898,2.78368147448015,46
2004,22.7884239130435,4.71260869565217,"Hance Pond",22.4648239603025,3.68175330812854,0.32359995274102,1.03085538752363,46
2005,21.6092934782609,3.71021739130435,"Hance Pond",22.4648239603025,3.68175330812854,-0.855530482041587,0.0284640831758032,46
2006,22.275,3.80836956521739,"Hance Pond",22.4648239603025,3.68175330812854,-0.189823960302459,0.126616257088847,46
2007,22.793097826087,1.58195652173913,"Hance Pond",22.4648239603025,3.68175330812854,0.328273865784499,-2.09979678638941,46
2008,22.0398369565217,5.12663043478261,"Hance Pond",22.4648239603025,3.68175330812854,-0.424987003780718,1.44487712665406,46
2009,21.5929891304348,5.09630434782609,"Hance Pond",22.4648239603025,3.68175330812854,-0.871834829867673,1.41455103969754,46
2010,24.2173913043478,2.65228260869565,"Hance Pond",22.4648239603025,3.68175330812854,1.75256734404537,-1.02947069943289,46
2011,24.1639673913043,2.55891304347826,"Hance Pond",22.4648239603025,3.68175330812854,1.69914343100189,-1.12284026465028,46
2012,23.726902173913,2.74467391304348,"Hance Pond",22.4648239603025,3.68175330812854,1.26207821361059,-0.937079395085066,46
2013,22.6102717391304,4.27173913043478,"Hance Pond",22.4648239603025,3.68175330812854,0.145447778827979,0.589985822306238,46
2014,22.2533695652174,3.79782608695652,"Hance Pond",22.4648239603025,3.68175330812854,-0.211454395085067,0.116072778827977,46
2015,23.4054891304348,5.08586956521739,"Hance Pond",22.4648239603025,3.68175330812854,0.940665170132327,1.40411625708885,46
2016,22.1002173913043,4.46576086956522,"Hance Pond",22.4648239603025,3.68175330812854,-0.364606568998109,0.784007561436673,46
2017,22.5304891304348,5.31586956521739,"Hance Pond",22.4648239603025,3.68175330812854,0.065665170132327,1.63411625708885,46
2018,23.57,6.45282608695652,"Hance Pond",22.4648239603025,3.68175330812854,1.10517603969754,2.77107277882798,46
1992,20.6829891304348,3.91608695652174,"Flag Ponds Nature Park",22.6365949905482,3.7029820415879,-1.95360586011342,0.213104914933838,46
1993,23.065597826087,2.13,"Flag Ponds Nature Park",22.6365949905482,3.7029820415879,0.429002835538753,-1.5729820415879,46
1994,22.654347826087,3.96923913043478,"Flag Ponds Nature Park",22.6365949905482,3.7029820415879,0.0177528355387508,0.266257088846881,46
1995,22.7328260869565,3.65967391304348,"Flag Ponds Nature Park",22.6365949905482,3.7029820415879,0.0962310964083173,-0.0433081285444232,46
1996,21.7077717391304,5.33434782608696,"Flag Ponds Nature Park",22.6365949905482,3.7029820415879,-0.928823251417768,1.63136578449905,46
1997,20.9335326086957,2.63652173913043,"Flag Ponds Nature Park",22.6365949905482,3.7029820415879,-1.70306238185255,-1.06646030245747,46
1998,22.3882608695652,3.19869565217391,"Flag Ponds Nature Park",22.6365949905482,3.7029820415879,-0.248334120982985,-0.504286389413989,46
1999,22.7952717391304,1.85097826086957,"Flag Ponds Nature Park",22.6365949905482,3.7029820415879,0.158676748582231,-1.85200378071834,46
2000,21.9886413043478,4.92934782608696,"Flag Ponds Nature Park",22.6365949905482,3.7029820415879,-0.647953686200378,1.22636578449905,46
2001,21.5175543478261,4.94869565217391,"Flag Ponds Nature Park",22.6365949905482,3.7029820415879,-1.11904064272212,1.24571361058601,46
2002,22.6807608695652,1.61380434782609,"Flag Ponds Nature Park",22.6365949905482,3.7029820415879,0.0441658790170152,-2.08917769376181,46
2003,21.5648913043478,5.15532608695652,"Flag Ponds Nature Park",22.6365949905482,3.7029820415879,-1.07170368620038,1.45234404536862,46
2004,23.1775,4.84826086956522,"Flag Ponds Nature Park",22.6365949905482,3.7029820415879,0.540905009451794,1.14527882797732,46
2005,21.9411956521739,3.06586956521739,"Flag Ponds Nature Park",22.6365949905482,3.7029820415879,-0.69539933837429,-0.63711247637051,46
2006,22.409402173913,5.02239130434783,"Flag Ponds Nature Park",22.6365949905482,3.7029820415879,-0.22719281663516,1.31940926275992,46
2007,22.5736956521739,1.43836956521739,"Flag Ponds Nature Park",22.6365949905482,3.7029820415879,-0.0628993383742902,-2.26461247637051,46
2008,22.128152173913,5.68945652173913,"Flag Ponds Nature Park",22.6365949905482,3.7029820415879,-0.50844281663516,1.98647448015123,46
2009,22.1578260869565,3.7770652173913,"Flag Ponds Nature Park",22.6365949905482,3.7029820415879,-0.478768903591682,0.0740831758034028,46
2010,24.3783695652174,1.67771739130435,"Flag Ponds Nature Park",22.6365949905482,3.7029820415879,1.74177457466919,-2.02526465028355,46
2011,23.8358152173913,3.24467391304348,"Flag Ponds Nature Park",22.6365949905482,3.7029820415879,1.1992202268431,-0.458308128544423,46
2012,23.9167934782609,2.03858695652174,"Flag Ponds Nature Park",22.6365949905482,3.7029820415879,1.28019848771267,-1.66439508506616,46
2013,22.8532608695652,4.79804347826087,"Flag Ponds Nature Park",22.6365949905482,3.7029820415879,0.216665879017015,1.09506143667297,46
2014,22.326902173913,2.95402173913043,"Flag Ponds Nature Park",22.6365949905482,3.7029820415879,-0.30969281663516,-0.748960302457467,46
2015,23.4134239130435,4.24619565217391,"Flag Ponds Nature Park",22.6365949905482,3.7029820415879,0.776828922495273,0.543213610586012,46
2016,22.3040217391304,4.10978260869565,"Flag Ponds Nature Park",22.6365949905482,3.7029820415879,-0.33257325141777,0.406800567107751,46
2017,22.7028260869565,4.83119565217391,"Flag Ponds Nature Park",22.6365949905482,3.7029820415879,0.0662310964083161,1.12821361058601,46
2018,23.8220108695652,7.38423913043478,"Flag Ponds Nature Park",22.6365949905482,3.7029820415879,1.18541587901701,3.68125708884688,46
1992,20.5008152173913,3.38228260869565,"Ward Road",22.4329206049149,3.67920368620038,-1.93210538752363,-0.296921077504726,46
1993,22.6978260869565,2.00804347826087,"Ward Road",22.4329206049149,3.67920368620038,0.264905482041588,-1.67116020793951,46
1994,22.5790217391304,3.60358695652174,"Ward Road",22.4329206049149,3.67920368620038,0.146101134215503,-0.075616729678639,46
1995,22.5001630434783,3.28554347826087,"Ward Road",22.4329206049149,3.67920368620038,0.0672424385633263,-0.393660207939508,46
1996,21.4378804347826,4.61673913043478,"Ward Road",22.4329206049149,3.67920368620038,-0.995040170132324,0.937535444234405,46
1997,20.8796739130435,2.42760869565217,"Ward Road",22.4329206049149,3.67920368620038,-1.55324669187145,-1.2515949905482,46
1998,22.336902173913,3.40032608695652,"Ward Road",22.4329206049149,3.67920368620038,-0.096018431001891,-0.278877599243856,46
1999,22.5986956521739,1.64586956521739,"Ward Road",22.4329206049149,3.67920368620038,0.165775047258979,-2.03333412098299,46
2000,21.6771195652174,5.02,"Ward Road",22.4329206049149,3.67920368620038,-0.755801039697541,1.34079631379962,46
2001,21.4874456521739,4.29467391304348,"Ward Road",22.4329206049149,3.67920368620038,-0.945474952741019,0.6154702268431,46
2002,22.4740217391304,2.13282608695652,"Ward Road",22.4329206049149,3.67920368620038,0.0411011342155021,-1.54637759924386,46
2003,21.1684782608696,5.77010869565217,"Ward Road",22.4329206049149,3.67920368620038,-1.26444234404537,2.0909050094518,46
2004,22.9953260869565,4.6,"Ward Road",22.4329206049149,3.67920368620038,0.562405482041587,0.920796313799622,46
2005,21.7925543478261,3.85097826086957,"Ward Road",22.4329206049149,3.67920368620038,-0.640366257088846,0.171774574669187,46
2006,22.2857065217391,5.26597826086957,"Ward Road",22.4329206049149,3.67920368620038,-0.147214083175804,1.58677457466919,46
2007,22.5816847826087,1.47652173913043,"Ward Road",22.4329206049149,3.67920368620038,0.148764177693764,-2.20268194706994,46
2008,22.0791847826087,5.81315217391304,"Ward Road",22.4329206049149,3.67920368620038,-0.353735822306238,2.13394848771267,46
2009,21.8366304347826,4.18282608695652,"Ward Road",22.4329206049149,3.67920368620038,-0.596290170132324,0.503622400756143,46
2010,24.1638586956522,1.94771739130435,"Ward Road",22.4329206049149,3.67920368620038,1.73093809073724,-1.73148629489603,46
2011,23.8585326086957,2.30978260869565,"Ward Road",22.4329206049149,3.67920368620038,1.42561200378072,-1.36942107750473,46
2012,23.7377717391304,2.48554347826087,"Ward Road",22.4329206049149,3.67920368620038,1.3048511342155,-1.19366020793951,46
2013,22.6458152173913,4.46228260869565,"Ward Road",22.4329206049149,3.67920368620038,0.212894612476372,0.783078922495274,46
2014,22.2758695652174,2.2720652173913,"Ward Road",22.4329206049149,3.67920368620038,-0.157051039697542,-1.40713846880907,46
2015,23.3515760869565,3.96804347826087,"Ward Road",22.4329206049149,3.67920368620038,0.91865548204159,0.288839792060492,46
2016,22.1816304347826,4.51684782608696,"Ward Road",22.4329206049149,3.67920368620038,-0.251290170132325,0.837644139886578,46
2017,22.6501086956522,4.06826086956522,"Ward Road",22.4329206049149,3.67920368620038,0.217188090737242,0.38905718336484,46
2018,23.666847826087,7.7345652173913,"Ward Road",22.4329206049149,3.67920368620038,1.23392722117202,4.05536153119093,46
